wt_position,n_observed,A,R,N,D,C,Q,E,G,H,I,L,K,M,F,P,S,T,W,Y,V
0,34978,0.07497571289787988,0.03480198868506772,0.021915538030744613,0.025944339676552946,0.0030858906223212757,0.019543973941368076,0.015000857191839533,0.022315560889193668,0.21324075661466368,0.09734841990970913,0.15632321846962682,0.024772844162523573,0.03203040173724213,0.05166009486256357,0.006314646551231499,0.03180181724669981,0.028258757643293903,0.014886564946568375,0.0178295902623007,0.10794902565860906
1,39575,0.0725596666245738,0.08225786084101527,0.02881676979416593,0.10882687207980805,0.002449804268215684,0.04450056825356737,0.03760575830281601,0.034196236898598305,0.008864755650966031,0.06329081954792272,0.05942669528980932,0.02411920697057709,0.014825104179820685,0.040484909710822074,0.25344109104684936,0.0358883697436545,0.02826114408384897,0.004343982826114408,0.00997600707159995,0.04586437681525445
2,41464,0.09798958634654324,0.054502940892874364,0.024346736091023044,0.0775961816603992,0.002964998553659242,0.04150997975122939,0.4019863079741587,0.07472760582393212,0.009232475171150323,0.02128531482017163,0.024732426959791727,0.020562144441230355,0.012318002121299779,0.015861536978112042,0.009907434191495517,0.048645260823450005,0.020176453572461672,0.006098736862404783,0.011257352232185902,0.02429852473242696
3,41771,0.10825297312818549,0.05187719843985547,0.020243593118135485,0.025340384293268885,0.006843578760977244,0.023976454260486706,0.01801823359096456,0.04115718695412888,0.008829652317484626,0.04989112488334809,0.06822043023617526,0.020363236103467255,0.02345002512502692,0.0319925342777153,0.009164652676413582,0.04469861931994927,0.36653824986241057,0.0083750089732239,0.030006460721207915,0.0427604029575746
4,45104,0.07175782288804183,0.015379842212569808,0.010703838312206365,0.01274266465738853,0.003058239517773247,0.013762077829979612,0.00844340040776527,0.027546316815885118,0.004919776615548267,0.03907011789734952,0.6399476996720149,0.005141388174807198,0.01052654906479922,0.03173477528587891,0.008687173122950092,0.028565729988476198,0.012255119227018881,0.0029474337381437815,0.018238631327010018,0.03457140324439323
5,41206,0.07136273225634308,0.04579634211419978,0.019283947023722894,0.04111483044680542,0.003759763256197545,0.053146072866637556,0.03786445447047979,0.036554601465094844,0.015257361859021006,0.026027264347741715,0.02978702760393926,0.01695531945859409,0.013559404259447922,0.015742492601756173,0.011424828991413186,0.029471692621161404,0.021806626885945764,0.006694804249745306,0.008053170329403773,0.4963372628923495
6,40454,0.1256115036813757,0.06540000988288779,0.021198794287690864,0.025127242180165044,0.004867322231556061,0.03733260858822948,0.03972920887483323,0.05833374512032416,0.012971290210999653,0.05102040816326531,0.03236645747887533,0.3123980827197707,0.014008993427879627,0.021865889212827987,0.020655235459801354,0.04630132924840638,0.028635667341997333,0.004990858328803676,0.016652665908978605,0.06053268765133172
7,44129,0.05547124510181431,0.0377584996262656,0.0221522571292668,0.019162381933905636,0.0030125257650229905,0.029717547396317018,0.0318013998052051,0.03325103626356203,0.015243833382409568,0.03531223810278829,0.038777775261047816,0.015107929964438606,0.013069378694874177,0.020000453011393235,0.009581190966952818,0.027928152393032684,0.02434936238646402,0.006047702099707807,0.02111033092482276,0.5411447597907088
8,42519,0.08349984719904088,0.06676226521544935,0.021627212675427256,0.023766426103105386,0.004607536613460589,0.03105385646112979,0.019864124685582643,0.041467829521145305,0.018712240532217494,0.06734996121206423,0.06441148122898986,0.30668327887350433,0.02456569265850161,0.03359270316650603,0.030043019346952207,0.03831777897928959,0.03627259691106984,0.0059944991654716845,0.015209572392392862,0.06619807705869908
9,44983,0.062351398795635844,0.03626424905006333,0.02486500899940004,0.47132413394662576,0.004421927427060418,0.028309223829522476,0.02750927715930049,0.0378863631313468,0.011443681532342289,0.04755238539652912,0.042530497966802215,0.014399040063995734,0.019287603048685643,0.02430949047841255,0.015576739328489212,0.03475323867297736,0.03888629646912428,0.005799613359109393,0.013532431171255249,0.038997400173321775
10,46660,0.6388817480719794,0.027892030848329048,0.02037275064267352,0.014867180805484147,0.002634961439588689,0.015145672664952871,0.02506426735218509,0.056683804627249354,0.015381319622964866,0.018594687232219367,0.018658954584404457,0.01683804627249357,0.0069622964867180805,0.022600685518423307,0.012874892887746358,0.02731362467866324,0.021229648671808054,0.004927163667523565,0.014138817480719794,0.018937446443873178
11,44177,0.05622553566984184,0.03448197841482453,0.029278005294477,0.021426793673778765,0.004932461479285924,0.017173111297146864,0.3921759395434079,0.07916826933954793,0.017557752788650814,0.05050116523745955,0.04473154286490033,0.02477543724687196,0.015363033690069462,0.028802859922619183,0.021517297554132633,0.03590741453039799,0.036495689752698145,0.007195058488132679,0.019186822635020476,0.06310383057673598
12,44586,0.061449132403712504,0.0413845670985966,0.028381832040532663,0.3757342061606062,0.004595794287763978,0.01921266197372551,0.029883872124826256,0.08480921849078599,0.023494597139398287,0.03382952965968704,0.03486078106084383,0.030825449491099853,0.021633860915571897,0.017755458906873516,0.02903196879343586,0.0414742411334798,0.03409855176433663,0.008720799892391159,0.019257498991167108,0.05956597767116532
13,45760,0.07761031017911751,0.04307557885539537,0.015159458278724334,0.017343818261249453,0.00399737876802097,0.32064220183486236,0.04161205766710354,0.06308431629532547,0.017234600262123197,0.06227610310179117,0.04054172127566623,0.02472695500218436,0.012603757099169943,0.029947575360419396,0.023176059414591523,0.048034076015727394,0.04366535605067715,0.010048055919615552,0.02291393621668851,0.08230668414154653
14,48298,0.04925700567076452,0.030692495550312515,0.02464919905625233,0.022579576969245417,0.003808104640092719,0.008940767415869862,0.015211722339500806,0.025932364750196613,0.017136470880417237,0.026656732480649033,0.5007657601721925,0.016950204892586612,0.006871145328862949,0.018481725236971728,0.09644438925452213,0.03611490541827062,0.03892959145660003,0.006684879341032328,0.015977482511693366,0.03791547663396664
15,49376,0.04512511134504818,0.014778524576888817,0.011964531541015467,0.01178233055308122,0.0053445623127378735,0.01099279293869949,0.01423192161308608,0.6008178799902826,0.010102032553243177,0.03818122924933193,0.02745161551542635,0.015446594865981052,0.00998056522795368,0.018240343347639486,0.015993197829783787,0.039254190622722486,0.026317920479391042,0.00536480686695279,0.011620374119361891,0.06700947445137258
16,50305,0.6493392945851962,0.021142573273720815,0.013611525086934924,0.015340288127173373,0.00403378042722305,0.015658221559860904,0.0250173869846001,0.02126179831097864,0.013869846000993542,0.028633879781420766,0.02181818181818182,0.02819672131147541,0.012995529061102832,0.01752608047690015,0.007332339791356185,0.017605563835072034,0.023447590660705415,0.011425732737208148,0.01788375558867362,0.03385991058122206
17,48296,0.09673814057455088,0.37979137345806774,0.013742859508237436,0.01504677539531418,0.008858349201092805,0.021690537296133787,0.023077241493501117,0.04218064409305406,0.013411706267075088,0.051059690371719514,0.04346386290255816,0.021814719761569665,0.011900819604271877,0.021773325606424372,0.01912409967712559,0.07020448712641775,0.04557496481496812,0.008113254408477523,0.015088169550459475,0.07734497888898087
18,49841,0.038567216862878805,0.022582780128757945,0.027035157738513067,0.039529893102825855,0.002406690599867632,0.014700868414191453,0.018270792803995108,0.024628467138645433,0.022803393433745812,0.023846292693688455,0.015964380979121957,0.02930145805338842,0.005214496299713203,0.02244238984376567,0.02504963799362227,0.02424740779366639,0.021158821523836264,0.006056838009666874,0.01955436112392451,0.5966386554621849
19,47452,0.04356252106504887,0.016346477923828782,0.008320694304010785,0.01470340411189754,0.0026331311088641724,0.010258678800134816,0.012154533198517021,0.7165276373441186,0.009668857431749242,0.02148634984833165,0.017420795416245367,0.011648972025615099,0.0047185709470845974,0.010511459386585776,0.01339737108190091,0.01744186046511628,0.023908830468486686,0.002591001011122346,0.009584597236265589,0.033114256825075836
20,42607,0.0753982217843151,0.05766298355502381,0.022098669857132804,0.03432097027705445,0.007178548807094095,0.028878410397166116,0.04487765969925165,0.04098341426795224,0.016327679639665003,0.029347596593708215,0.044572688671499286,0.05193891195721022,0.014192882445398456,0.0201515471414831,0.013301428671968471,0.05831984423018275,0.04541722382527506,0.005700612287986488,0.31156309381378,0.0777676120768527
21,43536,0.0740196528606851,0.03356598402057122,0.02796400036734319,0.02518596749012765,0.0036045550555606574,0.020180916521259987,0.01728808889705207,0.10531270089080724,0.016530443566902378,0.40830195610248876,0.036137386353200476,0.02672421709982551,0.007920837542474057,0.01579575718615116,0.031132335384332813,0.028767563596289833,0.040407750941316926,0.0068876848195426575,0.006244834236385343,0.06802736706768299
22,44340,0.06862037871956718,0.03095130748422002,0.019071235347159602,0.0419522091974752,0.0037646528403967538,0.016568981064021642,0.3417493237150586,0.04790351668169522,0.019679891794409377,0.034039675383228135,0.04231289449954914,0.027006311992786292,0.014134355275022542,0.022227231740306583,0.01566726780883679,0.038796212804328226,0.046979260595130745,0.007980162308385934,0.021573489630297565,0.13902164111812443
23,45866,0.10020485551148499,0.03909689229830449,0.020965000217931396,0.013620712199799503,0.0035740748812273897,0.0170858213834285,0.011310639410713507,0.03617661160266748,0.01913437649827834,0.021248311031687225,0.44702087782765987,0.03234101904720394,0.0076058056923680424,0.01913437649827834,0.01896003138212091,0.022991762193261562,0.0384648912522338,0.014644989757224426,0.029268186374929173,0.08715076493919714
24,47183,0.05080185581424909,0.0235790098086986,0.014151642904052708,0.5575281232125077,0.0026693218651356906,0.017435332500052962,0.015189712518272143,0.027752473359744085,0.01540156345994958,0.024807745270427728,0.022223163781963012,0.01760481325339491,0.009024850115458763,0.016079486473317375,0.011948393110607377,0.02879054297396352,0.03484947990593818,0.0055504946719488165,0.023028197360337267,0.08158379763998051
25,44323,0.06790248742755339,0.038901292199445235,0.011726766344180592,0.02877568049072007,0.0033150666396048983,0.02140134857812958,0.025347856482421126,0.04920731569808087,0.02086011320839817,0.02740004059265273,0.46083936585255847,0.03860812304084072,0.011320839816882033,0.0211983853144803,0.02122093678821911,0.024423246059129964,0.038991498094400466,0.01120808244818799,0.019822745416412962,0.057528809507701326
26,44934,0.13738488232415358,0.053276682831338705,0.2764381367620234,0.03436846554255461,0.005361035725408195,0.027116608088268008,0.029474574008986964,0.04789340214441429,0.03412377096587623,0.01721760021355163,0.017640254482359747,0.03674867642478979,0.006495528762735241,0.02086577390221115,0.041953997419584464,0.0330115228900654,0.05136361614094408,0.05556791386750901,0.021088223517373314,0.05260933398585221
27,45879,0.07305170047277719,0.03270223752151463,0.021394801629665134,0.048715658293209,0.0018301052310507853,0.022505936948517397,0.02533824266323885,0.06865073313144077,0.021634458267064643,0.02479356848733088,0.014401185211006775,0.02764766116908865,0.005250659055752849,0.03453234275256541,0.016405586178348114,0.42512908777969016,0.057169001503300725,0.010479531144469378,0.02976099697161158,0.03860650558835704
28,48946,0.027876485724788628,0.017216027447616713,0.01139566229628722,0.029387738430747865,0.0018380100477882611,0.01654209043009435,0.0171956051137524,0.7077564024016665,0.007515418862067557,0.00986398725646367,0.02101458154637912,0.017358983784666913,0.004309112445370257,0.005881632152922436,0.009680186251684842,0.018339255810153984,0.04305027978597394,0.004329534779234571,0.00798513254094678,0.02146387289139403
29,43662,0.07188315553317155,0.04182500801245364,0.015040520122705004,0.037131999450574604,0.002747126963051142,0.020397417700654733,0.024678357218076097,0.03960441371732064,0.014742914701707797,0.01227050043496177,0.02216015750194588,0.4787784442104299,0.009935442516368298,0.015383910993086397,0.024724142667460283,0.03578132869374113,0.05556064282770935,0.008172702715077149,0.023945790027929126,0.045236023991575475
30,42745,0.06432830585759383,0.03231614638138665,0.02350052613118204,0.0658716239915819,0.002642347714252309,0.018613352040219806,0.019081024202034374,0.05237928212323161,0.016742663392961533,0.4014965509178066,0.03509879574418333,0.021419385011107215,0.00701508242721852,0.010148485911376126,0.044335320940021045,0.026517011574886003,0.05403951829767333,0.011317666315912545,0.03339179235356016,0.05974511867181106
31,43065,0.06315423001044447,0.026459324590924916,0.02281536497620982,0.043913194847394685,0.0024138331205756066,0.014250899384936754,0.009330393408378787,0.04159220146222583,0.013438551700127655,0.016711152373215736,0.5256121620053383,0.014181269583381687,0.005848903330625508,0.014088429847974933,0.03474527097597772,0.02228153649762098,0.040153185563421144,0.009167923871416966,0.02044795172333759,0.05939422072647093
32,41359,0.09318736557190846,0.033398583822712005,0.017641798980159017,0.050847048019526817,0.0024166847918026054,0.019333478334420843,0.40928973633968924,0.053698736073853885,0.015515116363372725,0.014427608207061553,0.02815437782450035,0.03598443654994079,0.010198409821406993,0.011310084825636193,0.03637110611662921,0.02730853814736944,0.060392952947147104,0.013291766354914329,0.021315159863698977,0.0459170110442495
33,42619,0.07439198855507868,0.02568071483852811,0.018269659232158352,0.04373929970215061,0.0019231220244377214,0.019629916273833814,0.018551091723539484,0.055043504772626,0.017261192804709304,0.015244259949811205,0.027017519172588475,0.026267032528905464,0.006449494594150894,0.013438401463448955,0.06400243908159196,0.45460728441098525,0.05171322029128263,0.013039705433992355,0.02073219353174324,0.03299795961443749
34,41090,0.07482364388226709,0.02330333252250061,0.03303332522500608,0.06655315008513743,0.005035271223546582,0.026854779858915104,0.014740938944295791,0.08234006324495256,0.02775480418389686,0.024349306738019945,0.04383361712478716,0.03018730235952323,0.025979080515689614,0.29992702505473123,0.030600827049379713,0.01933836049622963,0.048722938457796156,0.01313549014838239,0.03933349549987838,0.07015324738506445
35,43405,0.05913644214162349,0.42300518134715026,0.022360391479562463,0.060218767990788714,0.0031088082901554403,0.02201496833621186,0.015912492803684515,0.046493955094991365,0.007691421991940127,0.022728842832469776,0.04506620610247553,0.03511801957397812,0.0070236039147956245,0.009303396660909614,0.021070811744386873,0.022337363270005756,0.1054691997697179,0.011283822682786413,0.011329879101899828,0.049326424870466325
36,44238,0.05068010303222016,0.012427131817976412,0.014415472908852638,0.037213611098558454,0.002327262867730128,0.012517510958470784,0.010348411586605811,0.033937367255637396,0.009083103619684577,0.020267522255863347,0.031225993040806182,0.017194631479054635,0.006394324189976953,0.006394324189976953,0.6129739256179674,0.020651633602964434,0.036309819693614714,0.006936599032943197,0.017669121966650096,0.04103212978444575
37,43937,0.058306981823145344,0.01926883090292786,0.04829719953591009,0.1467343085287895,0.0026616921081966467,0.03052983597606752,0.34506449484723706,0.062151648201651616,0.019337079418522647,0.020247059626453123,0.028664376549810043,0.019678321996496575,0.015492413040016379,0.008053324840184726,0.011215506062743135,0.0312578201424119,0.04647723912004914,0.029779102304524876,0.015810906112792046,0.04097185886206975
38,44980,0.05797777777777778,0.018666666666666668,0.02631111111111111,0.059133333333333336,0.003288888888888889,0.02408888888888889,0.2859111111111111,0.04871111111111111,0.023822222222222224,0.015488888888888889,0.03728888888888889,0.029377777777777777,0.012088888888888889,0.01622222222222222,0.015622222222222221,0.059133333333333336,0.2010888888888889,0.011177777777777778,0.021755555555555556,0.03284444444444445
39,45152,0.04626759939785708,0.42858407863278136,0.01903834233596033,0.02390861595678739,0.0027450633135570708,0.03205525546798902,0.007238997609138404,0.034844593996280884,0.01571770123085097,0.059461613388824934,0.09895510493225892,0.030616310989108296,0.008368015584875587,0.006552731780749136,0.03023997166386257,0.020565837244310634,0.02877888957761445,0.0059771539891968475,0.02012308509696272,0.07996103781103338
40,44933,0.0412875670144373,0.012279491913776612,0.017017774119636064,0.03323471181011278,0.0033145729984650637,0.022423420016461637,0.01103374635730652,0.024603474740284296,0.029875647898916648,0.04244433074544524,0.04148777612172714,0.025404311169443642,0.010833537250016683,0.4943162858986052,0.009343091673525683,0.016995528663270528,0.05003003136609348,0.01830801058883723,0.040998376081685314,0.05476831357195293
41,44732,0.050791026099392206,0.12915623882731497,0.036355917053986414,0.0593716481944941,0.005340543439399357,0.04147300679299249,0.03291473006792992,0.0357079013228459,0.02028959599570969,0.017719878441186988,0.03689220593493028,0.023440293171254917,0.007731498033607436,0.007865570253843403,0.350464783696818,0.03838934572756525,0.0323337504469074,0.022390060779406508,0.02652395423668216,0.02484805148373257
42,44670,0.06786753188632803,0.0128887894383531,0.017587827254419333,0.02656075184605057,0.005392705303199821,0.013604833296039382,0.015059297381964645,0.04323114790780935,0.009957484895949878,0.22195121951219512,0.12275676885209219,0.01633475050346834,0.16522712016110988,0.008368762586708435,0.01423137167151488,0.05258447079883643,0.04898187513985232,0.016245245021257553,0.01631237413291564,0.10485567240993511
43,47443,0.2544297663443103,0.018941069886016477,0.021047974211491058,0.03507995701915176,0.015527884878747657,0.01569643722478562,0.015401470619219182,0.1890103870383246,0.013104944904451889,0.026357373111687,0.02831679413437836,0.023449845142532077,0.115458357036007,0.03845100393991109,0.012198976044497819,0.027368687187914797,0.04165349851463245,0.032024945747213616,0.04757389966921602,0.02890672734551124
44,50120,0.022716394096529716,0.007140007977662545,0.008695652173913044,0.025588352612684485,0.0023932987634623054,0.0061029118468288795,0.006800957319505385,0.013581970482648585,0.007558835261268449,0.03360590347028321,0.015137614678899083,0.020741922616673316,0.010151575588352613,0.004168328679696849,0.006122856003191065,0.7658157159952134,0.013761467889908258,0.0027722377343438374,0.006362185879537296,0.020781810929397685
45,51072,0.044625381664448446,0.00428638534408518,0.02425037187818054,0.014855554685665075,0.027362405073201285,0.013524622250058717,0.010686604556486339,0.019826978783371172,0.006713379785485007,0.09794096923197369,0.0724575275972755,0.008455335473263915,0.042765990761763094,0.004795271275346434,0.0054020198856963905,0.014816409614029594,0.4566076880920692,0.0024465669772175684,0.0044429656306271045,0.12373757143975574
46,49199,0.06271968142384039,0.0172088014791036,0.011276133200593267,0.019382758690749506,0.00609520713545582,0.00898027184623824,0.011804384485666104,0.044596598874418414,0.006704727849001402,0.03992360673723562,0.03273126231739775,0.03195920274690668,0.006887584063065076,0.19352282655072228,0.012413905199211686,0.16843089050976248,0.2576647229728357,0.00449013592311912,0.022227188687295556,0.040980109307381295
47,50331,0.03846994101408115,0.04289885007249111,0.009493356636412384,0.019602391213679966,0.0022839665547854065,0.015411809100117177,0.01163829914003694,0.03465670989652638,0.010645270203173721,0.015352227363905385,0.017258842922682767,0.6186967488232608,0.007149808345415186,0.010883597148020892,0.020317372048221486,0.028480069909237155,0.05477547615737523,0.007249111239101508,0.010565827888224662,0.02417032432325078
48,48299,0.06252198927957946,0.009809805666508,0.013183219851404209,0.03023655290879364,0.0026490614458080674,0.04029470808584615,0.012541650282497568,0.035783025310954286,0.03125064674351704,0.02191684430555268,0.04393716757383224,0.006415695689066413,0.03251309008878495,0.014197313686127611,0.05254661727270846,0.06895838076119125,0.06475713487448002,0.004966990210890126,0.01142407748504729,0.44009602847741053
49,47635,0.061441611583254646,0.00803693211625223,0.006714930227678103,0.012695414961703913,0.0015947959290735494,0.008582520197251075,0.007029692582100514,0.01932640856153604,0.005833595635295352,0.05271220228727311,0.5286748504878817,0.008540551883328088,0.021193998531109013,0.10034623858986465,0.01189801699716714,0.020543489665302696,0.04624908194313294,0.018466058126114782,0.017186024551463643,0.04293358514321687
50,47922,0.05047766050644529,0.011972800467231239,0.00725877101497643,0.010283258937883276,0.002461307413124192,0.016436527470693754,0.021609444745734428,0.012598556589211964,0.005694380710024613,0.020962830086354346,0.5259688790622001,0.009428058904509616,0.009010888156522465,0.023319844812481748,0.011993659004630595,0.027533269367151975,0.17631721663676944,0.0030453464603062033,0.01153477118184473,0.04209252847190355
51,44086,0.20115177073414048,0.0280007255248719,0.01918106380084342,0.04967578107286991,0.09012379268126786,0.027252528000725525,0.05452772865369791,0.03920101573482066,0.032603273930984444,0.042511222962862194,0.04720446197796218,0.02119892985081395,0.021266947807554528,0.030902825012469957,0.0309935156214574,0.08676824014873259,0.07949031877749059,0.016142928399764205,0.020224005804198975,0.06157892350247132
52,48678,0.08774487658630745,0.01644831409914165,0.009610250934329953,0.027557599901433322,0.002320423836707873,0.02320423836707873,0.023245307815516036,0.3966487330075157,0.01086286911166783,0.04696291428806111,0.062302353279395456,0.018029487863977987,0.02160252987802374,0.015236765370241078,0.010472709351513409,0.028810218078771203,0.11710953221898229,0.003757854532013635,0.018522321245225678,0.05955070023409586
53,51030,0.6716944172380019,0.014123408423114594,0.00940254652301665,0.018530852105778647,0.004074436826640548,0.01040156709108717,0.020156709108716944,0.021821743388834476,0.009657198824681685,0.017727717923604308,0.04101860920666014,0.029245837414299706,0.012203721841332027,0.009520078354554358,0.017394711067580802,0.027286973555337903,0.030754162585700295,0.0031733594515181195,0.008148873653281097,0.02366307541625857
54,50095,0.06961987428913499,0.021949516112940236,0.00959792477302205,0.020472912301706076,0.003950912900329243,0.012191958495460441,0.013908011573381222,0.047490771226179784,0.020752269779507133,0.046872193953906016,0.04351990422029332,0.02703781303003093,0.020732315673949914,0.013169709667764143,0.016521999401376834,0.04248229073131797,0.03631647211413749,0.004489673750374139,0.009378429611892647,0.5195450463932955
55,48737,0.038784174580060296,0.010890743893184568,0.01017289825050762,0.017187275673236663,0.002973931948233074,0.008655167463133499,0.019935598990914124,0.02764731218081506,0.008039871197981828,0.01882806571364112,0.6483992042168304,0.014808130114650203,0.04329634719117255,0.011588079660356462,0.009434542732325614,0.016859117665155774,0.04065057325102037,0.010706155013639067,0.011054822897225014,0.03008798736591669
56,43142,0.04492377554330198,0.03505398266994115,0.012464667994995599,0.030188591816875956,0.0028033918724804227,0.06510356331958668,0.036583105509475924,0.03947917149344331,0.015939947175756454,0.03106899587600204,0.06118808210926278,0.04691626894027154,0.03514665678142811,0.01501320606088689,0.02483666187850424,0.41022195449701127,0.03693063342755201,0.006093322830267364,0.011653769519484733,0.03839025068347157
57,42390,0.06609290261730724,0.30393775053053523,0.01603395425607168,0.03765621315727423,0.010280594199481255,0.018839896250884225,0.01964159396368781,0.05918415468049988,0.011483140768686631,0.021952369724121668,0.2162461683565197,0.033317613770337186,0.018250412638528647,0.02164583824569677,0.022471115302994577,0.02388587597264796,0.037868427257722236,0.008512143362414525,0.01980664937514737,0.032893185569441166
58,44932,0.05327905321231536,0.023247019042534258,0.01201281366791244,0.06277807439046093,0.00300320341697811,0.015416444207154299,0.02424808684819363,0.027874176899804235,0.02794091475351486,0.400961025093433,0.0704306816159459,0.018352909770421783,0.014482114255205552,0.01944296138102865,0.027340274070119238,0.018375155721658657,0.02871952304680548,0.011234205374621819,0.02353621640861363,0.11732514682327816
59,45715,0.05752705805182027,0.013250245982289275,0.013009729966109107,0.5325899201924128,0.004088772275062862,0.016595605116431617,0.07224226522357056,0.017666994643052367,0.006406472067344485,0.01355635727560949,0.058795233409861154,0.020247075543894173,0.017623264458292338,0.01792937575161255,0.02313326773805619,0.0211435443314748,0.038438832404066904,0.005116431616923581,0.009445719908166611,0.041193834043948836
60,47430,0.569104320337197,0.049968387776606955,0.012834562697576397,0.04356164383561644,0.0026343519494204425,0.028556375131717597,0.06752370916754478,0.012349841938883034,0.00642781875658588,0.01399367755532139,0.025690200210748155,0.032708113804004214,0.009483667017913594,0.013108535300316122,0.024657534246575342,0.025079030558482613,0.02577449947312961,0.004088514225500527,0.01268703898840885,0.019768177028451
61,45275,0.029252676895904627,0.0135114251021084,0.012054310630312396,0.02318136659675461,0.002494756595650734,0.012451705486256761,0.01560878684181477,0.5862236449939286,0.009228391654708025,0.0231592891047577,0.07413621812562093,0.01611656915774368,0.019869742797218235,0.013378960150126946,0.027663097472127165,0.01995805276520587,0.031107186223644993,0.009714096478640027,0.015630864333811677,0.04525885859366376
62,41113,0.05346072496535628,0.04361461600175042,0.026086110908516275,0.04101329832494591,0.006175090559891085,0.28305739916855077,0.03588359711180804,0.022439403884958548,0.013079522524493715,0.03977341793693628,0.0914107893905137,0.09189701699365473,0.014149223251403982,0.024797607760192547,0.04237473561374079,0.02790946442029514,0.03590790849196509,0.010818564169887924,0.02231784698417329,0.07383366153696545
63,44015,0.04044510048824798,0.02450323606222323,0.015260588168502327,0.029726354036561826,0.004382877256727603,0.008129896673100942,0.44984671284205746,0.035539911434086524,0.015714772340183945,0.0392415124332917,0.10723288293402974,0.02368570455319632,0.0252526399454979,0.02713750425797661,0.03174747360054502,0.021937095492222097,0.025388895197002385,0.006403996820710798,0.015374134211422731,0.05304871125241285
64,45208,0.057243300610241445,0.0340054833289113,0.02750508534536128,0.06619793048553993,0.0029185460334306182,0.3002122578933404,0.03325373662333068,0.05708852922968073,0.018484124878393914,0.027062881400902097,0.048001238171044486,0.059564871318652166,0.023613690634120457,0.01671530910055718,0.05876890421862563,0.041390289201379674,0.04680728752100469,0.009595825594764306,0.02805784027593526,0.043512868134783764
65,47946,0.026789809448359254,0.013384480673810616,0.011362214902222407,0.035108201642830336,0.001792936663469958,0.007317683359045991,0.018596505858316306,0.015552683150564984,0.005608139098528124,0.015573531251303006,0.7073760580411125,0.015135721135804529,0.005337113788933828,0.011779176916982863,0.035817037067923115,0.014906392027686278,0.01982654380185965,0.006942417545761581,0.010945252887461952,0.020848100738022766
66,43267,0.03675468385427495,0.008616905768475524,0.01517776699701989,0.09524799593411416,0.00302631274978631,0.008963430129138078,0.03562270427611061,0.54531383556264,0.009771986970684038,0.023910180885716267,0.028946334927345392,0.02492665234365976,0.014600226395915633,0.010326425947744126,0.02478804259939474,0.023101624044170304,0.0279298634694019,0.0053364751542033404,0.01058054381223,0.04705800817797491
67,38061,0.05362254142485754,0.40571413565820225,0.01575588876342533,0.08434652451353694,0.0023633833145137997,0.01809301226333342,0.058401827683096555,0.021795646122738373,0.018224311336361966,0.02444788739791497,0.04545573908248208,0.038838265801843436,0.010608965100706389,0.02872823717864552,0.03327118510543316,0.029069614768519735,0.054016438643943177,0.010924082875974895,0.014495417662351304,0.031826895302119164
68,38798,0.048122005255293934,0.4257818537791746,0.020995414498428563,0.052527178113246434,0.002653408212684837,0.01756916894224329,0.02954814776650008,0.027358441959915502,0.012932144881240662,0.013885310938224534,0.05528363130506466,0.04902364882271111,0.012391158740790355,0.022154670513679222,0.07388325003864187,0.035344427842753365,0.0373538049358545,0.010304497913339173,0.018393528775310423,0.03449430676490288
69,36853,0.043283703522902936,0.01784503566295121,0.019906164402137064,0.03173053453746644,0.0031459333387573564,0.014455021289290267,0.022862256935969407,0.04713475985138177,0.014509261519268842,0.5095056003037453,0.04501939088221734,0.022157133946247933,0.008081794266807692,0.030347408673012773,0.025275947170016,0.02969652591326987,0.03924280638949909,0.02307921785588371,0.019472242562308464,0.03324926097686654
70,33085,0.06681770125358708,0.026763328802295726,0.02316870563359009,0.06231687056335901,0.004561244524996224,0.01685545990031717,0.03014650354931279,0.046850928862709564,0.3240296027790364,0.01987615163872527,0.06923425464431354,0.062498112067663494,0.015163872526808638,0.021295876755777075,0.04941851684035644,0.04080954538589337,0.05987011025524845,0.007491315511252076,0.010270351910587524,0.042561546594170066
71,36959,0.057870683360826417,0.03315395224316504,0.015035560723653967,0.03788636793855972,0.005841153086887152,0.012791043565266773,0.02950323156386057,0.03369479975121015,0.006246788717920982,0.028827172178804185,0.10622245058005896,0.03161253684523649,0.011168501041131453,0.02387841748019146,0.03888693582844317,0.032261553854890615,0.09143027123502528,0.008707644879526218,0.34495254063116904,0.05002839449417237
72,38858,0.044935439065795564,0.029631153865939605,0.014455476104737897,0.0326920109059108,0.003909666135089253,0.007459231441946602,0.022866402592725963,0.03531560265445753,0.010957353773342251,0.017259118267400588,0.050542723391120946,0.020757240598796235,0.017001903390092082,0.024461134832038683,0.02847368691805134,0.5442152374093318,0.029759761304593856,0.012243428159884768,0.019522609187715416,0.033540820001028857
73,37274,0.05357430149621923,0.028208290877889206,0.020298171287606585,0.035153107738510214,0.004665629860031105,0.2968574033356572,0.02694803453638655,0.05459323215530648,0.0096798412613289,0.041829784952003006,0.1426771062369282,0.03193543197297152,0.013567866144688153,0.03665468976242827,0.04697806617686491,0.01914517080495522,0.03566257306805384,0.020190915428755295,0.022604172252909314,0.05877621065050678
74,40881,0.07994914549766509,0.030048165081538347,0.31016356568299064,0.11342020977482213,0.0021026380773086235,0.012762524143663969,0.03667391995305738,0.05151463289406127,0.01430282878169238,0.02200435197183443,0.06980269431065256,0.028434512603603825,0.015036307180753527,0.022028801251803135,0.06684433143443926,0.030610498520818562,0.0372607026723063,0.012297987824258576,0.013593799662599937,0.03114838268013007
75,46953,0.036574202201264554,0.019394120026398145,0.010559257445766718,0.5858258999850978,0.0017243948651352904,0.011006322781172162,0.02331126391756967,0.06344069997658229,0.006982734762523151,0.015817597343154577,0.03985268132757116,0.030230132203606326,0.009643837949460329,0.015370532007749132,0.039405615992165716,0.017137504523875417,0.027675473144146638,0.00881357375513593,0.017094926872884424,0.020139228918740554
76,48374,0.029528453940571145,0.017502169690457495,0.00863743439269331,0.01977517874116626,0.0029962392032070093,0.00917469107740629,0.012666859528040666,0.024961772120510806,0.006963673182625946,0.0192999132123817,0.6329710294664628,0.029342480472785884,0.006860354589411911,0.025313055337438526,0.052816464851014586,0.01847336446666942,0.03601686159441253,0.009463983138405588,0.016613629788816794,0.020622391205521347
77,45852,0.056526857342169515,0.027969131496337635,0.020688001395186607,0.052036100453435645,0.002223578653644925,0.01621904429717475,0.0238053714684339,0.03564265783048483,0.010136902685734217,0.017723229856993372,0.031021102197418906,0.026137949075688872,0.007433728636205093,0.033855074991280085,0.0807900244157656,0.031282699686083014,0.026617544471573072,0.015957446808510637,0.01663324032089292,0.4673003139169864
78,44863,0.05445268810017156,0.036695408060958494,0.021745426999086513,0.04841476728382684,0.0020497738564712697,0.022213310161976696,0.4567430875832721,0.03493527616246686,0.0235723993494196,0.018938128021745427,0.04669919568656284,0.05211327228572065,0.022101909408907605,0.018358844105786157,0.042176325111957756,0.028451752333845778,0.03232849854065013,0.011853040126551256,0.010560791390949802,0.015596105429672704
79,43772,0.05544391669711363,0.033453598830836685,0.018702046035805626,0.06916788454512239,0.0030142491779320425,0.020414687614176107,0.018861892583120203,0.0478397880891487,0.01680672268907563,0.025461271465107783,0.05861801242236025,0.029434599926927294,0.01196565582754841,0.031444099378881984,0.02815582754841067,0.02144227256119839,0.03758677383997077,0.02322341980270369,0.42108147606868834,0.02788180489587139
80,45838,0.06884294997601291,0.03717999040516377,0.02355096166426796,0.05458153430153954,0.004601160102926425,0.025469928910986088,0.026298573858432553,0.035762571416110604,0.01567883466352654,0.03824850625845,0.0901260412577958,0.028043089537267217,0.007806707662785119,0.03251341096428104,0.020934188146015963,0.389833834881591,0.029962056783985346,0.03297134632997514,0.00952941689563435,0.02806489598325265
81,47305,0.039323824617010034,0.033048071843634445,0.023433703116745905,0.034653988378235606,0.0017538298996302166,0.01485472794506075,0.019461172741679873,0.03839408346539884,0.011875330163761225,0.01705229793977813,0.02977284733227681,0.02861067089276281,0.005705229793977813,0.01508716323296355,0.6086001056524036,0.025419968304278923,0.02307448494453249,0.0068462757527733755,0.011114632857897518,0.011917591125198098
82,45569,0.043431529535633596,0.021364802912983396,0.0156616727719406,0.030862708109412357,0.005461843865844831,0.013753317686283972,0.03663164359823642,0.05198622474719779,0.007984382197459913,0.07286845510978525,0.042970892101164754,0.013972668845554849,0.010046283094606156,0.022900261027879534,0.01715326065498256,0.017877119480576454,0.015727478119721864,0.011647546557283556,0.015266840685253021,0.5324310688981991
83,44019,0.04734439928245419,0.026453825018733397,0.017779695270101502,0.030472989849905766,0.0021344717182497333,0.015077544903381094,0.016462680805649537,0.035899997729285406,0.007924793932650605,0.030018846931129228,0.060037693862258455,0.018074888167306253,0.007947501078589433,0.04552782760734803,0.042961920116260585,0.025477417743363838,0.5178137559890097,0.012920366039192534,0.016485387951588364,0.023183996003542314
84,44038,0.04938944119115711,0.03266149167007127,0.018294066911798083,0.027282218893277043,0.00794407372100413,0.015025648009442099,0.4333605701575196,0.060079894684279815,0.0054473648372599754,0.06309864269826139,0.07664896273094557,0.018657224567615417,0.013709201507104272,0.02478551000953289,0.027713468609560126,0.02655590358164238,0.017204593944346088,0.009328612283807708,0.01945163193971583,0.053361478051659174
85,44106,0.059602048678783486,0.10322712233150523,0.017019444318542357,0.042084032089924304,0.0027194851108190182,0.036849023251597696,0.027149526356343198,0.06266146942845488,0.02055477496260708,0.016724833431536964,0.03460544803517201,0.4024158092734442,0.010243393917418303,0.029189140189457462,0.02812400852105335,0.029098490685763496,0.014775869102116666,0.014231972079952863,0.03125141639849522,0.01747269183701219
86,43734,0.060108790053480826,0.04235041367646387,0.03453398546418613,0.03855647483658637,0.003153997348813823,0.04507016501348448,0.027151803263701604,0.050966768752571195,0.3084060885861864,0.030122960186497235,0.053275129131050876,0.024637747405951455,0.018741143666864742,0.0297115692279563,0.050761073273300726,0.04417881793664579,0.029665859121451754,0.01631850802212369,0.046761438954152766,0.045527266078529964
87,48494,0.0368759533330585,0.02776518118481263,0.014655563342540298,0.016077833202786825,0.0025147380137692213,0.010512429401822154,0.010924681535226945,0.04761512140825329,0.005750917260996826,0.02825988374489838,0.6649214659685864,0.009275673001607783,0.006657871954487364,0.02145772354371934,0.019025435956631077,0.016407634909510655,0.00900770911489467,0.009296285608278023,0.020427093210207362,0.022570804303912274
88,45719,0.06294409584818207,0.03130807407245458,0.022715844246704125,0.039681672096023086,0.004481951944729881,0.01536981569339076,0.02477098318721441,0.03463127746562015,0.00832987166313212,0.019917357178775224,0.039288134852095584,0.040818557467369204,0.0077614289774590615,0.02258466516539496,0.055751109556396075,0.029843240997835547,0.4707361332779466,0.012943002689171167,0.031482979514200135,0.024639804105905244
89,46937,0.07379091509253147,0.033051515216048724,0.017611857657005344,0.4999680558809123,0.004110143322614307,0.016419277211065442,0.024554379538726922,0.026300658048853207,0.013033200587771791,0.015844283067487277,0.03639499968055881,0.021317375471175758,0.0053027237685542095,0.022914581425559556,0.042379197989650105,0.08780373533232531,0.015780394829311924,0.007645292501650446,0.022467363758332092,0.013310049619864983
90,46572,0.039856627747252744,0.037044986263736264,0.019338083791208792,0.02478966346153846,0.001953125,0.019767342032967032,0.026163289835164836,0.6035800137362637,0.008907108516483516,0.017234718406593408,0.03264508928571429,0.022128262362637364,0.005730597527472527,0.017299107142857144,0.035971840659340656,0.02549793956043956,0.018157623626373628,0.008005666208791208,0.01779275412087912,0.018136160714285716
91,44009,0.06393513366190465,0.034954234708941836,0.018737650185105273,0.03983737990869654,0.004542460650934612,0.026278134865656725,0.04054146130959141,0.02898089895296282,0.014899270935065524,0.11247132571714097,0.07061255081877853,0.030252787935224512,0.24760953008244566,0.04247200708623861,0.039678393785913826,0.03547661768379931,0.029957527992913763,0.022848577074201095,0.027232051602352994,0.06868200504213132
92,46738,0.03988622267847213,0.02480858890457248,0.01582616878395141,0.025706830916634588,0.003293554044227726,0.018093160528679583,0.021044527139740792,0.02410282732366654,0.007570896958809188,0.023653706317635484,0.0708114119508961,0.0216433551477822,0.0066084948030283586,0.021557808289490568,0.038838273664399674,0.03310663415886052,0.5427306557166688,0.008811326404037811,0.028187689807091836,0.023717866461354205
93,46930,0.03427050053248136,0.016549520766773164,0.018551650692225773,0.02428115015974441,0.001959531416400426,0.01463258785942492,0.016847710330138446,0.03292864749733759,0.016634717784877528,0.04792332268370607,0.07908413205537806,0.017103301384451545,0.010181043663471778,0.03179978700745474,0.050649627263045796,0.026112886048988284,0.016208732694355698,0.015399361022364217,0.024771033013844517,0.5041107561235357
94,47197,0.04428489738865239,0.5238155748988712,0.017917275557532246,0.03977381028019569,0.0016943050172607325,0.02528750238261643,0.03591926636592752,0.04672046085096469,0.01601118241311392,0.01980218988923481,0.036258127369379674,0.021348243217485227,0.00703136582163204,0.027723065844928733,0.050024355634623124,0.02609229726581528,0.01671008323273397,0.009996399601838322,0.019336256009488108,0.01425334095770591
95,45887,0.03722743808133836,0.03517982007101313,0.02010586620776788,0.05545995164136188,0.0022436665432287017,0.06044829764523929,0.43644760058378895,0.038861175855534016,0.05345589997168188,0.019125623543250484,0.030823186006491386,0.018624610625830484,0.025965539024549632,0.018602827455507873,0.038120548064565316,0.02651011828261485,0.02021478205938092,0.01485612216001917,0.024310018080031366,0.02341690809680441
96,45864,0.02425682154999564,0.01972365094586348,0.012749542324121697,0.021990236247929562,0.0010679103827042106,0.012749542324121697,0.01758783018045506,0.023319675703949088,0.009262488013250806,0.020617208613024147,0.6913738993984831,0.01551739168337547,0.007497166768372417,0.015495597593932526,0.0343038967831924,0.015430215325603696,0.009589399354894952,0.008891988492720774,0.01771859471711272,0.02085694359689652
97,40369,0.0808636014756493,0.063854019658818,0.029562504642353115,0.05234098393126842,0.06987050929708584,0.02849785832776251,0.036594122161974794,0.06784025353437817,0.032632647503033005,0.04144692861917849,0.12062690336477754,0.03887197009086633,0.018965559929683826,0.03758449082671024,0.06184852311272871,0.03441531109955681,0.048552823788655324,0.014013716606006586,0.050261209735323976,0.07135606229418902
98,44673,0.029490076745799117,0.036359161389926835,0.02255386749602846,0.04108025865348041,0.0017004900096211934,0.02107712617188374,0.02863983174098852,0.039827266014812165,0.018548766025999596,0.02620097106929497,0.03772402837133332,0.027968585684559105,0.012216678227015417,0.034569171906115054,0.043832367484841026,0.49808694873917614,0.023851609871792002,0.009151321235987738,0.020696753406573735,0.02642471975477144
99,45111,0.5256697170459329,0.035474507544703195,0.02031862799406173,0.02714320533557865,0.0014624094303250538,0.025547849593405864,0.030577651724978398,0.040282732489862846,0.02541490328155813,0.015244510425206621,0.04440406815714254,0.03560745385655093,0.014114466774500897,0.021094148146506835,0.03503135317187742,0.018767587689171524,0.027918725488023752,0.009084664642928364,0.023686601227537612,0.023154815980146685
100,46942,0.48773476427750095,0.03545419701034879,0.02176227588262851,0.02832076998424258,0.0015118606532941528,0.022741791235466973,0.029257697713044588,0.06724585835356245,0.015565776585324305,0.013244751075337506,0.031706486095140755,0.028171713300114986,0.005813210680976108,0.020356884289425493,0.06977982198373153,0.03643371236318726,0.02693667220305779,0.009837741152421106,0.020697585281717133,0.027426429879477025
101,45270,0.030978140869949215,0.03245749613601236,0.01724442481784058,0.03254581585338927,0.004548465444910576,0.02291896665930669,0.03462132921174652,0.08514020755133583,0.024928240229631266,0.3904173106646059,0.06579818944579377,0.028218149701920953,0.01256347979686465,0.031993817619783614,0.04036211084124531,0.046721130492382426,0.02179289026275116,0.013181717818502981,0.032854934864208436,0.0307131817178185
102,44755,0.03269681742043551,0.035443886097152426,0.014338358458961474,0.025371300949190396,0.0030374092685650474,0.02050251256281407,0.02751535455053043,0.08138470128419877,0.01786711334450028,0.011256281407035176,0.04665549972082635,0.02680067001675042,0.006253489670575097,0.026443327749860412,0.04163037409268565,0.023562255723059745,0.4932663316582915,0.012417643774427695,0.02689000558347292,0.02666666666666667
103,43204,0.041944290209143066,0.04409587266333519,0.02753100129557653,0.030885619100499723,0.0040718119563205625,0.02637423653525819,0.029543771978530448,0.06924393855265593,0.02102998334258745,0.02952063668332408,0.06616694429020914,0.043239866740699615,0.2442161761984083,0.04347121969276328,0.04303164908384231,0.034795483990375714,0.019156024430871738,0.032898389783453635,0.09677493984823246,0.052008143623912644
104,46128,0.03542948773511311,0.040651815896680245,0.012979977463812083,0.024421426714050447,0.003640461125075843,0.021322700875444224,0.038138164167461214,0.035299471266360405,0.01419346450550403,0.017422206812862964,0.039568345323741004,0.03191904307878998,0.005699055213660397,0.025049839646355206,0.03581953714137124,0.5188523879691428,0.017422206812862964,0.013001646875270868,0.03974170061541128,0.02942706076102973
105,44136,0.025024911676782318,0.025047558655675334,0.016713470423045565,0.5374354561101549,0.007133798351299936,0.01673611740193858,0.03209076909140321,0.05987861219313344,0.01182172298215418,0.01397318597699067,0.030233716822175922,0.02160521786393695,0.00674879971011867,0.017959054262161427,0.03843192318144759,0.05195216958057795,0.02244315608297853,0.009828788839568801,0.03431017302291874,0.020631397771537278
106,43262,0.037405850006931286,0.04519199667298184,0.36118940899219076,0.024975740492583522,0.004551545677186821,0.024883323321473128,0.04537683101520262,0.05584307564345455,0.022896354142599697,0.0481031375629592,0.0492352479090615,0.023658795804260432,0.014509495864331593,0.0361120096113858,0.03687445127304653,0.03040524929531907,0.019777274617623953,0.016057483480430665,0.04105632826579179,0.06189640035118525
107,46350,0.02751779167565236,0.032671986197972826,0.01554884623679103,0.024261375889583783,0.0026957084321759758,0.01673495794694846,0.031205520810869098,0.03249946085831357,0.016282078930342895,0.040327798145352596,0.05585507871468622,0.018740565020487383,0.010286823377183524,0.029652792753935734,0.03131334914815614,0.029846883761052406,0.4864351951692905,0.02359284019840414,0.023075264179426354,0.05145568255337503
108,46427,0.4901500635132517,0.023769027063104183,0.024910112601459727,0.020948608090942365,0.004155273752879626,0.01367149654444851,0.016664154843154564,0.046741447240941286,0.010700368161560489,0.04885137899110815,0.06006846513230133,0.020668719185307986,0.01016212026610976,0.0360410790793808,0.027429112752169138,0.021379206407302946,0.012508881090274936,0.013047128985725666,0.04140202811807006,0.056731328180506815
109,47822,0.4871869905104302,0.06126416119727436,0.008005518163956357,0.026211278792692614,0.004180427239663893,0.019585301617825342,0.034634839680615356,0.05008151833117345,0.014736006019815225,0.024162869445257307,0.037122193888215374,0.024852639939801847,0.010952719367919401,0.032335604698800216,0.020902136198319467,0.0362861084402826,0.019146356757660632,0.011558881317670666,0.04905731365745579,0.027737134735169935
110,46925,0.03700074555330706,0.05221003301736074,0.2876770689104271,0.056938971136436256,0.0033017360741293003,0.06509745446799446,0.04558525934604324,0.07003940781765897,0.04151666844179359,0.028373628714453085,0.018425817445947384,0.02345297688784748,0.0247949728405581,0.024901480455852592,0.05604430716796251,0.04413675577803813,0.032655234849291725,0.009969112791564597,0.030887208435403133,0.04699115986793056
111,49148,0.027070452326716565,0.02231125935567849,0.005450699642043606,0.024548486820696387,0.0035795639440286365,0.025362024080702896,0.02582980800520664,0.027904328018223234,0.024101041327692807,0.02493491701919948,0.6021192645623169,0.015172469899121379,0.011145460462089163,0.01982997071265864,0.03215506020175724,0.025789131142206313,0.012508135372600065,0.009965831435079727,0.027294175073218352,0.03292792059876342
112,50435,0.03650777920919631,0.024417798037855515,0.01127737587949658,0.02094936081656922,0.00299276583093846,0.013834109602616192,0.02005747695966703,0.04479238925775444,0.011416113368348033,0.022891685660489543,0.5929838469923694,0.020334951937369932,0.015082747002279259,0.017718759290456843,0.04288970369636309,0.025547517589931623,0.012426915072837181,0.009196313546724804,0.019264691309087305,0.03541769893964919
113,50444,0.05251268230818009,0.03778931515535827,0.027128249841471146,0.033548668357641094,0.0039830374128091315,0.028891883322764742,0.03337032339885859,0.04956008243500317,0.01571417247939125,0.017596702599873178,0.4894578313253012,0.025622225745085606,0.013474952441344324,0.016348287888395686,0.027603836398224477,0.045953551046290425,0.022154407102092582,0.008738902980342422,0.022372384273937857,0.02817850348763475
114,47803,0.05267339982853439,0.04614934236664366,0.015243711184994667,0.03379127198210066,0.0030947452062814965,0.03310122744286222,0.06302406791711102,0.0456056709114861,0.08966396921983147,0.015578278234322398,0.01856847123768898,0.02854275139577191,0.024444305041507224,0.03301758568053029,0.02691173703029923,0.04108901574556176,0.34508500094096983,0.015180979863245719,0.02548982707065638,0.04374464169960061
115,48352,0.059848672785909204,0.06311502522120235,0.01839907384437278,0.0327668899363268,0.0033697180186884976,0.02929380633424295,0.044819316960224925,0.03121640618539651,0.03324237161994542,0.021376002646158934,0.035413048871247826,0.03202265773588026,0.016021665426279665,0.025655337798726537,0.03377987265360126,0.03692218638881998,0.390680559001075,0.013272140907963284,0.025655337798726537,0.05312990986521128
116,47584,0.08009831106629695,0.031467943870263006,0.013969414334929839,0.037475842366187714,0.0043903873624065205,0.02090160490715066,0.024514746659944544,0.024829846231409124,0.011217544744139147,0.3830770523485421,0.03793798840433577,0.016553230820939416,0.008549701705739014,0.01796067557348122,0.06289387446433073,0.12469540374758424,0.02583816486009579,0.009242920762961095,0.021699857154860936,0.04268548861440215
117,49122,0.04037279719995116,0.02063408082699117,0.010642627487688738,0.020288144560660942,0.004680314191526596,0.01225021366651744,0.017500305237882055,0.5644662406902446,0.011232754059663832,0.013043832159863253,0.04257050995075495,0.014570021570143666,0.00640999552317773,0.034491880672337306,0.04802409344349029,0.053681168857596356,0.034186642790281226,0.0103780879899068,0.0198811607179195,0.020695128403402385
118,48835,0.03702793982192201,0.044253402927028965,0.01723467403541091,0.03307747415822331,0.0023743731450209804,0.03465356667690103,0.03704840855593081,0.45334152082693685,0.011482959778937672,0.02710060382765326,0.07919353188005322,0.03393716098659298,0.02184013918739126,0.026916385221574045,0.015249206836557158,0.031010132023334358,0.025217480298843516,0.00935421144202231,0.024480605874526662,0.035206222495138675
119,45569,0.038693544495382655,0.027945337691109698,0.014411371164096602,0.024545394722411108,0.00537410340213648,0.02009256618921231,0.024742810765754897,0.02114545175371252,0.011252714470595978,0.028362104893724364,0.046590186229134224,0.018842264581368312,0.018140340871701507,0.02658536050363026,0.5228673583539889,0.03788194520608042,0.02737502467700542,0.013424290947377657,0.03456974270109017,0.037158086380486524
120,44726,0.060519376033611946,0.039936530639610245,0.017744602869530238,0.05158002949984356,0.004246189603539981,0.02549948598757431,0.035958521432083314,0.057010682519107854,0.028471818710052294,0.03262861484825459,0.07428596969561525,0.3422205336789881,0.016448397622133824,0.029924462521789656,0.027354400393331247,0.03868502212488267,0.022594198364099583,0.017990434899208867,0.03437178742233943,0.04252894113440307
121,46034,0.04134277152907456,0.02877057367438225,0.02319016806357754,0.03650062969557476,0.005471837408259869,0.01858687627567638,0.4810222781951622,0.05979936596169714,0.013657879880140705,0.022755895253398186,0.027988882616059408,0.013484170756068963,0.01053111564684935,0.01867373083771225,0.043622703782516176,0.0508750597125114,0.024275850089025927,0.01139966126720806,0.03511095670300082,0.032939592652104055
122,47515,0.03189228989165878,0.03163984432523404,0.021058167665930366,0.035910381823919216,0.003197643841380036,0.01748185547491322,0.01929104870095719,0.047585989271063424,0.011738718838750394,0.028105606395287683,0.5575681077101083,0.015588513726727675,0.016472073209214264,0.02149994740717366,0.019943199747554433,0.03706742400336594,0.014389397286210161,0.009508783001998528,0.029094351530451246,0.030966656148101398
123,47098,0.045439110318774144,0.03743792181331975,0.02101107856869986,0.04270130311133749,0.003777749480028864,0.025001061165584277,0.028524130905386476,0.05027802538308077,0.01069654908951993,0.029500403242922024,0.037289358631520865,0.023027293178827624,0.011948724478967698,0.03198353071013201,0.03512458083959421,0.037480368436690864,0.4435459909164226,0.012245850842565473,0.032938579735982,0.040048389150643064
124,47863,0.5875780548420108,0.034876678570682704,0.01562141052147944,0.04306330012739386,0.0027358352651254097,0.021677839734352486,0.034814025854687465,0.03744543992648748,0.012050205709750851,0.016540317022742935,0.01796044525196834,0.01681181212538897,0.00699621995280162,0.01823194035461437,0.018858467514566758,0.041810245807489085,0.017417455046676272,0.006787377566150826,0.027504542321909655,0.021218386483720736
125,45464,0.03796939583150119,0.03381408847067101,0.015214141236478762,0.03383607422390291,0.003671620789728256,0.02242546829654384,0.02154603816726761,0.05296367953566089,0.010641104564242372,0.033704159704511474,0.036848122416674,0.026756661683229266,0.01466449740568112,0.42478673819365054,0.06663881804590625,0.03887081171400932,0.028691407967636973,0.013719110016709172,0.03489139037903439,0.04834667135696069
126,45593,0.02944336044548703,0.020739701400916407,0.01153180014469559,0.019029662596189684,0.003398154035033872,0.014228399798303116,0.02141933220792318,0.03659044570626795,0.00631398943283713,0.01688115230307149,0.6289435029487208,0.013154144651744021,0.007870563216626839,0.016837305154232346,0.028369105298927937,0.028610264617543246,0.016135750772805997,0.007826716067787691,0.049130730274263915,0.023545918926621796
127,39289,0.06833040779465262,0.04373044340990613,0.020809483833218855,0.04271286473835508,0.01078633391844107,0.03289323055788751,0.052507059452033884,0.053092167188175735,0.2773410669312371,0.022513928108066857,0.04551120608512046,0.03935485512223664,0.011931109923935994,0.020682286499274977,0.04111017833066219,0.07960009158208044,0.027805337200132285,0.021089317967895392,0.05604314533567376,0.032155486021013
128,41397,0.06707390684984427,0.04034575174445276,0.35681000555327524,0.033802544848733615,0.0037665692831446024,0.03071202646256368,0.03575826351498177,0.06789482579617065,0.007919453364560446,0.02414467489195258,0.04751672018736268,0.02470000241446749,0.01047878890310742,0.013400294565033681,0.07465533476591737,0.04667165656614434,0.02385493879324915,0.01581476205422894,0.028297558973368424,0.046381920467440906
129,42607,0.07858868792080137,0.03129471930935792,0.01642151687897342,0.029887160719731624,0.009172590142398011,0.02362352499589462,0.028643817298895067,0.036784197808900465,0.009594857719285898,0.04215637975930748,0.10160227086119127,0.024069251882609614,0.24775377108405472,0.02491378703638539,0.07216083702817463,0.06509958477021606,0.048842283060032375,0.011119712858047717,0.04255518802636826,0.055715860839374104
130,47270,0.052040600549799115,0.024233453161344894,0.01611334320152252,0.01882004652146331,0.002727849439627828,0.017551279340241067,0.020342567138930005,0.6253541975047578,0.005032776485514908,0.022647494184817086,0.023810530767604143,0.023810530767604143,0.007781772044829774,0.015161767815605836,0.029308521886233875,0.03009092831465426,0.01939099175301332,0.006534150983294565,0.015732713047155848,0.023514485091985622
131,45020,0.04709147424511545,0.03128330373001776,0.011700710479573712,0.45959147424511543,0.0037078152753108346,0.02710923623445826,0.07087033747779752,0.02599911190053286,0.007748667850799289,0.018783303730017763,0.04267317939609236,0.025355239786856127,0.0386101243339254,0.027708703374777974,0.02280195381882771,0.037655417406749554,0.029440497335701598,0.010190941385435168,0.04225133214920071,0.019427175843694494
132,43435,0.07274191692555518,0.049131285237602115,0.024761247267287997,0.035945230698423654,0.0074329766425037394,0.03049131285237602,0.040547693015763435,0.040501668392590034,0.22538257968012887,0.049292371418709006,0.06924404556437694,0.04455183523184904,0.017466344494304453,0.03145782993901738,0.04779657116557358,0.05898055459670924,0.04768150960764009,0.016729950523530088,0.03898285582786791,0.050880220918191235
133,46626,0.04549157484028641,0.031513956180594264,0.02088067572782232,0.01974445826008661,0.004201860824079235,0.019915962783518416,0.022445654504137547,0.034343780817219054,0.01108347982678043,0.028212494104532006,0.03320756334948334,0.017965098829481628,0.011748059855078678,0.02611156369249239,0.027312095356515027,0.0428546927925224,0.022016893195558034,0.008811044891309008,0.031814089096599926,0.5403250010719033
134,46208,0.06619364887081422,0.031777277840269964,0.014774595483256901,0.02197802197802198,0.0038288483170372933,0.030803841827463874,0.051700268235701306,0.04017045946179804,0.011097170545989443,0.021869862421043523,0.038612961841308295,0.023968157826425543,0.011594704508090335,0.02016094142078394,0.028532491130916326,0.04410746733581379,0.4883403997577226,0.009431513368521242,0.019641775547287358,0.021415592281734015
135,46172,0.050744717700034636,0.45730862487010737,0.017383962590924836,0.03197523380671978,0.004567890543817111,0.025264114998268097,0.021259092483546935,0.06314946311049532,0.009741946657429858,0.025632144094215447,0.03810183581572567,0.02548060270176654,0.011841877381364739,0.021562175268444752,0.0449861447869761,0.0433191894700381,0.023553862140630412,0.009633702805680638,0.03712764114998268,0.03736577762383097
136,48419,0.042734160490513845,0.013439583806436962,0.012799603625178058,0.014864055822787423,0.003282478994198889,0.016763351844588038,0.022626396085798632,0.033278969425462955,0.010797084993496976,0.02153223642106567,0.611119139536324,0.020128408926691304,0.010859018559425256,0.023431532442866287,0.03144160696959062,0.03325832490348686,0.023410887920890192,0.00759718408720246,0.023472821486818472,0.02316315365717707
137,45163,0.05665847774605493,0.01936569063585862,0.018347608613859194,0.48715224752672465,0.0038288736914326186,0.025872562689507116,0.027997255604984176,0.054002611601708606,0.013035876325166545,0.017860699820729034,0.041608569594759094,0.032799946882677115,0.018701724099772037,0.020737888143770887,0.03682801053493571,0.04154217294115043,0.022619126662682867,0.00810039174025629,0.024566761835203507,0.028373503308766573
138,43073,0.04425312695797461,0.48149351402780033,0.01612790940523983,0.022996774418118954,0.0026918525050472234,0.019423108161418328,0.016963311906806208,0.04302322883066855,0.014109020026454413,0.03866057132248857,0.03815004757153134,0.02967999443064999,0.017775508783329078,0.03601513006752837,0.029123059429605736,0.04116677882718771,0.02963358318056297,0.008539670016011882,0.031327593808739236,0.038846216322836656
139,41582,0.0693476275179078,0.025792029229363973,0.02483053699341378,0.026945819912504207,0.006009326474688717,0.02778712561896063,0.022643142156627084,0.06458824094995433,0.019350031248497667,0.04853132060958608,0.07578962549877409,0.028628431325417047,0.014927166963126773,0.07670304312292678,0.04379597134753137,0.05129561078794289,0.04528628431325417,0.23198403922888322,0.04764194029133215,0.048122686409307246
140,44146,0.062491509305800844,0.026830593669338404,0.0250645292759136,0.029026853235520535,0.0041208169179912145,0.03154009871847122,0.3957342752343432,0.04632522755060454,0.014875696236924332,0.03149481501607571,0.0564687768871983,0.03423447901100394,0.015056831046506363,0.032966535343929716,0.027758909568446316,0.04100439251913236,0.038762849250554725,0.005411402436263189,0.0273739980980845,0.05345741067789703
141,46680,0.053019271948608136,0.02443254817987152,0.015610278372591007,0.02815845824411135,0.0030406852248394006,0.028436830835117773,0.0215203426124197,0.04974304068522484,0.011413276231263383,0.02252676659528908,0.0236830835117773,0.025802997858672377,0.01423982869379015,0.017580299785867236,0.5427837259100642,0.0382441113490364,0.026723768736616704,0.003361884368308351,0.02032119914346895,0.0293576017130621
142,44993,0.05296247750649812,0.03159087374758403,0.01795036989314198,0.031213205074089707,0.005998267167262791,0.023881989647435185,0.3825117188367805,0.07568924532912714,0.014884588896541,0.03065780996600982,0.055561726612312,0.024748406016039812,0.01810588052340435,0.03461222313553862,0.027614244773732033,0.04398729255992713,0.03327927487614689,0.00639815164508031,0.04047719547686224,0.04787505831648635
143,48167,0.030838192873596612,0.020482702803660737,0.011538381721211115,0.020648722684541473,0.003154377736733974,0.016581235602963453,0.013323095440679021,0.044680100442027935,0.009566895635752382,0.020316682922780004,0.6098532799302716,0.022371178948679106,0.010812044742357897,0.02488222964700023,0.019403573577935956,0.02994583601386266,0.03168904476311038,0.008093469192935854,0.019403573577935956,0.0324153817419636
144,45289,0.07318634266922687,0.05301375002758834,0.3128738219779735,0.038402966298086476,0.004127215343529983,0.032377673309938425,0.01951047253305083,0.08177183341058068,0.016597144055264957,0.03224524928822088,0.04656911430400141,0.03193625990421329,0.017413758855856453,0.032554238672228474,0.041095588073009774,0.04489174336224591,0.029486415502438808,0.011719525922002252,0.030788585049327948,0.04943830144121477
145,46986,0.052823043866740416,0.03754839807684125,0.010785857124622388,0.03025145726077522,0.004084584946602562,0.030208909500914777,0.3963323831000298,0.06137514359868953,0.015849040548015145,0.03495298472535421,0.042505212100582904,0.029974896821682338,0.01576394502829426,0.03546355784367953,0.03167680721610007,0.04295196357911756,0.03195336765519295,0.018869931498106625,0.03488916308556354,0.04173935242309492
146,48416,0.5663349574696507,0.043067140143694775,0.014513997852836732,0.018127012965562805,0.003220744900487241,0.01905607399454951,0.016475348914030886,0.04862086051697085,0.013729457428359071,0.023143942522091007,0.03328103063836815,0.029440911718556447,0.009992567511768106,0.027004707242546867,0.02266908910727558,0.029853827731439426,0.021822611280865472,0.007411842431249484,0.02262779750598728,0.029606078123709637
147,46460,0.046105851979345955,0.03138984509466437,0.013209982788296042,0.027925989672977623,0.004388984509466437,0.027796901893287436,0.03042168674698795,0.06166092943201377,0.014070567986230636,0.4570998278829604,0.040899311531841655,0.030249569707401034,0.012198795180722892,0.023429432013769364,0.02525817555938038,0.03429432013769363,0.031884681583476765,0.009057659208261617,0.03328313253012048,0.045374354561101546
148,45788,0.037700838281522875,0.021590115263709395,0.01032570730003493,0.01403684945860985,0.004518861334264757,0.018664862032832692,0.01582692979392246,0.04815752706950751,0.011198917219699615,0.01659098847362906,0.03905431365700315,0.019647223192455467,0.014669926650366748,0.02300908138316451,0.5560600768424729,0.0414119804400978,0.02661107230178135,0.00984544184421935,0.03361858190709047,0.03746070555361509
149,44379,0.06488884884794703,0.023491520079281066,0.29953377328318204,0.023041059483321698,0.0047073132277754,0.02130678618887813,0.03232054776008469,0.07236649474087255,0.025541115790896192,0.02299601342372576,0.12074596274690871,0.02700511272776414,0.0158336899479718,0.03340165319038717,0.03707290704745602,0.04901011284037929,0.028649293903015835,0.0136940021171648,0.034437712561093715,0.049956080091893965
150,45466,0.044409268786000086,0.026073956821879258,0.012003693444136657,0.4137536824517434,0.0036274897770742645,0.020094094886338655,0.016840346480235677,0.11412302686540914,0.01211361737677527,0.029151826935760454,0.04662973222530009,0.023633645517302026,0.01217957173635844,0.025260519720353515,0.0296794618124258,0.037528030602822844,0.03785780240073869,0.022116695246889154,0.028272435474651542,0.04465110143780504
151,46558,0.04935806603976126,0.017862510197947528,0.013976555455365193,0.014169779724333377,0.0030915883034909183,0.0208682210485637,0.44224741294173214,0.061788827343380995,0.01464210571514449,0.021662587487655115,0.06679118897333505,0.019215080080724804,0.053523122504186525,0.02660054102795311,0.029090987161320796,0.03948215895916527,0.02428184980033492,0.01225900639787024,0.0289192322555713,0.040169178582163255
152,46262,0.040296443541765696,0.47884706797459053,0.022557365714532648,0.01646428417095199,0.004364547772352102,0.024329112830041917,0.016874810941618773,0.04001555680394106,0.01724212436800484,0.024285899485761202,0.04250032410008211,0.040836610345274624,0.01095458277516097,0.03031416101292079,0.031329674603517564,0.0415496305259064,0.03582386240871181,0.016032150728144852,0.027678147011797244,0.03770364288492287
153,45130,0.052624584717607975,0.023233665559246955,0.01991140642303433,0.4587153931339978,0.0049833887043189366,0.01754152823920266,0.01796234772978959,0.05754152823920266,0.018781838316722036,0.029789590254706535,0.046046511627906975,0.018737541528239202,0.010586932447397564,0.025227021040974528,0.030897009966777408,0.052358803986710965,0.015636766334440753,0.01619047619047619,0.027751937984496124,0.05548172757475083
154,43027,0.059516342602271934,0.02227797523636955,0.02525146932422701,0.012428276070341719,0.0052268450763119385,0.01686528677956652,0.018235881710688316,0.06404627500174229,0.01268381071851697,0.045229632727019305,0.05101400794480452,0.021604292982089345,0.014821009594164518,0.029851092991381514,0.024995934676051757,0.05247752456617186,0.4377076219016424,0.01184751550630706,0.029014797779171604,0.0449044068111599
155,44190,0.04639221895498756,0.023094322551458945,0.024881248586292693,0.026555078036643292,0.0043202895272562766,0.024225288396290432,0.03033250395838046,0.1035738520696675,0.013277539018321646,0.02612531101560733,0.05376611626328885,0.024112191811807283,0.005383397421397874,0.04241121918118073,0.026984845057679258,0.04670888939154037,0.3993214204931011,0.011852522053833974,0.03768378194978512,0.028997964261479305
156,42680,0.06587822014051523,0.04395784543325527,0.04039812646370024,0.040772833723653396,0.008618266978922717,0.035362997658079626,0.040983606557377046,0.08831381733021078,0.021100702576112414,0.03072599531615925,0.057447306791569085,0.03978922716627634,0.23365339578454333,0.04496487119437939,0.031686182669789224,0.060163934426229505,0.022412177985948478,0.01405152224824356,0.039648711943793914,0.040070257611241215
157,47167,0.04910250704643228,0.02042935554284019,0.020005509992158856,0.025791001758959035,0.0035603026257231864,0.01837370462203573,0.020259817322567656,0.06531459935999322,0.013923326339881748,0.021467777142009453,0.0345646046580626,0.025112848877868906,0.005509992158857313,0.02570623264882277,0.5203339902939369,0.04740712484370695,0.0174412444105368,0.01396571089494988,0.031385763027952616,0.020344586432703923
158,48268,0.052456096752816435,0.024933730947647448,0.02143389662027833,0.025865639496355203,0.004307488402915839,0.016360172299536117,0.01919731610337972,0.06469516235917826,0.012943174287607688,0.024353876739562623,0.07811464546056991,0.015448972829688535,0.00865639496355202,0.026072730284956925,0.02170311464546057,0.03903661365142479,0.0170435719019218,0.017229953611663355,0.03462557985420808,0.47552186878727637
159,48218,0.6041917160744641,0.01969401716489075,0.016791740951117375,0.03804054894481529,0.0023010904266346035,0.017185621294415192,0.022368257390439072,0.08004063186699283,0.008914134085161077,0.016936854761806047,0.028504498528131347,0.01320535677266885,0.0036900369003690036,0.015547908288071646,0.017185621294415192,0.04115013060242962,0.011692027032629877,0.009370206061611179,0.019652556076122558,0.013537045482814378
160,47295,0.048610377258797424,0.030370918313431257,0.03199830920426926,0.03702842650322308,0.006234809257106626,0.01938074606361619,0.031237451125435908,0.07815703265349255,0.022487583218852372,0.03159674521821832,0.05812110324421431,0.021494240727042164,0.31668604036774806,0.03559125013209342,0.04374933953291768,0.06053048716051992,0.0354433055056536,0.018852372397759696,0.040980661523829655,0.03144880059177851
161,49520,0.6202260799354057,0.016996366572466694,0.022991522002422285,0.019216794509487285,0.003693984658861526,0.0173193379087606,0.019438837303189342,0.03940250302785628,0.012414210738796932,0.024646750100928542,0.024162293096487687,0.01752119499394429,0.006863140896245458,0.019519580137262817,0.01707710940654017,0.04509487283003633,0.015159467097295116,0.006701655228098506,0.027937020589422688,0.023617278966491725
162,46354,0.05479363436408332,0.04254539181437875,0.031871307197998876,0.04696597231207142,0.004700909992668306,0.02566093069392332,0.03506275067925993,0.0692198214516755,0.01716479061543106,0.025164963125889506,0.031677232932246516,0.029736490274722905,0.013304869107689654,0.018631129512226677,0.02522965454780696,0.07435200759046018,0.3903911674645275,0.011816966403588218,0.022081338681157546,0.029628671238193814
163,48201,0.037701416395346424,0.029696605213496194,0.021048920594761617,0.0782439186246656,0.004209784118952324,0.021712531884448685,0.022936065199809213,0.06509611994774062,0.013479604321768524,0.03195703116899276,0.03262064245867983,0.014246904875469193,0.016071835922108625,0.04626614960287012,0.030567595031210468,0.048547313411169406,0.3829451898550424,0.023558200783890836,0.0360838638767342,0.04301030671284295
164,48515,0.05581539095498094,0.015164314412279799,0.022911301122901,0.022190172040795302,0.006304728546409807,0.01572061398990419,0.022004738848253838,0.05124137220562481,0.011414443185330175,0.025548573194601833,0.5591222828886371,0.00997218502111878,0.012939116101782219,0.02472442567219532,0.030246214072318946,0.026084269084166067,0.011970742762954569,0.013516019367466776,0.029937158751416504,0.03317193777686206
165,49224,0.07253675574689303,0.4840589716513687,0.027414507351149378,0.032044513037121275,0.0029851352449029324,0.029810738364064657,0.030724555275769637,0.05866704573145967,0.016793924132889285,0.02091625375680286,0.02282511575014215,0.017159450897571277,0.01208269027698806,0.029952887661440986,0.02256112419787182,0.04424904556900333,0.01356510437819836,0.008914791649744132,0.02572902282511575,0.02700836650150272
166,48838,0.10293094273199885,0.03149944737811617,0.019976257726472636,0.0792091366818126,0.006160710630807646,0.025584346473453683,0.03145851242375865,0.05802529780179295,0.020876826722338204,0.027242212124933482,0.022207212738957795,0.3277661795407098,0.03469237381800319,0.030455606041999265,0.04001391788448156,0.04691145769372467,0.019218961070858406,0.014593311228457981,0.030005321544066477,0.031171967743255966
167,49976,0.03978318265461237,0.02062164973197856,0.01744139531162493,0.025322025762060964,0.003980318425474038,0.017921433714697177,0.02066165293223458,0.03834306744539563,0.01574125930074406,0.028002240179214336,0.55076406112489,0.009480758460676855,0.0125010000800064,0.023561884950796065,0.045883670693655496,0.04058324665973278,0.015961276902152172,0.01574125930074406,0.02496199695975678,0.03274261940955277
168,51206,0.06914457502049741,0.02553390856205833,0.028071682348807248,0.02713465818139226,0.0034357552805216103,0.02000937024167415,0.017686331159957835,0.041697575449966814,0.017608245812673253,0.023562253543122632,0.512083707492289,0.016515050950689104,0.014250575879436223,0.025084917815171984,0.03250302580720728,0.0463241322765783,0.012825518291492602,0.009799711084215047,0.018154843243665328,0.03857416155858353
169,50460,0.061806656101426306,0.03613312202852615,0.03906497622820919,0.051584786053882725,0.00651743264659271,0.023751980982567353,0.022266244057052298,0.07375198098256736,0.014421553090332806,0.029100633914421553,0.020364500792393027,0.023851030110935024,0.013946117274167988,0.037618858954041205,0.03958003169572108,0.05089144215530903,0.39138272583201267,0.00958795562599049,0.022801109350237717,0.03157686212361331
170,52663,0.03885503862726117,0.017443957253763073,0.015109238274206101,0.0226828388664275,0.001974071332308335,0.012869426570240875,0.016115255395478617,0.6739935083423495,0.008541654803257217,0.016153218305715315,0.011104151244234382,0.01577358920334833,0.009224987187517795,0.0241823738207771,0.03133838240039481,0.02788375756885523,0.011350910160772925,0.00605508418275345,0.01178748362849496,0.027561072831843288
171,49951,0.045206219607372276,0.054311500670388826,0.019671409417462128,0.044425766944828,0.004462588301214704,0.02847651637950011,0.42972924296091736,0.06875988073082388,0.014688519341217907,0.02255308078685638,0.018550759440475476,0.03766184386944428,0.023933881651357788,0.028136319065057733,0.03353945288267195,0.03696143763382762,0.02255308078685638,0.010526105140981769,0.027335854795781555,0.028516539592963918
172,49428,0.04307555411745672,0.025804885940786282,0.020829962789192687,0.03931402685649571,0.003923313379712021,0.019495227309496845,0.012841773175861512,0.04867739847921048,0.012032842582106455,0.032074098042387963,0.518645850186054,0.020850186054036563,0.016401067788383756,0.01903009221808769,0.04149813945963436,0.0315280698916033,0.021274874615757968,0.009808283449280052,0.020789516259504936,0.042104837404950655
173,50177,0.048389345976851204,0.028926031436141603,0.022909735641572206,0.028607287288084947,0.002948383369524075,0.01619618702312887,0.018387553041018388,0.059744606251369604,0.01611650098611471,0.027571368806900812,0.5024603063928124,0.02127617188278184,0.016973125884016973,0.022172639799191186,0.028288543140028287,0.0474131920234277,0.012670079885252107,0.010717771978405084,0.022531226965754925,0.045699942227623164
174,49207,0.040912507363845045,0.042842342616856606,0.02118755967253743,0.0434314502204075,0.0027220834095110407,0.02074065045605054,0.029313181790480834,0.06323765413289455,0.013224449996952891,0.023564304142035874,0.017002864281796575,0.026550470270380076,0.01655595506530969,0.019562435248948747,0.04261888800861316,0.053872874641964774,0.45385662339772886,0.009100696772096614,0.024356552298535356,0.03534645621305381
175,49598,0.050727558547301384,0.03361683260107219,0.026442017009956065,0.03472530130194688,0.002942480551412794,0.019005199725905923,0.03196420653794994,0.05044540287798783,0.013966705631021,0.02079890362368495,0.4470756580273288,0.027913257285662463,0.015579023741384175,0.026945866419444558,0.06757628280059656,0.030069732758273206,0.027570639687210286,0.009895602402353985,0.02789310330928292,0.03484622516022411
176,48795,0.5676738707364539,0.018887636996824747,0.020383078971627572,0.023988528116357676,0.005018949093516337,0.014053057461845745,0.024213868687903307,0.0346409914985148,0.016367919696814504,0.024500665778961386,0.02603707876677251,0.02271842671310048,0.015487042917136127,0.0310355423537847,0.02626241933831814,0.025729796169210284,0.022902796271637816,0.013172180682167366,0.03078971627573492,0.03613643347331763
177,46388,0.037471987588346835,0.02917600413721772,0.02217290122392691,0.024327702120324084,0.007821927253921737,0.017518531287709017,0.029391484226857438,0.057813308050336146,0.014932770212032409,0.01978107222892605,0.025254266505774867,0.02120324082054818,0.017647819341492847,0.026719531115324945,0.03268832959834511,0.5174754352697811,0.03729960351663506,0.011679020858472677,0.018962247888295123,0.03066281675573177
178,44288,0.04213686016069333,0.4870677981402907,0.021576239053895458,0.02128283831362282,0.002821160964159971,0.01072041166380789,0.02843730251873251,0.06305858987090368,0.018935632391441727,0.021147422587343142,0.03450844091360477,0.025638710842285816,0.02254671842556649,0.03015256838494177,0.038841744154554485,0.025029340074027264,0.03319942222623454,0.010923535253227408,0.025548433691432698,0.03642683036923355
179,41740,0.06503831417624521,0.03647030651340996,0.029861111111111113,0.036661877394636014,0.004334291187739463,0.3458333333333333,0.0476772030651341,0.07631704980842911,0.01932471264367816,0.019133141762452108,0.03453065134099617,0.04080459770114943,0.018510536398467434,0.030699233716475097,0.04916187739463602,0.03584770114942529,0.036135057471264366,0.010225095785440614,0.024090038314176245,0.03934386973180077
180,44560,0.052332884701659935,0.03676536563481382,0.026087931807985645,0.04881112606550023,0.004329295648272768,0.35051592642440554,0.03470165993719156,0.06639748766262898,0.02148945715567519,0.025684163301929117,0.03921040825482279,0.02711978465679677,0.025863615971287574,0.02357559443696725,0.04784656796769852,0.04632122027815164,0.043023777478689997,0.01594885598923284,0.023014804845222073,0.040960071781067746
181,45419,0.025638768458812914,0.026937212526684125,0.017297915887233433,0.015053148176676424,0.002684918242038777,0.00862695041704263,0.02077510508593939,0.04379497788243579,0.01087171812759964,0.01842029974251194,0.6007834679460375,0.014657012698342834,0.014855080437509629,0.022711767424459166,0.02900592002464843,0.02594687383085015,0.04036180373687801,0.008252822465283126,0.017826096525011555,0.03549814036400449
182,40535,0.05237332018246825,0.04194304031562076,0.03003328812723462,0.021920848230797683,0.005202810997410923,0.016052274688694367,0.028874368142029344,0.05212674146221181,0.022709900135618296,0.4052767846134879,0.052348662310442606,0.02520034521020836,0.014597460239181358,0.029120946862285786,0.048970533842929355,0.034545678707927505,0.033707311059055604,0.009024781161385772,0.02184687461472075,0.05412402909628899
183,40666,0.05304035786265546,0.0508774517032886,0.023423290566779727,0.4804601091284471,0.0035638794671385733,0.01818807452194858,0.031755394976158875,0.0433072801455046,0.01600058988349801,0.013862262203214865,0.03817037801700831,0.032886005014009734,0.013469006537875436,0.02005603893231087,0.03991545003195202,0.03524553900604631,0.03276311261859116,0.007742220911370005,0.014869979845647151,0.03040357862655459
184,39278,0.05409944526439005,0.041223471932413866,0.023716219654944273,0.026031859127690977,0.004325919894142195,0.028830983765077103,0.053005241997048196,0.09410148099139905,0.025777393251564966,0.021502366532647973,0.04827217670110438,0.025319354674538143,0.017125553463280575,0.039874802788946,0.054506590666191665,0.05766196753015421,0.046847167794798715,0.2564252633721818,0.028652857651788894,0.05269988294569698
185,42499,0.05708036407253228,0.03737152802276629,0.03196218161292599,0.027963969049130975,0.004868411768856276,0.020437921870222725,0.032385521766739575,0.0668877443025471,0.017004162844845832,0.029610291869517157,0.052094357816505565,0.024295021049413203,0.3136480161810014,0.026458759613349325,0.05719795855970272,0.04835485312448552,0.06343046637973612,0.006397140102072015,0.031139020202732896,0.051412309790917
186,45297,0.04556788843039036,0.03385043140543284,0.02539885694110378,0.018072687953748043,0.004876757066884392,0.019176026656663063,0.44775691241697374,0.053732594831961515,0.015490875388926894,0.020257298585519782,0.0424344065141117,0.023015645342807336,0.008341240594037558,0.029392943045656157,0.04545755456009886,0.0370280468698281,0.055608270626917054,0.010349317033342896,0.025288523070812276,0.03890372266478363
187,46247,0.5361272613309702,0.027795188795469772,0.02636868610456697,0.017550305833531458,0.0032852789245034256,0.02033847018393239,0.01822032982471308,0.03894784619707351,0.025028638122203732,0.02003587870404392,0.043227354269781915,0.02249983789742149,0.013659843949251085,0.02139754036354205,0.03864525471718504,0.030669807854410272,0.04242764821579095,0.007716082737156072,0.016512849331056692,0.02954589664339594
188,45557,0.030980538429471006,0.03936195888276982,0.025517256510959475,0.47493253175944006,0.004015183096737389,0.024442152840248373,0.03082695219079799,0.06119314566557694,0.01516115584615047,0.02031726528731597,0.03479825350505737,0.015490269214735503,0.017486890317484696,0.023454812734493274,0.038923141057989774,0.04170963424534305,0.04467165456260833,0.00855694758321083,0.019878447462535927,0.028281808807073743
189,46092,0.04614850798056905,0.04718945176960444,0.024635669673837613,0.027129597501734905,0.005183032616238723,0.030078938237335182,0.03901370575988897,0.08453331020124913,0.023139312977099237,0.026175399028452465,0.05575555170020819,0.3202420194309507,0.016351492019430952,0.0263705759888966,0.04090041637751561,0.04972675225537821,0.05794587092297016,0.018281575294934075,0.030230742539902846,0.030968077723802914
190,47995,0.0338019368947204,0.028761845256690618,0.02778298448401541,0.01809851088201604,0.0036030407164427784,0.01780693533270853,0.017452879308549413,0.05879412683536395,0.013787358117255025,0.026470894512131627,0.041341247526814534,0.015453504113297928,0.01437050921587004,0.02890763303134437,0.044152868895136935,0.037196709361657816,0.04558991981672394,0.013558263042799125,0.020014578777465375,0.49305425387899615
191,48756,0.4977447925209119,0.023126127603739544,0.030404297195341972,0.028272101033295062,0.0036083319665409217,0.025442840741348203,0.02146547482368378,0.04297195341971461,0.014556339183204856,0.02123995407577497,0.05553960964408726,0.01824667869443989,0.012137116614728554,0.035078727242906345,0.028641134984418566,0.032556995243562405,0.040122191241594225,0.009102837461046417,0.03965064785960308,0.020091848450057407
192,49143,0.030551430954172853,0.030205642454691536,0.019079388971380916,0.022638976466041537,0.002623924496064113,0.02145922746781116,0.02766307995850538,0.6026483330960275,0.01196021398205968,0.014665500478001749,0.01680125297479812,0.020950714968573928,0.010231271484653092,0.024774728962837906,0.016150356975774466,0.029981896955027156,0.04708825742936761,0.012122937981815593,0.01901836747147245,0.019384496470923256
193,47678,0.037527778942513315,0.040022642458803305,0.01974925573399304,0.03958237242651683,0.005325170866703007,0.026059792863432428,0.03142689420940081,0.06333598893035347,0.0183026541993375,0.01914126378464506,0.025493731393349827,0.025703383789676716,0.02685647196947461,0.02683550672984192,0.4406264413602248,0.040211329615497504,0.035808629292632815,0.015283659692230282,0.035724768334102056,0.026982263407270744
194,48310,0.022573970618663355,0.02706393544382371,0.01930477963997517,0.028657148768880612,0.004283054003724395,0.025036209393751292,0.02936064556176288,0.08586799089592385,0.014297537761224912,0.0255327953651976,0.5261742189116491,0.014794123732671218,0.01696668735774881,0.020897992965032072,0.016159735154148563,0.026215601075936273,0.03362300848334368,0.015228636457686738,0.01872542933995448,0.029236499068901304
195,49618,0.03984850316289939,0.017345582013779764,0.02858696966034087,0.02820419839638986,0.004915588863370805,0.018514041661630204,0.02421531890890044,0.06009508844030783,0.017204561021797817,0.02197912889318667,0.49903299891212377,0.01893710463757605,0.023107296829042265,0.02377211007695717,0.02679398847657037,0.03150811877996696,0.04407913292235787,0.013981224062210404,0.02421531890890044,0.033663725371691045
196,48820,0.03714168714168714,0.44815724815724817,0.031224406224406226,0.0386977886977887,0.005364455364455364,0.024303849303849302,0.027293202293202295,0.07606470106470106,0.015028665028665029,0.021662571662571663,0.02192874692874693,0.024242424242424242,0.016666666666666666,0.025962325962325963,0.036732186732186735,0.04481981981981982,0.0386977886977887,0.010687960687960688,0.02282964782964783,0.03249385749385749
197,49425,0.03246030943472545,0.03203559510567297,0.025685104661745374,0.032581656385883305,0.002932551319648094,0.026008696531499648,0.02564465567802609,0.04770957629689554,0.015127919911012236,0.018849226413186367,0.026109818990797857,0.020507634745677013,0.01745373647487107,0.03444230963697037,0.033309738092830415,0.47515421175042977,0.04103549398321367,0.01506724643543331,0.03988269794721408,0.038001820204267366
198,49614,0.49617197888544146,0.020389249304911955,0.021779425393883226,0.0263529032518032,0.003908611032759802,0.022363702300842166,0.031067413466575333,0.07339726800177297,0.020832493855018737,0.02844824112503526,0.028609420961437725,0.01754845468831849,0.01664181810855462,0.023975500664866825,0.023995648144417132,0.02669541040415844,0.037877261554579524,0.01188701293468187,0.02542611919248902,0.042632066728452274
199,50467,0.022005664824608313,0.023768494860062987,0.022956404619010835,0.02555113197456771,0.0048131202091627545,0.01782637114504724,0.024144829362013984,0.0461504941866223,0.013409392516885535,0.022996018777110938,0.559213262820132,0.021352031215956583,0.012438845643432964,0.016360647295343356,0.015944698635292253,0.025907659397468655,0.03602907679204548,0.009824311208826035,0.039812228890605504,0.03949531562580466
200,48468,0.03138920970136941,0.02214981026233295,0.03140983336083154,0.028151295165814223,0.006496452730572513,0.017035142715723477,0.016643293185942914,0.08348457350272233,0.03398779079359841,0.009631248968817027,0.030069295495792774,0.017901336413133146,0.014601550899191552,0.01767447615904966,0.5142509486883352,0.03184293020953638,0.031162349447285926,0.009610625309354892,0.03145108067975581,0.021056756310839794
201,48025,0.481756686439796,0.020147778124674783,0.03213653866167135,0.03232386304506192,0.01688000832552815,0.026100530752419606,0.03409303777708399,0.04200228952024144,0.016442918097616818,0.014236653137683422,0.05580185243001353,0.02104277240087418,0.017192215631179102,0.024414611301904466,0.02487251535019253,0.025538557602247894,0.0328650223748569,0.00699344364658133,0.05384535331460089,0.021313352065771674
202,49921,0.022126108808393906,0.02270679401693999,0.013796279609939729,0.016879918303598244,0.0027232133918023266,0.013435854308083538,0.022726817644820888,0.7092569231693399,0.01263490919284756,0.0074287659438137,0.01565847700286338,0.016559540257503856,0.00967141226647444,0.01005186119621153,0.02372799903886586,0.022907030295748983,0.024448849642578242,0.005106025109629363,0.011053042590256502,0.01710017821028814
203,45809,0.03170481572803247,0.04488424360121321,0.02568242815684392,0.024918719588033777,0.005782364878133933,0.02779899190468917,0.033712278251761985,0.058325514412271705,0.021514761395622858,0.02206026751620153,0.07595627222937441,0.02533330423967357,0.023587684653821817,0.032883108948482405,0.02710074407034847,0.04165484736738746,0.047175369307643635,0.350956817735495,0.029762813938772392,0.049204652076196294
204,46250,0.03557380592176356,0.0413226712772855,0.021352928463367192,0.03311000648368273,0.006915928247244435,0.029803328290468986,0.05731575534903825,0.05052950075642965,0.016900799654203588,0.01739788199697428,0.04789280311216771,0.017722066133563863,0.0234709314890858,0.4008861033066782,0.029976226496650098,0.03196455586773287,0.0462718824292198,0.02063972336287011,0.0242489734169008,0.046704127944672574
205,45383,0.038037134110080834,0.03596678633570469,0.028456269409510383,0.02519657291368412,0.005550294033433914,0.02576922229808603,0.0293372684624364,0.04517322643878158,0.016342532431777634,0.3861198599211506,0.0725062220558113,0.01847895513512323,0.02493227319780631,0.023126225139307975,0.036385260885844546,0.03979913221593287,0.05191286919366562,0.012025637072440146,0.025703147369116577,0.05918111138030527
206,45743,0.47590848502064986,0.03568384939798527,0.031750540829928106,0.02624390883464808,0.005397373423945109,0.023490592837008065,0.029412407403360794,0.041911587964075785,0.01962283941175185,0.01533990341542294,0.04350676310556563,0.017852850556126128,0.013548062845530232,0.0219172694097852,0.03181609597272906,0.03738828311081004,0.038480868824159256,0.01625767541463628,0.030133513974171272,0.044337128247711036
207,45814,0.026290526683248244,0.03218135008945324,0.03373041846664049,0.4866911026748702,0.004101758519876074,0.024239647423310206,0.03538857616616486,0.05085744207356984,0.015817951738883798,0.012239821966225946,0.03658855871187328,0.015141597940393594,0.01806519177902867,0.02024697822577126,0.039468516821573506,0.03370860060217306,0.04544661168564821,0.012523454204302483,0.026006894445171708,0.03126499978182135
208,45675,0.040354524565050884,0.03807856439435387,0.029587482219061167,0.02418207681365576,0.006915417441733231,0.025254404201772624,0.030966188860925704,0.06698763540868805,0.0486267644162381,0.020089725352883246,0.07116752379910275,0.3260312944523471,0.022693949009738482,0.02623919466024729,0.04484079220921326,0.033045190939927784,0.04433745486377065,0.01836087099244994,0.0321917058759164,0.050049239522923734
209,48552,0.024643827719673887,0.0241703038787779,0.02919377419089187,0.030779049658239317,0.0056205221115045705,0.02204974059128716,0.024582063740426582,0.0400642345384172,0.021164456888742484,0.013443959482829613,0.049452359384007244,0.014061599275302643,0.014946882977847319,0.02390265996870625,0.03689368360372231,0.4830354937000741,0.04160833401959977,0.01861154574652063,0.05402289384830767,0.027752614675121468
210,50565,0.02579816151032915,0.021844420282692498,0.018424434120786794,0.01269150934071365,0.00521893842048038,0.013996243945833745,0.01731738657704853,0.6351092221014135,0.01597311455965207,0.01087278837600079,0.04086191558762479,0.012711278046851834,0.012394978748640902,0.018009291291884947,0.027063358703172877,0.01925471977859049,0.03593950775921716,0.01075417613917169,0.021231590392408815,0.02453296431748542
211,50280,0.47184890656063616,0.01687872763419483,0.025347912524850896,0.02204771371769384,0.005447316103379721,0.014055666003976144,0.01671968190854871,0.04210735586481113,0.025208747514910538,0.023518886679920477,0.07347912524850894,0.017157057654075547,0.016679920477137178,0.04572564612326044,0.02874751491053678,0.01705765407554672,0.032286282306163025,0.015467196819085488,0.0568389662027833,0.03337972166998012
212,50953,0.018460753732368117,0.0157730563239362,0.0192454829027132,0.013830851627332117,0.0023345692817766267,0.014183979753987405,0.014262452671021913,0.6734545739901516,0.010829262550762168,0.011535518804072744,0.02999627253644086,0.015262982363211896,0.01155513703333137,0.016086947992074236,0.027190865752457185,0.019304337590489083,0.026975065230612286,0.014340925588056422,0.018146862064230083,0.02723010221097444
213,48180,0.04383817427385892,0.025601659751037346,0.027883817427385892,0.02462655601659751,0.007385892116182573,0.01975103734439834,0.3581120331950208,0.05024896265560166,0.0845850622406639,0.024315352697095435,0.05937759336099585,0.017282157676348546,0.021763485477178424,0.030518672199170125,0.026597510373443982,0.021950207468879667,0.039564315352697096,0.031058091286307054,0.037655601659751035,0.04788381742738589
214,48724,0.03549154767766289,0.3611111111111111,0.03846627277203348,0.03602494666010175,0.006380272443787954,0.022895125553914326,0.01752010503856885,0.06183325127195142,0.019756277695716397,0.026239126866896438,0.054919579845724605,0.018156080748399802,0.017971442639094042,0.047205809945839484,0.040497291974396846,0.033173313638601674,0.05323732151649434,0.021500082061381914,0.0496266207122928,0.03799441982602987
215,50893,0.024649892954648124,0.013100779761554023,0.01889497770706892,0.019503859525072182,0.004890695892993931,0.012707952782197081,0.01380786832439652,0.6248109520161844,0.014436391491367627,0.018266454540097815,0.042818140749906704,0.010036729322569875,0.012413332547679375,0.02673187594523992,0.01787362756074087,0.02596586333549388,0.029108479170349418,0.012727594131164928,0.02637833166381867,0.03087620057745566
216,49377,0.03334210579589854,0.022916371439561108,0.023645160637285664,0.02751179221410207,0.003684434277385266,0.030933052614531248,0.010405490211956192,0.04567078972407231,0.051501103305868774,0.012490637083223677,0.04718910055266514,0.014656760532016115,0.014737737109541064,0.036581168896896575,0.022228070530599026,0.4717897848047452,0.03131769135777476,0.02091220114581857,0.042168552746118186,0.036317995019940486
217,49001,0.04755104955019277,0.3393851614614145,0.03449542033006263,0.03777972705575162,0.012096856449276841,0.022276167356847065,0.024295710001835946,0.06523734725933783,0.021664184737153466,0.016197140001223964,0.047387854184941146,0.020073029925950104,0.014055200832296362,0.038065318944941966,0.054792843883233716,0.0361273739825789,0.05691438363150487,0.016441933049101406,0.05668999000428388,0.03847330735807103
218,49668,0.02509660280148124,0.015758331991627756,0.015718080824343904,0.020729351151183385,0.006299307679922718,0.01946143938174207,0.017650136853968764,0.6527330542585735,0.010565931412010949,0.007788600869425213,0.03509901787151828,0.014470294638544517,0.010747061664788279,0.021977137336982772,0.01777089035582032,0.02300354210272098,0.03171791981967477,0.01354451779101594,0.014631299307679922,0.025237481886974722
219,45135,0.04812313143616432,0.023541136086812093,0.025800022145941758,0.03997342486989259,0.008038976857490865,0.030317794264201087,0.022101649872660833,0.050315579670025465,0.023009633484663936,0.29600265751301075,0.06402391761709667,0.013597608238290333,0.027615989369947958,0.05290665485549773,0.02367401173734913,0.05627283800243606,0.06998117594950726,0.025866459971210277,0.05248588196213044,0.04635145609567047
220,46516,0.03173886883273165,0.024432697266632285,0.032877772047447136,0.03627299295169331,0.007005329207495272,0.027462609592573493,0.021682138559394878,0.06764655320612,0.02600137527935362,0.29274110366168127,0.06766804194602029,0.017513323018738182,0.021445762420491662,0.06008251676121712,0.03350094550455561,0.052389547876912496,0.04549166236891869,0.018501805054151624,0.06670104865050713,0.04884390579336428
221,47268,0.47519455252918286,0.030409406191845713,0.018186432075790897,0.01808069700558281,0.006682456437151075,0.02013195736761969,0.023726949754694637,0.05635679242091017,0.024319066147859923,0.008754863813229572,0.045466080189477245,0.014802909829132127,0.020745220774826593,0.04305532058873287,0.024763153442733887,0.034321603789544915,0.04415496531889697,0.022458128912197596,0.03389866350871257,0.034490779901877856
222,49650,0.4636198912824643,0.020153009865109723,0.01971008657137105,0.020052345480169115,0.0064022548822226695,0.02685725790215422,0.02037447151197906,0.06275417757197503,0.036017716931749544,0.017032413931950877,0.032595127843768876,0.016045902959532916,0.023595731830078518,0.04074894302395812,0.01383128649083954,0.03791020736863298,0.03748741695188242,0.03710489228910811,0.023917857861888464,0.04378900744916449
223,50917,0.0260910536545144,0.015705675638533874,0.020574435086479378,0.01649095942046057,0.003906786815085301,0.012073738147122917,0.0116025678779669,0.0406384357147064,0.013801362467361643,0.02002473643913069,0.5936352749474841,0.007715413157429766,0.016726544555038577,0.04377957084241318,0.015273769558474194,0.026660384396411253,0.02913402830948034,0.01757072462060977,0.029683726956829023,0.03891081139446768
224,49571,0.020608578169425903,0.01782581516807485,0.016333608920973564,0.038394063438930454,0.004214474400596882,0.0102841241354278,0.018854227581617634,0.5715553225383638,0.009961484946865358,0.02153616583654292,0.046722187493698455,0.010808412816841766,0.012522433506079731,0.03260672299409167,0.015930309935270514,0.034663547821177226,0.03549031074186849,0.01956000080659797,0.02318969167792543,0.03893851706962957
225,48594,0.040893569753568934,0.023799728473279304,0.038836549142222405,0.021413584564117332,0.0054922450322952236,0.01686756901304151,0.023264903114329206,0.034660797301188956,0.05761714732381618,0.0384251450199531,0.0417986588225614,0.01600362035627597,0.013679187065454396,0.04276545850989427,0.40700209816102356,0.026103591557987412,0.028777718352737895,0.03548360554572757,0.02805776113876661,0.05905706175175875
226,49232,0.03687159912287826,0.022455940875497443,0.028425241614553724,0.5177048647770649,0.0069032729635344755,0.019674327946073256,0.031511410704133845,0.053378543003329816,0.017562738568992122,0.013847153415089743,0.0312474620319987,0.013623812230975392,0.009705189636969057,0.034638187281734754,0.01843579956143913,0.02881101275075124,0.03955169333225047,0.016425728904409975,0.03011045236741655,0.02911556891090717
227,47068,0.02166156982670744,0.0213642541624193,0.01514186204553177,0.016946992864424058,0.0025271831464492014,0.018922018348623854,0.02372154264356099,0.660486748216106,0.011085626911314985,0.011977573904179408,0.03911824668705403,0.012529731566428814,0.008792048929663608,0.01692575603126062,0.028988277268093783,0.018242439687393815,0.021958885490995582,0.006413523615358478,0.013612810057764187,0.029582908596670066
228,40373,0.051791151932265495,0.03050033421632461,0.03186195627955339,0.060208451959497936,0.005570272076844998,0.030401307157180698,0.028272225385586613,0.051642611343549624,0.024038818607184414,0.029930928626247123,0.062089966083232244,0.32290248310350805,0.019681628004852326,0.04580001485405887,0.017478275938900306,0.035674498056593965,0.040799148367291364,0.01507686975466046,0.038991904537914984,0.057287153714752556
229,41292,0.04616092176607281,0.029773431448489544,0.02858733539891557,0.022923121611154142,0.008302672347017816,0.027594887683965917,0.03594597211463981,0.05247869868319133,0.020938226181254842,0.016944229279628194,0.06380712625871418,0.015128776142525174,0.01384585592563904,0.03115317583268784,0.44384198295894656,0.030911115414407435,0.04378872966692486,0.010553834237025562,0.023939775367931834,0.03338013168086754
230,43992,0.04623738980278106,0.02133509042988276,0.027719712805598474,0.02953739889121149,0.004953194583295465,0.032445696628192314,0.04803235481232391,0.0691629555575752,0.015427610651640462,0.0154048895755703,0.043556302826501865,0.01797237117149868,0.009611015177678815,0.026379169317458876,0.015018631282377534,0.48475415795692084,0.031605016813596294,0.012655639371080614,0.020130873398164138,0.02806052894665091
231,43642,0.06273189501168064,0.37350556548028035,0.026544821583986074,0.032064495442261004,0.010535477073885758,0.025056112867023958,0.030873528468691312,0.08029865787183363,0.018139343135907655,0.02047547066098667,0.07383995236132106,0.023842242682424075,0.016742247263066282,0.03833997526453209,0.014360313315926894,0.029499335806880123,0.0433786816911731,0.01598644129907013,0.025468370665567314,0.0383170720535019
232,45070,0.0794632956309603,0.01889554224883566,0.02594810379241517,0.04304723885562209,0.010268352184519849,0.020869372366378355,0.02736748724772677,0.09021956087824351,0.014881348414282547,0.34105123087159017,0.07085828343313373,0.019782656908405413,0.018274561987136836,0.034996673320026615,0.018607229984475494,0.034065202927478375,0.05611000221778665,0.016611222000443557,0.020802838766910622,0.037879795963628296
233,47037,0.060819856769449815,0.009562870561234248,0.015385596191852435,0.017638183479609836,0.01321801219797267,0.011772956202052829,0.013749282784707908,0.060501094417408675,0.014939328898994837,0.014089295960218459,0.0709352487408887,0.0087765900928661,0.01661814395307818,0.02892237074186625,0.014663068193892513,0.020677051235735384,0.032280000850032936,0.01593811760205708,0.017765688420426293,0.5417472427056549
234,48166,0.043041547337400905,0.013115842775910016,0.016540073880380195,0.020939692026729757,0.0045241356410575684,0.013053584028556012,0.018096542564230274,0.043124559000539575,0.015606192670070145,0.013572406923172705,0.04924666915701656,0.010002905408209854,0.014755323122898767,0.036504378865230565,0.019217200016602334,0.028473000456564146,0.02735234300419209,0.01786826049059893,0.012451749470800648,0.582513593159839
235,43764,0.08025762835739082,0.017472135940069432,0.029485656860953773,0.03336835373652476,0.00803946647177051,0.010049333089713137,0.02304494792618308,0.09599397040014618,0.015096839027955418,0.3629408002923442,0.07336013155490591,0.011168463365613009,0.02466654485656861,0.036999817284852916,0.02553444180522565,0.03974054449113831,0.03270601132833912,0.01144253608624155,0.015051160241183994,0.05358121688287959
236,44017,0.06312873265662965,0.02679564911324568,0.045961350682380726,0.021254853872879623,0.009242228126348298,0.017576129164111998,0.019756114176715037,0.07984195108658627,0.028203556100551808,0.016145513999591254,0.1144265049844449,0.01312532643004746,0.030451665644798693,0.036991620682607806,0.03730953516361242,0.03612870994845244,0.018393623543838136,0.014555941594568205,0.30533415082771304,0.06537684220087654
237,45762,0.03938228998296274,0.040627320781093004,0.0394915032108689,0.021340264732864444,0.005831986370189157,0.013870079944082828,0.018478878161722948,0.06026385915862129,0.04951727753265475,0.015792232755231315,0.07227731422829933,0.029596784762570442,0.024878773317024157,0.03151893757371893,0.019046786946835002,0.03909833559040671,0.41640819536062207,0.019308898693809796,0.009108383207374077,0.0341618976890481
238,47194,0.05466598890159698,0.015207353751006058,0.07271148388189944,0.027640106747998477,0.007413055449654763,0.014953191849875038,0.013068157749819969,0.06495954589740331,0.013174058541957894,0.014762570424026771,0.060850595162451816,0.015991019612826705,0.01942220527809548,0.03880205023933579,0.03073240987842589,0.04471131444063202,0.42959715338670734,0.014868471216164697,0.017325369593764562,0.029143897996357013
239,47108,0.031170429468681038,0.017823799015447294,0.04498387370565269,0.015680699371923273,0.003225258869461891,0.012328127652351044,0.014068069937192328,0.653411984382957,0.008614836190799524,0.01122474961806145,0.0485061958920387,0.010991342726192496,0.009909183500254626,0.016487014089288744,0.019818367000509252,0.025271600746902052,0.01336784926158547,0.009102868782889153,0.010906467492785605,0.023107282295026312
240,44642,0.03743674712283373,0.020352872688191304,0.02711477318525816,0.025905691639425014,0.006023017330168824,0.012471452241278939,0.015359813711880346,0.05205767766781604,0.010344364336572478,0.0161434776767722,0.045071873180780084,0.014800053736957593,0.01838251757646321,0.03633961757198513,0.031077873807711254,0.5217186870270029,0.039048855850611255,0.011262370695445794,0.022233666203931753,0.036854596748914066
241,42247,0.054486951995646724,0.025173303049660492,0.04412425769512859,0.033927177230463484,0.010078784867627227,0.2388151513000686,0.02155345778030142,0.06783069534151939,0.017484089242198405,0.03144296969266804,0.09113492795798141,0.0228310502283105,0.021600776019116568,0.05200274445785128,0.045070622471431614,0.040811980978068,0.05708945513048004,0.026025031348333214,0.03260226654363924,0.06591430666950576
242,45491,0.5676649601195315,0.017819867724286436,0.029399485838588472,0.015534705895278065,0.004284678429390697,0.006591812968293379,0.016018105512952914,0.05315198523433895,0.010898464107578387,0.021467337566742108,0.05420667530926589,0.013491243875107117,0.01076662784821252,0.026301333743490585,0.03243171980400343,0.028256904924084288,0.01771000417481488,0.011513699984619104,0.015314978796334953,0.04717540814308629
243,42632,0.031417049610803716,0.017724842914751945,0.027501641189158772,0.025110194129231923,0.0043139829316327484,0.00841695582856607,0.01423145456250586,0.04693800994091719,0.012355809809622057,0.026024570946262777,0.0669136265591297,0.012519928725499391,0.012941948794898246,0.042342680296351874,0.02494607521335459,0.02705617556034887,0.48138422582762824,0.03835693519647379,0.023492450529869643,0.05601144143299259
244,40088,0.08711479006681959,0.03241248628702503,0.03660117682257904,0.033534456966191284,0.012391542834347262,0.014610551510920515,0.021890894584621522,0.06120973371895881,0.018874040091752267,0.04662411488979755,0.05948937867757056,0.02007080881619627,0.25575944948638674,0.034656427645357535,0.06597187593497557,0.04430537548618729,0.03039293906452578,0.01107011070110701,0.027002094345267777,0.08601775206941259
245,42488,0.03476992566105204,0.014091465135974405,0.02646560647407547,0.5557306859885198,0.0028700479909664063,0.010115742918979957,0.014044415168909382,0.039004422696904115,0.011503716947398136,0.024630657758539568,0.043191869765691164,0.013950315234779336,0.006798720240895831,0.02234873435588595,0.06659922838054014,0.02651265644114049,0.019031711677801825,0.01307989084407641,0.016843888209278252,0.038416298108591325
246,38566,0.047763437516197584,0.026330793552065516,0.0284559166537086,0.03786347379878712,0.004690820504846318,0.015990255533094903,0.3607526045716063,0.07194319183123413,0.011714093194422848,0.02871507800756751,0.08588607266884363,0.017830301145493183,0.011817757735966413,0.029829471829160837,0.07018089462499352,0.033535479189343284,0.02887057481988286,0.011843673871352304,0.025112735188928627,0.05087337376250454
247,39744,0.056810180062367974,0.38124937129061465,0.021225228850216275,0.029901418368373404,0.014510612614425109,0.015013580122724073,0.02157730610602555,0.04913992556080877,0.018836133185796196,0.023086208630922443,0.06724675585957147,0.03201388190322905,0.015566844381852933,0.029448747610904335,0.04481440498943768,0.053314555879690174,0.04124333568051504,0.009154008651041143,0.026657277939845087,0.049190222311638665
248,41551,0.04291453176493228,0.02990065189675495,0.5040773616222848,0.03853647975752327,0.0040172235452599165,0.011642731712010777,0.02290057973106252,0.04678742392533256,0.013783647254095402,0.010872964326092709,0.05005893531548435,0.02557071035096582,0.01200356017415987,0.026196146352024247,0.036515840369488343,0.03042986697457362,0.02723052127685165,0.009694258016405667,0.016309446489139064,0.0405571191455582
249,40631,0.046468721556665274,0.4260657794396202,0.022262674964945512,0.03997441637352095,0.0052889227817273865,0.017047551105753855,0.02253327101424319,0.0539224127327741,0.017047551105753855,0.016899953260682395,0.059777127253942096,0.02494403581707707,0.026272416422720227,0.026370814986101204,0.03517748640869843,0.03842463900027059,0.04895328528203488,0.009175666035275885,0.021819881429731125,0.04157339302846178
250,40064,0.058202774174234105,0.02554635265941523,0.021355154176229917,0.04814888733659316,0.0041911984831853105,0.32940824269035024,0.018885340784352857,0.0715497455343778,0.016839636762798125,0.01793733160363237,0.07539167747729768,0.02699331404051492,0.018635864684163256,0.032307154974553436,0.04433190300369225,0.037620995908591956,0.048298572996706916,0.013122442869973057,0.0187356551242391,0.0724977547150983
251,40688,0.05313451901346173,0.02387737054141692,0.021592807310602338,0.04190822442763093,0.005232386754446301,0.012577380367495332,0.021175198978087846,0.04748452392650093,0.019087157315515378,0.35707968949592217,0.08202318954505257,0.018104549474304805,0.01687628967279159,0.0384199665913334,0.040729095018178244,0.04122039893878353,0.04490517834332318,0.012798467131767712,0.027758671514198682,0.0740149356391864
252,44261,0.6065807005261851,0.025157516767914005,0.019715001919559178,0.028454641945755515,0.004042365800230347,0.010252704320137305,0.016011381856778303,0.03504889230143854,0.011404439827465505,0.009439714550258577,0.03775885820103431,0.02005374765700865,0.011494772024118697,0.01858584946139428,0.03775885820103431,0.022492716966644836,0.02655766581603848,0.007113660486438879,0.016440459790880966,0.03563605157968429
253,41332,0.04323853743470691,0.032815825111240086,0.026818533565486555,0.0498162120332753,0.0027326368736699555,0.0162265428516154,0.396014703037338,0.056442251886244924,0.01830624879086864,0.01704875217643645,0.06067421164635326,0.023626426775004837,0.019297736506094024,0.0303008318823757,0.042996711162700714,0.03170342426001161,0.03605629715612304,0.012429870381118204,0.023626426775004837,0.05982781969433159
254,40902,0.05324764185523679,0.03421142661648991,0.03328283075118518,0.046527540198426275,0.004300865060358731,0.01566394604369288,0.01915839890523435,0.041298079272762814,0.01532183177752798,0.3305312545818875,0.0834025707443429,0.024461170030790284,0.019744880504374174,0.042031181271687604,0.0410292752064904,0.0433752016030497,0.05002199305996775,0.011094276917061727,0.023703631298568006,0.06759200430086507
255,43105,0.041669565217391305,0.031443478260869566,0.026063768115942028,0.04438260869565217,0.002944927536231884,0.018481159420289855,0.017182608695652173,0.4707710144927536,0.00992463768115942,0.01746086956521739,0.06680579710144928,0.017739130434782608,0.016579710144927536,0.034597101449275365,0.027431884057971014,0.03070144927536232,0.03575652173913044,0.007744927536231884,0.02432463768115942,0.05799420289855072
256,45246,0.5871515044404189,0.031392214907436045,0.0293597843856316,0.030884107276984932,0.003357928688198648,0.018490699421199134,0.018645340873945124,0.02211372774267662,0.011951575133654399,0.010007511156276233,0.044779746388017495,0.018998807051650246,0.011355100958777007,0.019440639773781646,0.026929704413908895,0.02085450448460213,0.03373392833473247,0.008880837714841161,0.017805858701895463,0.03386647815137189
257,41731,0.059998562908672844,0.04924432947713827,0.026059256065722975,0.05690881655529209,0.0022035400349692223,0.029628032861488348,0.034825513161361406,0.027855620224665277,0.013532609997365332,0.019736054226246077,0.059016550501784386,0.024382649517376828,0.014394864793657636,0.02328087949989222,0.023089267322938374,0.3901702953222677,0.03978347824004216,0.009221336015903811,0.028789729587315273,0.06787861368589974
258,45283,0.03322075800719599,0.022007372580182327,0.01869633357614286,0.02032977948480233,0.0009050173277707878,0.014789307551376288,0.013354523982959186,0.01818864092885681,0.006357194887755778,0.009955190605478666,0.7143014811381144,0.011434121360616294,0.0077919784561728805,0.015451515352184182,0.014436130057612078,0.011809372447740768,0.02152175352625654,0.004216056331810256,0.01302342008255524,0.028210052314416263
259,35933,0.06333268433788557,0.044029705448780355,0.026479014268628486,0.04747865268545045,0.0031429922398687176,0.023252579756904847,0.03501794008844881,0.03251467193280116,0.00734291992323311,0.3933746836147192,0.09156398631546742,0.016716268461602648,0.016744082552220953,0.02775846243707062,0.021806247044752872,0.027090924262231246,0.03206964648290824,0.00865018218229355,0.022445971128973938,0.05918838483575779
260,35923,0.09601313190329132,0.04701889102189578,0.02554043902846173,0.05313969340344434,0.004451492641126227,0.028322621929165622,0.05241632584926133,0.03630748685418579,0.007873577608992014,0.020727262610243997,0.08082241326544808,0.28859583229001473,0.014884678518765824,0.030047575327602036,0.02503964610633503,0.0288790585093064,0.038755807806805216,0.004562779957154383,0.021673204796483322,0.0949280805720168
261,39076,0.14016779210149377,0.049851647227337835,0.029158993247391036,0.05228156333128709,0.004041334151831389,0.03611622672396153,0.05310006138735421,0.0373951299365664,0.1535451197053407,0.031844689993861267,0.10476775117659096,0.012737875997544506,0.018058113361980765,0.042203806015960715,0.020794966236955186,0.029772866789441375,0.04652649887456517,0.0037343973808062207,0.04596378146101903,0.08793738489871086
262,46188,0.12781336565096954,0.06295446675900276,0.029756752077562326,0.05992468836565097,0.004717797783933518,0.04847645429362881,0.07470567867036011,0.044710872576177285,0.005648372576177285,0.03073060941828255,0.10920186980609418,0.013893698060941827,0.0204077216066482,0.04832496537396122,0.023156163434903048,0.03399844182825485,0.056245671745152354,0.07834141274238227,0.046160837950138506,0.0808301592797784
