Single,Code,Fitness,evolutionary_score
1,H_26_A,1.2943052166232147,-1.0452576070674082
1,H_26_C,0.5646457244427806,-4.235581530007192
1,H_26_D,1.0991832056746382,-2.1064683785300953
1,H_26_E,0.9899323663642194,-2.654314494539765
1,H_26_F,0.7883454553324866,-1.4177362161792666
1,H_26_G,1.1274581370227683,-2.257137607291704
1,H_26_H,1.3516090041786577,0.0
1,H_26_I,0.7909332590148239,-0.7841253394704206
1,H_26_K,1.2413163782664245,-2.152673780350848
1,H_26_L,0.8055303584173231,-0.3104960630675613
1,H_26_N,1.482478176038101,-2.2752259557641312
1,H_26_P,0.2835753167484767,-3.5195500556136494
1,H_26_Q,0.9294491653331906,-2.3897548395088406
1,H_26_R,1.0547015871861982,-1.8127473088615451
1,H_26_S,1.1215134066647086,-1.9028984058558422
1,H_26_T,1.2289471428920382,-2.0210184255086747
1,H_26_V,1.2224283156200593,-0.6807627090699326
1,H_26_W,0.6020732255163843,-2.661962715378025
1,H_26_Y,0.705433437731483,-2.481562388761959
1,P_27_A,0.2544734179296761,-1.2507222022511488
1,P_27_C,0.622608797151287,-4.639123282727089
1,P_27_D,0.6840728448427804,-0.8453731236146007
1,P_27_E,1.0125624341139372,-1.9079742285464296
1,P_27_F,0.5521035821038021,-1.8342021086208873
1,P_27_G,0.4454167961517595,-2.003015807758218
1,P_27_H,1.0985936565314256,-3.3530480377645757
1,P_27_I,0.6532276964220137,-1.3873911257744247
1,P_27_K,0.7541957190520997,-2.352122920749712
1,P_27_L,0.7878221401278973,-1.450387872503076
1,P_27_M,0.8514601210669859,-2.838809441402348
1,P_27_N,0.5808698551023188,-2.1741739113683636
1,P_27_P,1.124785472917721,0.0
1,P_27_Q,1.036553705435413,-1.739629454734315
1,P_27_R,0.5507386894448003,-1.1252724559542058
1,P_27_S,0.8671340049319117,-1.9547181331333379
1,P_27_T,0.8887606616380638,-2.1936435529185156
1,P_27_V,0.9196277252104428,-1.7094427020692007
1,P_27_W,0.7412390880190505,-4.0663397844169875
1,P_27_Y,0.5862341294675438,-3.234948496329322
1,E_28_A,1.0727722818152765,-1.4115568170187769
1,E_28_D,0.6565655080563307,-1.644899807701879
1,E_28_E,0.5729900002672144,0.0
1,E_28_G,1.000394386046268,-1.68256844852745
1,E_28_I,1.123508365455534,-2.938400638396729
1,E_28_K,1.0125624341139372,-2.972966291509011
1,E_28_L,1.1766439799438428,-2.788302813269974
1,E_28_Q,0.7711876571911689,-2.2704841540130136
1,E_28_R,0.4257300605334929,-1.9981633667227185
1,E_28_T,1.155094484888591,-2.991901768511216
1,E_28_V,0.7693275439308406,-2.8060023903693763
1,T_29_A,0.2986200349110763,-1.2196320492335284
1,T_29_C,0.4598138626052218,-3.980792075649693
1,T_29_D,0.0956669800090193,-2.671703540868136
1,T_29_E,0.0340820013729526,-3.012718658669649
1,T_29_F,0.0559173525334539,-2.4386003093675956
1,T_29_G,0.047699430992642,-2.186704316662042
1,T_29_H,0.2305890430098576,-3.7259872424290146
1,T_29_I,0.6378742151562151,-1.9942597522366385
1,T_29_K,0.1165611455726138,-2.890371757896167
1,T_29_L,0.554386052333568,-1.6813587975568673
1,T_29_M,0.3379022510446643,-2.7492313148049217
1,T_29_N,0.2043603003951696,-2.8962645268633196
1,T_29_P,0.2672035104173789,-3.688748897288902
1,T_29_Q,0.2820965381567997,-2.727030604824729
1,T_29_R,0.0428360085517616,-1.9552235239100033
1,T_29_S,0.4299667092422109,-2.1041602676807525
1,T_29_T,0.3010366127581921,0.0
1,T_29_V,1.1766439799438428,-2.1484903713101104
1,T_29_W,0.0086843035300131,-3.77885073198608
1,T_29_Y,0.0152823568814878,-2.5026901652766735
1,L_30_A,0.7412390880190505,-2.188089575257134
1,L_30_C,0.4598138626052218,-5.343547024337524
1,L_30_E,0.3128551735621703,-4.328001334368021
1,L_30_G,0.4257300605334929,-3.1455176179840034
1,L_30_H,1.0125624341139372,-4.868123327622448
1,L_30_I,0.0398671384472634,-2.796028527096844
1,L_30_K,0.6233052919611519,-4.824063337828423
1,L_30_L,0.9463146509843132,0.0
1,L_30_M,0.9674250948278053,-4.1074859054600745
1,L_30_N,0.4112281317846745,-4.090784055842147
1,L_30_P,0.1554371077227303,-4.299538869704262
1,L_30_Q,0.5015185144609537,-3.839469627561236
1,L_30_R,0.5302254656263187,-3.7283287489879093
1,L_30_S,0.5121640397695534,-3.1091787065555296
1,L_30_T,0.6522043039183473,-3.9554427079723853
1,L_30_V,0.906839957812812,-2.918359609251132
1,V_31_A,1.178344075642722,-1.9394798852775033
1,V_31_C,0.9957233495597434,-4.882899669519651
1,V_31_D,1.1365631664384768,-2.490886766624335
1,V_31_E,1.1365631664384768,-2.5732428659234556
1,V_31_G,1.2751083711754765,-2.608448587812391
1,V_31_I,1.1586580613526891,-2.9481110438081872
1,V_31_L,0.9534808488164986,-2.8131826777317994
1,V_31_M,0.906839957812812,-3.600175313283788
1,V_31_N,1.565690296532997,-3.247982671784558
1,V_31_P,0.0957779167706062,-3.7714666924224747
1,V_31_Q,1.2041464510327688,-2.2342114468434198
1,V_31_R,0.6084298614165348,-2.383051439733441
1,V_31_S,0.7585645551405479,-2.8238254306642365
1,V_31_T,0.985233007068312,-3.1250417519672675
1,V_31_V,0.9924483083781,0.0
1,V_31_W,1.517129110281096,-4.305923920721736
1,V_31_Y,0.0820706885070413,-4.121189817522406
1,K_32_A,1.0022933847755402,-0.9110844410261636
1,K_32_C,1.3912135281912703,-4.161734344597532
1,K_32_D,0.1380258955259505,-2.52032567728695
1,K_32_E,0.3782150995757448,-2.062191623596597
1,K_32_F,0.4100741951078472,-2.659350428327583
1,K_32_G,0.187925906306847,-1.6780975362499964
1,K_32_H,0.3855938285955844,-3.181539810743889
1,K_32_I,0.7255977395784445,-1.8120525679403754
1,K_32_K,0.8667283900714916,0.0
1,K_32_L,0.9379259085196668,-2.2671556571403118
1,K_32_M,0.978070840415222,-3.104578769607758
1,K_32_N,0.398896913782862,-2.690333973847549
1,K_32_P,0.0196696332267011,-2.716309460250809
1,K_32_Q,0.6866590655803946,-2.124411111062771
1,K_32_R,0.9324891645809104,-1.5637558711084083
1,K_32_S,0.7944403839334219,-1.9091076105371425
1,K_32_T,1.2690675531202629,-2.389625229995758
1,K_32_V,0.8720567128701615,-1.6410947697967357
1,K_32_W,0.2196785429145819,-4.136670375934319
1,K_32_Y,0.2128650302667464,-2.931707962423201
1,V_33_A,0.573969056613461,-2.277822041009853
1,V_33_C,1.0727722818152765,-5.190907969740297
1,V_33_D,0.0017855385117073,-3.3407377383557986
1,V_33_E,0.0015984262171264,-2.8341765133762644
1,V_33_F,0.0226749293618264,-3.297931897358062
1,V_33_G,0.015317321684674,-2.78960088878756
1,V_33_H,0.0033788268515437,-3.569511768317297
1,V_33_I,0.933088525641399,-2.7294572289042467
1,V_33_K,0.0015249851047772,-3.5784670520463973
1,V_33_L,0.90862749475576,-2.6358395412603333
1,V_33_M,0.4778659461837627,-3.723414831453927
1,V_33_N,0.0124131309989597,-3.195747427927203
1,V_33_P,0.0019352838069207,-4.033884918915745
1,V_33_Q,0.0016630080489589,-2.9019491284579866
1,V_33_R,0.0015715216541248,-2.6624762152112265
1,V_33_S,0.041064253061363,-2.964051594797679
1,V_33_T,0.3036562284827307,-3.1011811574002577
1,V_33_V,0.9982816873882856,0.0
1,V_33_W,0.0194170234220101,-4.494008439561773
1,V_33_Y,0.0020390720469384,-3.2439242832764323
1,K_34_A,1.123508365455534,-1.3009707482439816
1,K_34_C,0.6452861056120898,-4.198122193125544
1,K_34_D,0.1998655693105925,-2.557541633335573
1,K_34_E,0.7944403839334219,-2.7369002249988696
1,K_34_F,0.5286962015080352,-2.2115066744261744
1,K_34_G,0.7219224963148838,-2.000897615789305
1,K_34_H,0.9557318923675256,-2.7966376665116632
1,K_34_I,0.8814867973903835,-1.5159132232072017
1,K_34_K,0.9725146354613826,0.0
1,K_34_L,0.9138643041610232,-1.5605236529739261
1,K_34_M,1.2426894990086488,-2.5244646879571304
1,K_34_N,0.7866124178272164,-2.6518631823129573
1,K_34_P,0.00341952313795,-2.323185217418561
1,K_34_Q,1.3658782258264763,-2.2900925478337184
1,K_34_R,1.123508365455534,-1.5246775212007904
1,K_34_S,0.9499383990021284,-2.0799015585552354
1,K_34_T,0.6233052919611519,-2.134752999992881
1,K_34_V,0.8514601210669859,-1.5331641350781091
1,K_34_Y,0.6565655080563307,-3.0038905578551454
1,D_35_A,1.3737808381253978,-2.0227599333568107
1,D_35_C,1.2041464510327688,-4.668970369294728
1,D_35_D,1.2289471428920382,0.0
1,D_35_E,1.000394386046268,-2.8410227407746778
1,D_35_F,0.037629576594774,-2.9646792110372915
1,D_35_G,1.0727722818152765,-2.520954804301599
1,D_35_H,1.446650948274519,-3.7181082933554874
1,D_35_I,1.141624235065758,-2.2937140860033196
1,D_35_K,1.1586580613526891,-3.488384497666944
1,D_35_L,1.0322474586215806,-2.405324622006317
1,D_35_N,1.123508365455534,-2.9420844857072925
1,D_35_P,0.0016630080489589,-3.4097673069846266
1,D_35_Q,1.417456898226404,-2.8123583578871103
1,D_35_R,1.2514206942486803,-2.5647136584951644
1,D_35_S,0.8514601210669859,-2.6072732729139614
1,D_35_T,1.482478176038101,-2.4949041271016585
1,D_35_V,1.1861379984472424,-2.492051058119252
1,D_35_Y,1.2289471428920382,-3.550456926309323
1,A_36_A,1.2271264045493149,0.0
1,A_36_C,0.8016552606427397,-5.490850831507871
1,A_36_D,0.0083177835985904,-3.760563226373453
1,A_36_E,0.0302788005537386,-3.2382761590884566
1,A_36_F,0.6378742151562151,-3.3417391409700885
1,A_36_G,0.3926856726659996,-2.422230842205355
1,A_36_H,0.0401795681035048,-3.7265656178320348
1,A_36_I,0.7711876571911689,-3.5368434722199082
1,A_36_K,0.0563806478851258,-3.636078394451053
1,A_36_L,0.5198426349712002,-3.5333932100277554
1,A_36_N,0.0344479004733509,-3.445521124334866
1,A_36_P,0.016045147547778,-3.904440252345052
1,A_36_Q,0.6120921905683854,-3.7420045209836865
1,A_36_R,0.0091281161631761,-3.1313783641117423
1,A_36_S,1.0634600711339643,-3.15233372928773
1,A_36_T,0.7369700352984075,-3.4043206525502696
1,A_36_V,1.039035442373756,-3.5185781242426155
1,A_36_Y,0.3379022510446643,-3.8107953518597903
1,E_37_A,0.3559991907057044,-1.942339539410582
1,E_37_C,0.1458498559667882,-4.375872415152227
1,E_37_D,0.1728464486032767,-2.907068384755235
1,E_37_E,0.806118516739804,0.0
1,E_37_F,0.0064254395591355,-2.6112358793839063
1,E_37_G,0.1656380313942463,-1.6001349855736224
1,E_37_H,0.0226749293618264,-3.1062149577580924
1,E_37_I,0.0345064738814876,-2.04971415444011
1,E_37_K,0.0347913354299355,-2.7618578356907113
1,E_37_L,0.0108062581834129,-2.171031654770694
1,E_37_M,0.1064325151333732,-3.239746350382618
1,E_37_N,0.0450175660256097,-2.594874002880464
1,E_37_P,0.0016630080489589,-2.9028534153959216
1,E_37_Q,0.4926165035341559,-3.1283657005456837
1,E_37_R,0.0476869349192909,-2.43127374169472
1,E_37_S,0.1997370490043255,-2.390766757414904
1,E_37_T,0.0468056294175834,-2.3745163998161027
1,E_37_V,0.1036773653131883,-1.8269290903138224
1,E_37_W,0.0026042247316488,-3.9983160951611443
1,E_37_Y,0.0064834340061456,-3.017486842149411
1,D_38_A,1.2628102418779314,-1.8106722777332884
1,D_38_C,1.1667988477343052,-4.4037403948976825
1,D_38_D,1.0888836952739775,0.0
1,D_38_E,1.124568753356329,-2.5315630538573677
1,D_38_F,1.2041464510327688,-3.052188982221649
1,D_38_G,1.3597447604454256,-1.4884777494030461
1,D_38_H,0.7982916725235227,-2.7721115091550903
1,D_38_I,1.1934928029316194,-2.4075479152682266
1,D_38_K,1.4598183557077995,-2.5005413639354037
1,D_38_L,1.248101156221477,-2.3775195494227406
1,D_38_N,1.05272810242488,-2.5831327713319547
1,D_38_P,0.200518029449971,-2.560484399902438
1,D_38_Q,0.0502294701397188,-2.973312455438295
1,D_38_R,1.3554227265500922,-2.205973958973277
1,D_38_S,1.0727722818152765,-2.203809455963704
1,D_38_T,1.2161295031585269,-2.3996270817767824
1,D_38_V,1.1766439799438428,-1.8417974282762606
1,D_38_W,1.217684065165496,-3.7631710304176345
1,D_38_Y,1.0547015871861982,-2.970981452051819
1,Q_39_A,1.2191434302042743,-1.418625583936206
1,Q_39_C,0.8980912032930747,-4.38468702711583
1,Q_39_D,1.2041464510327688,-2.9170897187101
1,Q_39_E,1.128386152627199,-2.041935892396433
1,Q_39_F,1.1459800005344287,-2.370877500394922
1,Q_39_G,0.8381520343703224,-1.6258536799445173
1,Q_39_H,1.0455824758523624,-2.923406859111364
1,Q_39_I,0.978070840415222,-1.6387480910445622
1,Q_39_K,1.2690675531202629,-2.5624319211941073
1,Q_39_L,1.1586580613526891,-2.067994266611088
1,Q_39_M,1.123508365455534,-3.2363309134491374
1,Q_39_N,1.2652652531969302,-3.0517012194504307
1,Q_39_P,0.0697260645731601,-2.627206041343251
1,Q_39_Q,1.0202204090662674,0.0
1,Q_39_R,1.0967083111243054,-2.007369644794654
1,Q_39_S,1.087452109026117,-1.8984151894024737
1,Q_39_T,1.0125624341139372,-1.9937708454568344
1,Q_39_V,1.259828948053181,-1.3598735442609797
1,Q_39_W,1.0286397901381297,-3.462946690474098
1,Q_39_Y,1.3294853378658074,-2.6385805715609365
1,L_40_A,0.4033457239945585,-2.3190868425612847
1,L_40_C,0.3789761245145727,-4.879006851617825
1,L_40_D,0.292022384647777,-3.0990926233937346
1,L_40_E,0.3163163132992325,-3.4940721100139682
1,L_40_F,0.5592068222500275,-3.2993560283503074
1,L_40_G,0.4211911028513685,-2.960646654330737
1,L_40_H,0.4002912171023425,-3.374929454841547
1,L_40_I,0.7772398984989042,-2.933096702562507
1,L_40_K,0.2695584175382365,-3.385858525373736
1,L_40_L,0.8689968584587932,0.0
1,L_40_M,0.9081697363516514,-4.288807640310324
1,L_40_N,0.3445835812442956,-3.011394039871506
1,L_40_P,0.3855938285955844,-1.6471718821071133
1,L_40_Q,0.3358539418219486,-4.025517020982702
1,L_40_R,0.2390514176774378,-2.792120267088873
1,L_40_S,0.5080043890082389,-2.6294327745902777
1,L_40_T,0.6359379307681128,-2.5543837799257747
1,L_40_V,0.4080618848530971,-2.58077906399273
1,L_40_W,0.3331749561896978,-4.316290286004152
1,L_40_Y,0.6100493530288892,-3.444958059202033
1,G_41_A,1.1459800005344287,-2.5888529761802044
1,G_41_C,0.8800332060016249,-4.722212206419769
1,G_41_D,0.9425740489801812,-3.9316908618346353
1,G_41_E,1.3999757783443705,-3.742804417755412
1,G_41_G,1.1579122025121946,0.0
1,G_41_I,0.6020732255163843,-2.7559478463726697
1,G_41_K,1.2426894990086488,-3.6609032782816175
1,G_41_L,0.8684904358498142,-3.085866841065733
1,G_41_M,0.7412390880190505,-4.097652135523389
1,G_41_N,1.1115908518416806,-3.9163452921599786
1,G_41_P,0.1369429467120128,-3.6261283641050097
1,G_41_Q,0.8868947838272773,-4.001051989632144
1,G_41_R,1.1042071642076043,-3.705116775423636
1,G_41_S,1.0286397901381297,-2.7282336543234225
1,G_41_T,0.6758045020893289,-3.1280417661164455
1,G_41_V,0.8321715469178218,-2.193457841194965
1,G_41_W,0.4848165544098202,-4.718431483579866
1,G_41_Y,0.7412390880190505,-3.945531913246513
1,A_42_A,1.1061092343288994,0.0
1,A_42_C,0.4995773127605145,-5.081251368548994
1,A_42_D,0.1320006433907944,-3.7454727975659976
1,A_42_E,0.146402375375746,-3.2563843135464214
1,A_42_F,0.0936112588351668,-3.61226529158398
1,A_42_G,1.117417149007737,-3.4190434201348188
1,A_42_H,0.0874545870483961,-3.846238244828399
1,A_42_I,0.1001181793886079,-3.121364751591249
1,A_42_K,0.0382439372127985,-3.1367496704307265
1,A_42_L,0.1929148178489639,-3.3932117255212937
1,A_42_M,0.632632626598465,-3.9113499961335725
1,A_42_N,0.4642619230398223,-3.865038509328545
1,A_42_P,0.0342884111953957,-4.483660703550253
1,A_42_Q,0.7277908743167324,-3.7249592577328903
1,A_42_R,0.0262827467515793,-3.4246666776891797
1,A_42_S,0.7898096316954966,-3.6077403969856894
1,A_42_T,0.5382964688506973,-3.321187630131059
1,A_42_V,0.260220561400363,-2.9537236402015092
1,A_42_W,0.2571599475345323,-4.040087306793422
1,A_42_Y,0.0353315748463074,-3.5920625842664595
1,R_43_A,0.7369700352984075,-1.3676143383839139
1,R_43_C,0.2402202815624742,-3.75826165790092
1,R_43_D,0.4036251190909516,-3.2284583759492027
1,R_43_E,0.3914225741332492,-2.800775169588498
1,R_43_F,0.5477717868480511,-2.8589364601850646
1,R_43_G,0.2213016122283815,-2.1976606397000475
1,R_43_H,1.277547441711835,-3.3434941571304484
1,R_43_I,0.6804126491352309,-2.00662673695336
1,R_43_K,1.3021664438660383,-2.857037124381412
1,R_43_L,0.7042335509951797,-2.1676922297712036
1,R_43_M,0.8963194240635527,-3.463014812685372
1,R_43_N,0.8250513775135778,-3.319102704006285
1,R_43_P,0.8514601210669859,-2.988672781841037
1,R_43_Q,0.7685360643762654,-2.862745988601733
1,R_43_R,0.9600256561116516,0.0
1,R_43_S,0.6561837930710464,-1.6882098565709232
1,R_43_T,0.6958613900409529,-2.1202635362000914
1,R_43_V,0.6717078836438972,-1.5913464239972335
1,R_43_W,0.3666117337744201,-3.846123013692256
1,R_43_Y,0.8514601210669859,-3.225711121474063
1,V_44_A,0.2807618590228343,-2.738909051374674
1,V_44_C,0.534979630489455,-5.51305905418142
1,V_44_D,0.0009250743010862,-2.7142544898107346
1,V_44_E,0.0013804495377756,-3.4860078997034947
1,V_44_F,1.1724682589350868,-3.2803600886515314
1,V_44_G,0.0037214128518802,-3.187408688256367
1,V_44_H,0.0133040643916716,-3.2644023032129175
1,V_44_I,1.060295847344812,-3.219682900272674
1,V_44_K,0.0010136145586281,-3.013674385212754
1,V_44_L,1.0786904127623032,-3.6209516111190734
1,V_44_M,0.7677757328421806,-4.739869165947925
1,V_44_N,0.0939629531534235,-3.094173505491203
1,V_44_P,0.0008980739504008,-3.170452286837878
1,V_44_Q,0.0037472653770179,-3.703405095076805
1,V_44_R,0.0008882472063921,-3.2741239882638196
1,V_44_S,0.0237051423481421,-3.203001946348664
1,V_44_T,0.2883841674525892,-3.3392547510532893
1,V_44_V,1.0263443600667028,0.0
1,V_44_W,0.6271293158432449,-4.590123779588596
1,V_44_Y,0.3459632898110534,-3.4181133259656065
1,G_45_A,0.4628102964846646,-2.8002196471508434
1,G_45_C,0.0541644043773651,-5.6062431454768875
1,G_45_D,0.0008594074277359,-3.8863377800167918
1,G_45_E,0.0008531268362663,-4.0767146162710635
1,G_45_F,0.0015327773540232,-4.22195078702765
1,G_45_G,0.9827578356702972,0.0
1,G_45_I,0.0008315040244794,-3.5069989765008467
1,G_45_K,0.0008315040244794,-4.119198881256835
1,G_45_L,0.0010291741679372,-3.716752187755474
1,G_45_M,0.0008315040244794,-5.022910830924142
1,G_45_N,0.0008315040244794,-4.455671117878049
1,G_45_R,0.0008539699155743,-3.780404362595948
1,G_45_S,0.3097522928460001,-3.7155437283939063
1,G_45_T,0.003703357823174,-3.4001689528636616
1,G_45_V,0.0010114353809581,-3.0744529097900104
1,G_45_W,0.0009276742177755,-5.622372527406761
1,G_45_Y,0.0011394519997405,-4.31425946382822
1,Y_46_A,0.0166444137461947,-1.4188181751027926
1,Y_46_C,0.0276990799451886,-3.7705046194478835
1,Y_46_D,0.0018324770768918,-2.205845320380128
1,Y_46_E,0.0034271397709352,-1.937661751959999
1,Y_46_F,0.9438698638062912,-2.738320799415995
1,Y_46_G,0.0073993069656992,-2.028434411266195
1,Y_46_H,0.0487345207245709,-2.948740061065831
1,Y_46_I,0.4744703587214724,-2.36239121093334
1,Y_46_K,0.0008315040244794,-1.7915336081316688
1,Y_46_L,0.888093738563362,-1.9444805562457206
1,Y_46_M,0.6020732255163843,-3.0888612633694135
1,Y_46_N,0.0008956072743496,-2.6460844468238878
1,Y_46_P,0.0008315040244794,-3.1537304176725036
1,Y_46_Q,0.001576660621449,-2.378507595215798
1,Y_46_R,0.0009447510691677,-1.6869864312742706
1,Y_46_S,0.0018793916594243,-1.6756594493295949
1,Y_46_T,0.0076365930816187,-1.9257104535637297
1,Y_46_V,0.3727793543832695,-1.387876818780288
1,Y_46_W,0.037629576594774,-4.001028278059717
1,Y_46_Y,0.972317819412672,0.0
1,I_47_A,0.9499383990021284,-1.7076763520175136
1,I_47_C,1.081353981236806,-4.72980865029574
1,I_47_D,0.0074322300144496,-2.7857199953688045
1,I_47_E,0.1064325151333732,-3.1619892278441433
1,I_47_F,1.108772104667137,-3.2522656177106932
1,I_47_G,0.0420780852400178,-1.3550729610468606
1,I_47_H,0.1247041918739174,-3.2068032436339364
1,I_47_I,1.1353246236285068,0.0
1,I_47_K,0.0020546317603744,-2.7264368273526496
1,I_47_L,1.0072591189682538,-2.424679026666686
1,I_47_M,1.0243280795391068,-3.94251003861268
1,I_47_N,0.0301332035110597,-2.6810890073741933
1,I_47_P,0.0008315040244794,-2.573759987143692
1,I_47_Q,0.182477294463475,-3.00726955795886
1,I_47_R,0.0364159392595991,-2.4984938153343093
1,I_47_S,0.328734520350912,-2.6527585007479653
1,I_47_T,0.9820666650730924,-2.3129853676118355
1,I_47_V,1.1962980450843677,-1.7920969080704685
1,I_47_W,0.0048307816716339,-4.082271980987839
1,I_47_Y,0.7267040574911103,-4.180252389348041
1,E_48_A,0.8514601210669859,-1.6054879402147875
1,E_48_C,0.3523995205698063,-4.508421846779623
1,E_48_D,0.4290967462605202,-2.097546402554112
1,E_48_E,1.0615651147505871,0.0
1,E_48_F,0.6213447495043237,-2.732759304593731
1,E_48_G,0.2088991991367268,-1.9648885778378458
1,E_48_H,0.5729900002672144,-2.8544801033567646
1,E_48_I,0.3855938285955844,-2.3065507293873937
1,E_48_K,0.7452016979665559,-2.5380068805209715
1,E_48_L,0.632632626598465,-2.088985622609855
1,E_48_N,0.8153610053177501,-2.8858962995901396
1,E_48_Q,0.978070840415222,-3.0265451599835287
1,E_48_R,0.1028070329461686,-2.401662253428392
1,E_48_S,1.2041464510327688,-2.175754862984824
1,E_48_T,1.0727722818152765,-1.9843712563231062
1,E_48_V,0.6077394573208539,-0.8994478842048701
1,E_48_W,0.0640205049711941,-3.757118746062592
1,L_49_A,0.5579682231682074,-1.4953886543972703
1,L_49_C,0.5808698551023188,-4.828898931896223
1,L_49_D,0.0037161150072248,-3.491013709983995
1,L_49_E,0.2584596308164804,-3.6768614765545085
1,L_49_F,0.3308788236151493,-3.151118766085282
1,L_49_G,0.0409277414748421,-2.5141924783698095
1,L_49_H,0.0469149932069509,-3.151118766085282
1,L_49_I,1.2041464510327688,-3.0463278887225504
1,L_49_K,0.0901212332721375,-2.626268935993072
1,L_49_L,0.9488558707661428,0.0
1,L_49_M,0.991388800787126,-4.073693437517975
1,L_49_N,0.0220249700356128,-3.0597509090546944
1,L_49_P,0.0008509393131337,-3.1602721480717673
1,L_49_Q,0.4283968765804599,-3.2643563393699884
1,L_49_R,0.0334738862893396,-2.4365623171016573
1,L_49_S,0.2374251823318891,-2.9674693138102324
1,L_49_T,0.6969474890618708,-2.4528593903529994
1,L_49_V,1.160032211741517,-1.6349657508735786
1,L_49_W,0.0454113540982417,-3.418507019197248
1,D_50_A,0.4736380421561441,-2.395580061592463
1,D_50_C,0.3831847010551727,-5.341688490228476
1,D_50_D,1.1006691439553675,0.0
1,D_50_E,0.9452028382999086,-3.602894556580303
1,D_50_F,0.0276937237916855,-3.5459686197842957
1,D_50_G,0.2611377379076062,-3.0001879809847267
1,D_50_H,0.4036251190909516,-3.589043919646407
1,D_50_I,0.062656711660192,-3.1123570335822044
1,D_50_K,0.0690129477629752,-3.455340602324473
1,D_50_L,0.1046483062488845,-3.222377788783624
1,D_50_M,0.2491840906817982,-4.123531050910557
1,D_50_N,0.4055174400179764,-3.6736822236432753
1,D_50_P,0.0080716585775222,-3.8429161456818686
1,D_50_Q,0.4449887803880207,-3.4650141965028545
1,D_50_R,0.0516868061105652,-3.163156045904376
1,D_50_S,0.5180021053310918,-2.9634659830287777
1,D_50_T,0.2027006846209738,-2.772474733980451
1,D_50_V,0.1457063711008677,-1.9218822633650121
1,D_50_W,0.0219479935416697,-4.609625893418826
1,D_50_Y,0.0652503235932584,-3.186793510058714
1,L_51_A,0.6758045020893289,-1.914976867516645
1,L_51_C,0.482910877878476,-4.934571809219671
1,L_51_D,0.018814788297387,-2.7735189320936446
1,L_51_E,0.0460857285032865,-2.900355365544742
1,L_51_F,1.1798462480027014,-3.079124520734328
1,L_51_G,0.1821906549743411,-2.2370072296053625
1,L_51_H,0.1439515139087841,-3.0952106584859553
1,L_51_I,1.022936695534861,-2.8225050402237297
1,L_51_K,0.0882871857584894,-2.4795868392966907
1,L_51_L,1.0357098301011778,0.0
1,L_51_M,1.3681456896855595,-3.7064042763066514
1,L_51_N,0.1453911002998092,-3.6711755844229126
1,L_51_P,0.1863004244916391,-3.0780612564129983
1,L_51_Q,0.1348025662499705,-3.0695955973884534
1,L_51_R,0.044541867788758,-2.4720220665329182
1,L_51_S,0.415787953926951,-2.9375141489973893
1,L_51_T,0.5557954259208403,-2.469705910315089
1,L_51_V,1.0727722818152765,-2.0807636778565666
1,L_51_Y,1.0125624341139372,-3.1462194983132035
1,N_52_A,0.9948154830848888,-0.699200712101383
1,N_52_C,0.5327534244761787,-3.9428298703153573
1,N_52_D,1.3396506857461177,-2.084847614474149
1,N_52_E,1.1724682589350868,-2.2384590653856744
1,N_52_F,0.9932528042722056,-2.5838768547997724
1,N_52_G,1.2322917554076236,-1.7530093064416332
1,N_52_H,0.9957233495597434,-2.0919928218787938
1,N_52_I,0.932767784010548,-2.7760549302162687
1,N_52_K,1.0251733401388912,-2.017884849725074
1,N_52_L,0.9488558707661428,-2.7518035821711493
1,N_52_M,1.2905722112241798,-3.7508730015377187
1,N_52_N,1.0852375460444716,0.0
1,N_52_P,1.1766439799438428,-1.8854133406125932
1,N_52_R,0.9932528042722056,-1.646488293960979
1,N_52_S,1.0584578846740138,-2.1251303800786685
1,N_52_T,1.1335553727430396,-1.6830569944515006
1,N_52_V,0.932767784010548,-1.6590935028799614
1,N_52_W,0.7711876571911689,-1.6043811131204715
1,N_52_Y,1.0920090908848636,-2.5732723015509738
1,S_53_A,0.5363861409076381,-1.761225442628771
1,S_53_C,0.209681555531271,-5.448019390251732
1,S_53_D,1.7029202421339718,-2.1663923548200086
1,S_53_E,1.0286397901381297,-2.820078036576336
1,S_53_G,0.5953796707267188,-1.823361047337725
1,S_53_I,0.0894987204420902,-2.8418085744087254
1,S_53_K,0.6758045020893289,-2.7328517213806127
1,S_53_L,0.2232878826752715,-3.3850823492433175
1,S_53_N,0.978070840415222,-2.989244880740534
1,S_53_P,0.0266081287833433,-3.2547709612951055
1,S_53_Q,0.8514601210669859,-2.9386137199753644
1,S_53_R,0.4257300605334929,-2.5649493574615376
1,S_53_S,0.9680784485603084,0.0
1,S_53_T,1.1823808974706842,-2.0063810390310195
1,S_53_V,0.3200226376342936,-2.3989720579299734
1,S_53_Y,0.4619017337988733,-2.6591941489642656
1,G_54_A,0.3817944051497828,-3.234316442181658
1,G_54_C,0.065899981325092,-5.953416479470485
1,G_54_D,0.4950866204618246,-3.181522442913352
1,G_54_E,0.3912221248340215,-3.7174461355583905
1,G_54_F,0.2167321174211939,-4.790265669664777
1,G_54_G,1.147557836376036,0.0
1,G_54_H,0.2463082517670781,-4.545143211631793
1,G_54_I,0.0339405997038492,-4.2732094961481515
1,G_54_K,0.3208226415960699,-3.7079898003163563
1,G_54_L,0.1908819863977146,-3.5168834139666685
1,G_54_M,0.270136570412662,-5.101368016324663
1,G_54_N,0.4510451830810065,-4.128867187419408
1,G_54_P,0.1031314221891972,-4.292018828105645
1,G_54_Q,0.2434266231098349,-3.7561919021342356
1,G_54_R,0.1601523493136626,-3.7162591917988625
1,G_54_S,0.3603757568211636,-3.653056081498522
1,G_54_T,0.2128650302667464,-2.799731240139465
1,G_54_V,0.0738381832365708,-3.4957287789237674
1,G_54_W,0.124395902195037,-5.09663987512872
1,G_54_Y,0.1761997602849031,-4.4845185898153614
1,K_55_A,1.1544957535522065,-1.896195991256236
1,K_55_C,0.4802720865647668,-5.160682327376503
1,K_55_D,0.7673788280062941,-2.5567588354831763
1,K_55_E,0.9811569683819424,-2.9653113186895954
1,K_55_F,0.8256297528830204,-3.4379157296353906
1,K_55_G,0.8701046699110419,-2.4922973826667105
1,K_55_H,1.0440051774921346,-3.480475344054187
1,K_55_I,1.1477272747236846,-3.6640399090877374
1,K_55_K,1.0016551249333867,0.0
1,K_55_L,1.0412625374363038,-3.072941982881961
1,K_55_M,1.0422330189815865,-3.8751295360581386
1,K_55_N,1.1975400176276916,-3.460490051673924
1,K_55_P,0.0251685142969243,-2.9634577500402717
1,K_55_Q,0.9627451575432722,-3.155829642687727
1,K_55_R,1.0433215528750928,-2.4377435137805286
1,K_55_S,1.069959260978909,-2.593811739737058
1,K_55_T,1.210634077693039,-2.1537628644319335
1,K_55_V,1.0274291182453834,-2.359344191850723
1,K_55_W,0.733935337385328,-4.0704382883789005
1,K_55_Y,1.0254832068197657,-2.995445425533667
1,I_56_A,0.8514601210669859,-1.8311991929669469
1,I_56_C,0.7219224963148838,-5.0235311351791845
1,I_56_D,0.2546578096737744,-1.8074911860151486
1,I_56_E,0.9159075365327964,-3.0465045989274184
1,I_56_F,0.978070840415222,-3.6778744197911193
1,I_56_G,0.1109637894026622,-2.0366878090424363
1,I_56_H,0.8830964174423163,-3.177238786930878
1,I_56_I,1.1409478623636735,0.0
1,I_56_K,0.4058574121226236,-2.930902589217392
1,I_56_L,1.1459800005344287,-2.43703212225806
1,I_56_M,0.9159075365327964,-4.0471364792353235
1,I_56_N,0.3128551735621703,-2.8381761333983473
1,I_56_P,1.3116546033953365,-2.203417271076555
1,I_56_R,0.6840728448427804,-2.519631949563908
1,I_56_S,0.4592608997302977,-2.7174124696038238
1,I_56_T,0.9423610833730648,-2.005483343617141
1,I_56_V,1.3064553928440277,-1.9051114512537175
1,I_56_W,0.561754182727767,-3.568834047174894
1,I_56_Y,0.6271293158432449,-2.486888810991993
1,L_57_A,0.2816784046905151,-2.1189837760907397
1,L_57_C,0.4890354202076113,-5.383347615732615
1,L_57_D,0.1064325151333732,-2.482348765262163
1,L_57_E,0.453419978906406,-4.031286426254973
1,L_57_F,0.8025398114413093,-3.619209723814489
1,L_57_G,0.3425954429595678,-2.5366509213391097
1,L_57_H,0.5109198407305671,-3.6664360373009934
1,L_57_I,1.1060134014184575,-3.448487302863886
1,L_57_K,0.5104762926353748,-3.612641555702396
1,L_57_L,0.8587325998668387,0.0
1,L_57_M,1.2514206942486803,-4.498309427362563
1,L_57_N,0.445329740150554,-3.137129394726819
1,L_57_P,0.0065394289144815,-2.716520130454357
1,L_57_Q,0.4796499682582914,-3.607743586726846
1,L_57_R,0.6368792909929045,-2.9889549734854444
1,L_57_S,0.2955431866355962,-3.1608052304121066
1,L_57_T,0.4995773127605145,-2.571861827382161
1,L_57_V,0.8575661505355696,-2.1803666787141966
1,L_57_W,0.3579948817683611,-4.048852749972871
1,L_57_Y,0.9379259085196668,-3.2466808889378096
1,E_58_A,0.9948575467405336,-1.4798111570842651
1,E_58_C,0.4802720865647668,-5.132026626826612
1,E_58_D,0.9932528042722056,-2.085601238957101
1,E_58_E,0.9447541570191192,0.0
1,E_58_F,0.1101858496737978,-3.5887285168970626
1,E_58_G,1.0315078972845766,-2.031033842615127
1,E_58_H,0.5363861409076381,-3.2726085091247414
1,E_58_I,0.1698775210725395,-3.345279699422103
1,E_58_K,0.9409271062553308,-2.431336780130694
1,E_58_L,0.4811243982086248,-2.676720446814902
1,E_58_M,0.5021206164568576,-3.6921914987786986
1,E_58_N,0.891054059509138,-3.1441522786722658
1,E_58_P,0.0015130200977458,-2.420648635631725
1,E_58_Q,0.891054059509138,-3.0525850851467755
1,E_58_R,0.7041134794073458,-2.505909808487086
1,E_58_S,0.8717732654923483,-2.707223901108316
1,E_58_T,0.9601580876212796,-1.9135508819797489
1,E_58_V,0.4867979057685595,-2.1875876476601688
1,E_58_W,0.172830874261275,-3.4272785345881864
1,E_58_Y,0.2275722995874536,-2.955004756807913
1,S_59_A,1.2136688762635883,-1.810085679741624
1,S_59_C,0.7130716077042633,-5.46548401523212
1,S_59_D,0.6814911686715668,-2.341186930418446
1,S_59_E,1.0429672571029147,-3.1989052947287124
1,S_59_F,0.6726886710471113,-3.521317545781626
1,S_59_G,0.932971468034338,-2.1113100666453377
1,S_59_H,0.9751275641183996,-3.2709731437674856
1,S_59_I,0.4364005625852775,-3.3952308996066787
1,S_59_K,0.9932528042722056,-2.851119298207224
1,S_59_L,0.6072476330600669,-2.822948421240528
1,S_59_M,1.0494241288723194,-4.255432164829805
1,S_59_N,0.7041227524995956,-3.214192216625616
1,S_59_P,0.0107848794933797,-1.9605127417880241
1,S_59_Q,1.0101614325878607,-3.142379192006887
1,S_59_R,0.9842726190037157,-2.873693620245761
1,S_59_S,1.1730836290195887,0.0
1,S_59_T,0.927479864635394,-2.1737204746154157
1,S_59_V,0.7653358400721543,-2.622988205381975
1,S_59_W,0.8753979233152158,-3.5514349682457835
1,S_59_Y,0.9279692254097665,-3.08774619985872
1,F_60_A,0.6962550862075506,-1.3884052655328565
1,F_60_C,0.5363861409076381,-4.087071802893037
1,F_60_D,0.011852571174071,-1.5055383174159493
1,F_60_E,0.1656192033727645,-3.0129106100890812
1,F_60_F,0.9453718859030824,0.0
1,F_60_G,0.118409510539036,-1.2926814108120153
1,F_60_I,0.46328178529971,-2.5110358168431715
1,F_60_K,0.3604849330885499,-2.296117810953784
1,F_60_L,0.8581934925210404,-1.9231381579901077
1,F_60_N,2.902390958313776,-2.206022288039751
1,F_60_R,0.6268320563607447,-2.5549428181875298
1,F_60_S,0.7793540972537552,-2.741448481504059
1,F_60_T,0.5477717868480511,-1.8173892604925725
1,F_60_V,0.5489238262903899,-1.452857097753551
1,F_60_W,1.1530945919505236,-3.1282214566000768
1,F_60_Y,1.307724706845962,-2.031462736581285
1,R_61_A,0.2364040844088108,-1.9675370753362138
1,R_61_C,0.0890175044557853,-4.913144961707648
1,R_61_D,0.0100529021948568,-1.9494003636470407
1,R_61_E,0.0360342059984538,-3.2802799163783947
1,R_61_F,0.037629576594774,-3.8170048621849153
1,R_61_G,0.0608566557774587,-2.208062121833228
1,R_61_H,0.6444506838306261,-4.007278747169367
1,R_61_I,0.0057909303751488,-2.9237497007125857
1,R_61_K,0.6829391129132382,-2.4886700511045525
1,R_61_L,0.0526100366971733,-2.2392517727499883
1,R_61_M,0.0877919741666788,-4.098107963538656
1,R_61_N,0.7159897635367224,-2.940093271854742
1,R_61_P,0.0011655203153629,-2.999495674870546
1,R_61_Q,0.3010366127581921,-2.9556618270946653
1,R_61_R,1.22019512057651,0.0
1,R_61_S,0.1485725881842371,-2.941123668648638
1,R_61_T,0.0136670517252746,-1.3889654630378332
1,R_61_V,0.0040948061376468,-2.1489244891383703
1,R_61_W,0.0524836136230085,-3.624014349041393
1,R_61_Y,0.0735402487464902,-3.619941023653758
1,P_62_A,1.3691930426351997,-2.492789010888383
1,P_62_C,0.9358666397171987,-5.573629557178966
1,P_62_D,1.4886255125184185,-2.8016478152309507
1,P_62_E,1.1425464877498184,-4.081489361294405
1,P_62_F,0.7807923736459647,-4.56291164776536
1,P_62_G,1.3055682396380983,-2.8938057130845127
1,P_62_H,1.0246518953263235,-4.211906456789577
1,P_62_I,0.9636504744018514,-3.409302683349796
1,P_62_K,1.1148888347663966,-3.5737251875469056
1,P_62_L,0.7556352275961655,-2.9770715410809774
1,P_62_M,1.0322474586215806,-4.56291164776536
1,P_62_N,0.7060003807309587,-3.750020262063803
1,P_62_P,1.0699355287862673,0.0
1,P_62_Q,1.015036682913953,-3.891193858661313
1,P_62_R,0.9679348607487166,-3.8984402671820737
1,P_62_S,1.0821315310016593,-3.3905279739544416
1,P_62_T,0.9947251556712248,-2.8262341796710775
1,P_62_V,0.9517963760774282,-2.703966986247352
1,P_62_Y,0.6020732255163843,-3.546503804863284
1,E_63_A,0.9388957395473216,-1.7780094981307324
1,E_63_C,0.4669512571113786,-4.8647692896970645
1,E_63_D,1.1758140047719612,-0.8551078147049849
1,E_63_E,1.0589950652569404,0.0
1,E_63_F,0.7994622772423704,-3.7576463113610323
1,E_63_G,1.2366805365390183,-1.7141540038041223
1,E_63_H,1.224576469371361,-2.881706875010443
1,E_63_I,0.7440991967310879,-2.8357217617686183
1,E_63_K,1.0303816933469503,-2.8642137175629276
1,E_63_L,1.0074364720000033,-2.488076224549281
1,E_63_M,1.1815968348161658,-3.1033809183452963
1,E_63_N,1.044550951630425,-1.9663577627915487
1,E_63_P,0.0020130538302393,-3.426434050452116
1,E_63_Q,1.1868831167843863,-2.4250269069631765
1,E_63_R,1.0900897090442951,-2.8852425298427518
1,E_63_S,0.9355462400736908,-2.4014617517125085
1,E_63_T,1.067278632134956,-2.004768629677182
1,E_63_V,0.9668063585322066,-2.130845879318848
1,E_63_W,1.0125624341139372,-2.4499244585849054
1,E_63_Y,1.1405248388394502,-3.0830313789300137
1,E_64_A,0.5862341294675438,-1.5956211668342184
1,E_64_C,0.4257300605334929,-4.465131178206857
1,E_64_D,0.8250513775135778,-1.575886180993257
1,E_64_E,0.8192949722589452,0.0
1,E_64_F,0.4036251190909516,-2.86929891782851
1,E_64_G,0.3893066427151354,-1.7697738039030395
1,E_64_H,0.5453120219672422,-2.4850621103401993
1,E_64_I,0.3333408118619015,-2.9155580412104274
1,E_64_K,0.3379022510446643,-2.2754424315593167
1,E_64_L,0.4257300605334929,-2.0369855649437967
1,E_64_N,0.4562861810837673,-2.385689636526995
1,E_64_Q,0.4119073762348845,-2.473930269971358
1,E_64_R,0.3419297523464861,-2.72894156013359
1,E_64_S,0.4687530122807266,-1.575886180993257
1,E_64_T,0.8830964174423163,-0.35193391861981227
1,E_64_V,0.5045638901764067,-2.1638983504627998
1,E_64_Y,0.5700118696267568,-2.5758118094404376
1,R_65_A,0.386083516641022,-2.226045015871713
1,R_65_C,0.3661787221030548,-5.050682795225557
1,R_65_D,0.0453326360933831,-2.8862480407123066
1,R_65_E,0.2411513625321995,-4.081004189933315
1,R_65_F,0.3379022510446643,-4.180604906506513
1,R_65_G,0.0657186140959357,-2.5095889318532216
1,R_65_H,0.5269371739838811,-3.305699390795211
1,R_65_I,0.4840392242801542,-1.9751559837473858
1,R_65_K,0.7646327329956161,-2.638954029165813
1,R_65_L,0.5817857505514917,-1.4658206732229537
1,R_65_M,0.4257300605334929,-3.9360701652109906
1,R_65_N,0.3425261090092796,-3.114031971583016
1,R_65_P,0.4306769050640784,-2.651322320699835
1,R_65_Q,0.5819595829349085,-2.593025787884907
1,R_65_R,0.944659862795143,0.0
1,R_65_S,0.4775556830963487,-3.036855622016731
1,R_65_T,0.6977189228379979,-2.7008448173809416
1,R_65_V,0.4627009180943063,-1.678947446293693
1,R_65_W,0.0686282257178504,-4.272542401832201
1,R_65_Y,0.3872289892250094,-3.05861926665309
1,F_66_A,0.0040303455913203,-2.482614153335253
1,F_66_C,0.0097890723519612,-5.004846760735958
1,F_66_D,0.0008315040244794,-2.699580700988639
1,F_66_E,0.0015062258929515,-3.802217139956473
1,F_66_F,1.0272902565088031,0.0
1,F_66_G,0.0009733753542257,-3.000287884599123
1,F_66_H,0.0047036970743467,-2.806131870158163
1,F_66_I,0.0123435644057691,-2.4549822146731684
1,F_66_K,0.0024153908358169,-2.9682566764654448
1,F_66_L,0.0169116925750038,-2.4777767346034842
1,F_66_M,0.3742213739266819,-3.8205289435988163
1,F_66_Q,0.01621783293805,-3.0930696180500865
1,F_66_R,0.0020090625078862,-3.695245020404304
1,F_66_S,0.0026677312796433,-3.37022527751488
1,F_66_T,0.0043623316349167,-2.290552114722085
1,F_66_V,0.1166428569635293,-2.2000637599370005
1,F_66_W,0.0431928363226626,-3.295836866004331
1,F_66_Y,0.3297832126731036,-2.489643109011576
1,P_67_A,0.2961949331693433,-1.9315405395596792
1,P_67_C,0.0709743167896493,-4.183932811480721
1,P_67_D,0.0028135972915294,-1.7754434176524088
1,P_67_E,0.0100204344252815,-2.3653399469495926
1,P_67_F,0.0234446388659857,-3.7967651878141253
1,P_67_G,0.0433434519373606,-2.283888237086002
1,P_67_H,0.0877805345932885,-2.8491519848109332
1,P_67_I,0.0458797985387832,-2.984573141777379
1,P_67_K,0.0586427620899574,-2.7048037550159254
1,P_67_L,0.0298586110506523,-2.2512599194920964
1,P_67_M,0.0130862982475456,-3.8139575883545027
1,P_67_N,0.0941004783262572,-2.2659032561931847
1,P_67_P,0.0722385060178096,0.0
1,P_67_Q,0.0358793575145708,-2.134217450066078
1,P_67_R,0.0070595496437826,-0.9982374017457998
1,P_67_S,0.1760291019347683,-2.2114802608680226
1,P_67_T,0.0505331129690359,-2.383148636780738
1,P_67_V,0.0874144665419257,-2.646480888601697
1,P_67_W,0.0043026448183408,-2.750643081767412
1,P_67_Y,0.0245629196638182,-2.581211968802556
1,M_68_A,0.3855938285955844,-0.889763268494107
1,M_68_C,0.4455637803509658,-3.4222738426920367
1,M_68_D,0.0008315040244794,-1.8278863815730222
1,M_68_E,0.0084108823257921,-2.3953254465379628
1,M_68_F,0.6112141578100301,-2.98281497876816
1,M_68_G,0.2475029912870945,-1.3407597614102256
1,M_68_H,0.2224943901940103,-2.808996494016456
1,M_68_I,0.9000087087863813,0.2951366125633059
1,M_68_K,0.001219616142998,-2.314026242040253
1,M_68_L,0.9540077336807624,-0.2971161046851398
1,M_68_N,0.006888334256782,-2.240113983753483
1,M_68_P,0.0026516163455003,-2.451872212842571
1,M_68_Q,0.2773771531642507,-2.496895894216527
1,M_68_R,0.0010577635386233,-2.5509631154867964
1,M_68_S,0.0478446647632411,-1.1449001690444833
1,M_68_T,0.3381695971977921,-1.2158706786598252
1,M_68_V,1.1881342564816564,-0.45473615711494664
1,M_68_W,0.0022981322954445,-2.3195207613578948
1,M_68_Y,0.0686989503546648,-2.3153970441740324
1,M_69_A,1.224576469371361,0.7901149108846681
1,M_69_C,1.1078463978945323,-2.006272487752728
1,M_69_D,0.9252414901635286,-1.1912799775275187
1,M_69_E,0.1396380351074402,-2.014446920192288
1,M_69_F,0.0891827728568861,-1.0995251139254716
1,M_69_G,1.0573924030160704,0.49289205161722216
1,M_69_H,0.4191256924415794,-2.1759202872028887
1,M_69_I,0.4122235597925886,-1.4771618694751503
1,M_69_K,0.0049024287101981,-1.59404602866652
1,M_69_L,0.6829391129132382,-1.4054548588589686
1,M_69_N,1.0295285703533117,-1.7021056012935105
1,M_69_P,0.0008708294791433,-2.247557902369068
1,M_69_Q,0.4816619507068909,-1.995476161562503
1,M_69_R,0.0034843975611968,-1.807577345470445
1,M_69_S,0.8055303584173231,-1.4395103632714652
1,M_69_T,0.8565194225997127,-1.0195245567714455
1,M_69_V,0.8123142547699207,-1.3848355716562324
1,M_69_W,0.0022123196513902,-1.2823947661017399
1,M_69_Y,0.0084043960610633,-0.8866256352324546
1,S_70_A,0.0008695320750131,-3.5178546904389196
1,S_70_C,0.0036635374189809,-5.768268911104057
1,S_70_D,0.00085811930826,-3.3988042892704677
1,S_70_E,0.0008315040244794,-4.723878176602597
1,S_70_F,0.0008315040244794,-5.213426401921302
1,S_70_G,0.0009085905158494,-4.032198347736595
1,S_70_H,0.0009207326113819,-4.618224448803681
1,S_70_I,0.0008315040244794,-3.126239811099639
1,S_70_K,0.0008315040244794,-3.6087846617506836
1,S_70_L,0.0008782734829294,-3.923758876490477
1,S_70_M,0.0008315040244794,-4.3233126373355795
1,S_70_N,0.0009469073328316,-4.478118410537071
1,S_70_P,0.001115371375144,-4.828912906298915
1,S_70_Q,0.0008315040244794,-4.832175551933734
1,S_70_R,0.0008746102439268,-4.675227667485407
1,S_70_S,1.0809298262405502,0.0
1,S_70_T,0.0008641484951371,-4.0190690562948
1,S_70_V,0.0008569441881183,-3.606863431572793
1,S_70_W,0.0008315040244794,-5.621286720755423
1,S_70_Y,0.0008315040244794,-4.790569551101272
1,T_71_A,0.0272183017839772,-2.325521778882153
1,T_71_C,0.1908760325715887,-2.8146545780368863
1,T_71_D,0.001252407585196,-3.425450723435014
1,T_71_E,0.0063307066730729,-3.7548335250857376
1,T_71_F,0.0016630080489589,-4.556194290285919
1,T_71_G,0.0128914277736496,-3.136780996581959
1,T_71_H,0.381192295796048,-4.2197220536647
1,T_71_I,0.0514649796587198,-1.5394596292438378
1,T_71_K,0.0012738365310905,-3.9890269125865303
1,T_71_L,0.0176244844484024,-1.8408240076971958
1,T_71_M,0.0278665433325876,-2.3680813933009506
1,T_71_N,0.0068807944716576,-2.935392619201498
1,T_71_P,0.0796192375745153,-4.437051635113505
1,T_71_Q,0.0039749536867981,-3.51931267706297
1,T_71_R,0.0008855858963015,-4.6683807710141565
1,T_71_S,0.3073875986263096,-3.428089247393196
1,T_71_T,0.8153610053177501,0.0
1,T_71_V,0.0336193086315737,-1.3056616080550758
1,T_71_W,0.0008315040244794,-5.229138763528365
1,T_71_Y,0.024983196163824,-4.632502483349237
1,F_72_A,0.8009454351088636,-1.1267201754927434
1,F_72_C,0.583399423867153,-3.457892725338704
1,F_72_D,0.0025849900927818,-2.3010115285466153
1,F_72_E,0.0128274558178191,-2.7969244431429905
1,F_72_F,0.909565139345582,0.0
1,F_72_G,0.3626198651783467,-1.46773787448563
1,F_72_H,0.4104785861702135,-3.3625825455343756
1,F_72_I,0.2795675592552675,-1.5784276756915403
1,F_72_K,0.010500107195292,-1.8009352969366261
1,F_72_L,0.2089972503128476,-1.7770648168179284
1,F_72_M,1.123508365455534,-3.335675092614462
1,F_72_N,0.1967736390190275,-2.842707086248473
1,F_72_P,0.0010136145586281,-2.746578240823313
1,F_72_Q,0.1869223346369506,-3.070365317917208
1,F_72_R,0.0057283071490572,-2.4199745053428474
1,F_72_S,0.3607834003032092,-0.13886995186556117
1,F_72_T,0.2315222682840863,0.2862637442650757
1,F_72_V,0.7883454553324866,-1.5523086620406918
1,F_72_W,0.5143198950690647,-3.7635124984771533
1,F_72_Y,0.118742299875266,-2.1640792170129775
1,K_73_E,0.0008315040244794,-3.9733139380349716
1,K_73_H,0.0010783273087964,-4.062499566541181
1,K_73_I,0.0008315040244794,-3.696354679024564
1,K_73_K,1.415531512313146,0.0
1,K_73_N,0.0008911839474292,-4.1770229951205335
1,K_73_P,0.0008315040244794,-3.4161389616603586
1,K_73_R,0.0019399471522779,-2.6687702269337708
1,K_73_S,0.0009180547830986,-3.0784107064524173
1,K_73_T,0.0009333319261401,-2.4243726692587346
1,K_73_Y,0.0008315040244794,-4.069990238270343
1,V_74_A,0.4860534465080581,-1.9514746263010627
1,V_74_C,0.3846637719654205,-5.1127875437681425
1,V_74_D,0.0009333319261401,-2.6779413959370357
1,V_74_E,0.0023272781551983,-3.5579378216184243
1,V_74_F,0.0270405230159456,-3.433940179961849
1,V_74_G,0.0324413095223048,-2.5095193220044454
1,V_74_I,0.6916005237384296,-2.999737462086331
1,V_74_K,0.0008315040244794,-4.228245510208544
1,V_74_L,0.1529453199164719,-2.3042323459844782
1,V_74_N,0.0023518485371733,-3.508048152115571
1,V_74_P,1.0538743479677617,-2.1252922259830562
1,V_74_Q,0.0056687315546034,-2.390772802315535
1,V_74_R,0.0008569441881183,-3.803610485992657
1,V_74_S,0.3398596203474061,-1.853489804401001
1,V_74_T,0.6020732255163843,-1.9163490640188519
1,V_74_V,1.1267136187620594,0.0
1,V_74_Y,0.0027284485727552,-3.651269761410646
1,L_75_A,0.8959808897123189,-2.152286274831047
1,L_75_C,0.4990228791145729,-5.803627809625948
1,L_75_D,0.0524762656059402,-3.729132691881408
1,L_75_E,0.0338626072182082,-4.320230618087184
1,L_75_F,0.5503345719776843,-1.6617470018939784
1,L_75_G,0.3533336033628005,-3.3089011136569435
1,L_75_H,0.379936933223328,-4.50674003622162
1,L_75_I,1.1530945919505236,-2.305526622324159
1,L_75_K,0.0018501488586575,-4.125547964469663
1,L_75_L,0.953237006956298,0.0
1,L_75_M,0.889157481212725,-3.216655540076944
1,L_75_N,0.1505183063790961,-4.366040154118476
1,L_75_P,0.6742599757789005,-3.794001846184499
1,L_75_Q,0.1781331424966941,-4.120645993869455
1,L_75_R,0.0008387397590221,-4.186326160731606
1,L_75_S,0.4951140746546176,-3.2478295073817427
1,L_75_T,0.583399423867153,-2.436331979639444
1,L_75_V,1.0079554438263147,-2.510719203400678
1,L_75_W,0.0220249700356128,-3.3544392424400007
1,L_75_Y,0.3178292629317569,-3.426277066059181
1,L_76_A,0.3404299488075467,-2.343711173506875
1,L_76_C,0.2200083015004063,-5.3645493681919785
1,L_76_D,0.0011759242685866,-3.9347248186149226
1,L_76_E,0.080787946296475,-3.1921115698381786
1,L_76_G,0.011852571174071,-3.7316597947227956
1,L_76_H,0.0014715373404197,-4.525762197472648
1,L_76_I,0.4013422284043794,-3.2224911721644314
1,L_76_K,0.0047036970743467,-4.0215518128253755
1,L_76_L,0.9305888888281044,0.0
1,L_76_M,0.6502750006634636,-4.066808404413503
1,L_76_N,0.00512941803169,-4.283031512883135
1,L_76_P,0.0018907784819618,-3.7808639518602627
1,L_76_Q,0.0107810377662509,-3.4657359027997297
1,L_76_R,0.0008315040244794,-3.782604596338042
1,L_76_S,0.0206041515458743,-2.9498469770771916
1,L_76_T,0.3357987736510262,-1.092957305728678
1,L_76_V,0.4656838859617708,-2.5253717917440524
1,C_77_A,0.8514601210669859,0.8028755019417706
1,C_77_C,0.887990942708024,0.0
1,C_77_D,0.0063066420486529,-0.5956666874929653
1,C_77_E,0.0018361096934666,-0.5024748445485705
1,C_77_F,0.2414554389392379,-1.0703365953919013
1,C_77_G,0.6223430132254378,-0.832481541405143
1,C_77_H,0.0012738365310905,-1.016771488807441
1,C_77_I,0.4257300605334929,-0.7514160886839232
1,C_77_K,0.0009067615684371,-1.447233497799747
1,C_77_L,0.1565997556484695,-0.6466957779135192
1,C_77_M,0.3098577304159173,-1.4440300780822084
1,C_77_N,0.0133040643916716,-1.5472606674822096
1,C_77_P,0.0014815713967588,-1.0674061903644825
1,C_77_Q,0.0017540845030156,-1.19603791199328
1,C_77_R,0.0008722182917002,-1.1689537780263541
1,C_77_S,0.4319223470616605,-0.03794354166273095
1,C_77_T,0.8036715222355014,-0.12554896160725315
1,C_77_V,1.0482703712376065,-0.38086453840984547
1,C_77_W,0.0008708294791433,-1.7197021156764567
1,C_77_Y,0.0008315040244794,-1.494313894508426
1,G_78_A,1.1321945362499315,-1.508617611349408
1,G_78_C,0.3085216991492928,-5.141301228281123
1,G_78_D,0.0017753884924725,-2.666772729461806
1,G_78_E,0.0021710764844534,-2.836947788230306
1,G_78_F,0.1160654807599555,-3.259339803826057
1,G_78_G,0.9694261245905772,0.0
1,G_78_H,0.0082333933434981,-3.5977006151351363
1,G_78_I,0.1340965352269095,-2.133692852970652
1,G_78_K,0.0009180547830986,-3.0910424533583205
1,G_78_L,0.1217889262870368,-1.8510518870849557
1,G_78_M,0.1951980934114913,-2.9102406536957792
1,G_78_N,0.0025401368974105,-3.720220751075791
1,G_78_P,0.0013199306681432,-3.634278321275062
1,G_78_Q,0.0041905175972344,-2.8387161352870476
1,G_78_R,0.001058206475569,-3.182828099925076
1,G_78_S,0.8800332060016249,-2.6223209668909715
1,G_78_T,0.4352019320983587,-1.2199414158368946
1,G_78_V,0.1543159260229744,-1.896223031018868
1,G_78_W,0.14132629938523,-4.6592028941520205
1,G_78_Y,0.1458498559667882,-3.064074526930813
1,A_79_A,0.8755939350681743,0.0
1,A_79_C,1.1042071642076043,-5.10507096575566
1,A_79_D,0.6856341465093613,-3.5903664764050904
1,A_79_E,0.6257103471243407,-3.506266309622919
1,A_79_F,0.7994622772423704,-4.256400421556479
1,A_79_G,0.4544296476749239,-3.42689662496974
1,A_79_H,0.8514601210669859,-4.242099871414285
1,A_79_K,0.8153610053177501,-3.134066247917776
1,A_79_L,0.9020903661620132,-2.7957776540264847
1,A_79_M,0.9339025142227572,-4.008062526669515
1,A_79_N,1.0727722818152765,-4.268822941555035
1,A_79_P,0.002847105693191,-3.653637302464796
1,A_79_Q,1.1042071642076043,-4.167847024215034
1,A_79_R,0.6698253428730587,-3.861969908172024
1,A_79_S,0.7506398913112158,-3.2033940716771605
1,A_79_T,0.7430760967660167,-3.0837781471146153
1,A_79_V,0.8917293866428071,-3.345887666962209
1,A_79_W,0.3379022510446643,-5.355012710224588
1,A_79_Y,0.9557318923675256,-4.4119237851957145
1,V_80_A,0.2793029790506314,-2.009903441125582
1,V_80_C,0.2211053542307205,-4.87900685161783
1,V_80_D,0.0016049330888276,-3.2338508565816437
1,V_80_E,0.0371742350696676,-3.6204884715518326
1,V_80_F,0.0852295701661784,-3.6750340472918865
1,V_80_G,0.0042969415457894,-2.3924181156468363
1,V_80_H,0.0339136733138897,-3.220297890176938
1,V_80_I,0.6961223818619654,-2.405528897653442
1,V_80_K,0.0066146510539486,-2.9557171489985543
1,V_80_L,0.4241207186506955,-2.479735116110726
1,V_80_M,0.5930689992236217,-3.221259891213128
1,V_80_N,0.0089794753325444,-3.9914066122065983
1,V_80_P,0.0008315040244794,-3.448260727927097
1,V_80_Q,0.0313394107973546,-3.752176923140763
1,V_80_R,0.0008629603332642,-3.1642084235258943
1,V_80_S,0.038852866882245,-2.5038662174188766
1,V_80_T,0.4257300605334929,-2.6606821022415157
1,V_80_V,0.988132125919992,0.0
1,V_80_W,0.0235103506479298,-4.751173480107943
1,V_80_Y,0.0226870190053337,-4.014541187608255
1,L_81_A,0.0489427123578522,-2.816494270778886
1,L_81_C,0.0744448504100546,-5.384621597016791
1,L_81_D,0.0014660935377172,-3.6303372389552613
1,L_81_E,0.0118338298459623,-3.4819995349769033
1,L_81_F,0.0797609203230287,-4.024529608290905
1,L_81_G,0.0080782911952489,-3.154978047965091
1,L_81_H,0.0037556245692404,-4.3900934996468814
1,L_81_I,0.1701315801304098,-3.5391579488168516
1,L_81_K,0.0010783273087964,-3.7793302005445146
1,L_81_L,1.0743729348897897,0.0
1,L_81_M,0.902974321581422,-2.7064382915890213
1,L_81_N,0.0128480824517294,-4.154779412712415
1,L_81_P,0.0009067615684371,-4.230128849954201
1,L_81_Q,0.0390209271266903,-4.3163500254013405
1,L_81_R,0.0015670825194745,-4.0865933181954075
1,L_81_S,0.0205410802755616,-3.6496149443811654
1,L_81_T,0.0191580942522444,-2.769493624547409
1,L_81_V,0.268193070453819,-3.070380561294362
1,L_81_W,0.0045448908631789,-4.103687751554708
1,L_81_Y,0.0161586879189142,-4.071639768528344
1,S_82_A,0.92344047082091,-2.211731188928344
1,S_82_C,0.7187524464463538,-4.985868298574261
1,S_82_D,0.8165260771879378,-2.609234267046151
1,S_82_E,0.9110308835006008,-2.417111829915353
1,S_82_F,1.0146582329224036,-3.3077681478187255
1,S_82_G,0.9300317453797848,-2.3409251367817334
1,S_82_H,1.1135048690319185,-3.2478700062376538
1,S_82_I,0.8264502417495405,-2.580487960889317
1,S_82_K,1.1541149042971597,-2.1683338646303554
1,S_82_L,0.8918394151787492,-1.9027459318738633
1,S_82_M,0.9492591245521632,-2.4571688648224623
1,S_82_N,0.9634988613145712,-3.493800284009218
1,S_82_P,0.0027054340085922,-2.8043775025402486
1,S_82_Q,1.0011484182095594,-1.8407190818432042
1,S_82_R,0.8914086505880222,-2.4598091303826397
1,S_82_S,0.9653686399435464,0.0
1,S_82_T,0.935760908678615,-2.4076569848208345
1,S_82_V,0.8787141716583288,-2.368894826744433
1,S_82_W,0.985233007068312,-4.209504811993241
1,S_82_Y,1.239573541804731,-3.561068674071258
1,R_83_A,0.742592611750642,-1.5257615447684452
1,R_83_C,0.2205176239111397,-3.3865648525842036
1,R_83_D,0.1947649349973388,-2.0883249477182213
1,R_83_E,0.3745930055164958,-2.7391734537663908
1,R_83_F,0.7689447605079808,-2.642009705312746
1,R_83_G,0.3349609608224772,-1.636169063807405
1,R_83_H,0.7720182549551504,-3.2759429728506455
1,R_83_I,0.3335925249227662,-2.627947818656169
1,R_83_K,1.1349626856846449,-2.210736713248708
1,R_83_L,0.6533993236972667,-0.34040548537428883
1,R_83_M,0.561754182727767,-2.8126352223435087
1,R_83_N,1.0125624341139372,-2.942114297763086
1,R_83_P,0.0014154268101185,-2.6045921922790343
1,R_83_Q,0.7673788280062941,-2.7808461501669597
1,R_83_R,0.9858724196130174,0.0
1,R_83_S,0.6378742151562151,-2.543535591684552
1,R_83_T,0.379936933223328,-2.082705201426527
1,R_83_V,0.3285782445838687,-2.2235574016777693
1,R_83_W,0.2673092870349977,-3.5753291376003546
1,R_83_Y,0.5426187730222358,-2.7308052040958772
1,V_84_A,0.7617010906841579,-0.7894058570682172
1,V_84_C,0.8812699190434555,-3.665269588474805
1,V_84_D,0.1289988282859712,-0.6253432345004728
1,V_84_E,0.2177852068174193,-1.5766113916900433
1,V_84_F,0.3663117457116613,-1.797463991257699
1,V_84_G,0.2163114392206613,-1.4372484120171647
1,V_84_H,0.5830206412652742,-1.43485701988509
1,V_84_I,0.8736945320556397,1.2289151151988489
1,V_84_K,0.3355158592019966,-1.8551609805785554
1,V_84_L,0.2314808684020735,-0.5103201264722741
1,V_84_M,0.2715635709683915,-2.092034724704666
1,V_84_N,0.2727883366051143,-2.2789752273549153
1,V_84_P,0.0019357548425951,-1.4565882573471982
1,V_84_Q,0.3119297081811009,-2.029514367723335
1,V_84_R,0.3701351021218237,-1.618772202514323
1,V_84_S,0.5953363403008294,-1.8539495933922567
1,V_84_T,0.6857791116718981,-1.407371976066592
1,V_84_V,0.7478018091563658,0.0
1,V_84_W,0.4219148777801721,-2.3459859376378738
1,V_84_Y,0.4182304087833132,-1.6064087544949883
1,D_85_A,0.1827318303876802,-2.2254963356067643
1,D_85_C,0.0534181886405097,-4.869506999792485
1,D_85_D,0.864293889508278,0.0
1,D_85_E,0.7764176752201293,-1.997726482006188
1,D_85_F,0.0062309647327965,-3.3913112763887594
1,D_85_G,0.1951032704437381,-3.4060535581259637
1,D_85_H,0.066564780905904,-4.420443007630002
1,D_85_I,0.0247020034570548,-3.6708961386079255
1,D_85_K,0.0717177912170774,-3.26974138200088
1,D_85_L,0.0105295520069985,-2.203690960378192
1,D_85_M,0.0464535565754115,-3.40853187414043
1,D_85_N,0.1030068986276348,-3.7120542111014267
1,D_85_P,0.007154744018332,-3.136480004228815
1,D_85_Q,0.6417177822905361,-3.4686138392514265
1,D_85_R,0.037819048233186,-3.693735630577747
1,D_85_S,0.2909586145967789,-3.2264171211937613
1,D_85_T,0.1445691737449098,-2.628683538401934
1,D_85_V,0.0397411619982848,-2.5594631615107484
1,D_85_W,0.0064137296871728,-4.645294501289371
1,D_85_Y,0.0184998305503127,-4.0321900284029475
1,A_86_A,1.093075358728607,0.0
1,A_86_C,0.9125723621675348,-5.375426544859476
1,A_86_D,0.8949666739829695,-2.569886722479994
1,A_86_E,1.004961941427057,-2.1315849739735127
1,A_86_F,0.709489317082252,-3.7708001894225833
1,A_86_G,1.1107798155025723,-3.8304204925847514
1,A_86_H,1.0065297862768918,-4.483428505554362
1,A_86_I,0.9020903661620132,-3.7054581326853335
1,A_86_K,0.9196277252104428,-2.8564405814185974
1,A_86_L,1.0299118528430768,-3.097954152680492
1,A_86_M,0.8514601210669859,-4.094492699397405
1,A_86_N,1.1861379984472424,-3.7919220144518717
1,A_86_P,0.0356985891008384,-3.138981254369961
1,A_86_Q,1.1006691439553675,-2.9921835488479633
1,A_86_R,0.9716353382188074,-2.432673196096357
1,A_86_S,0.9768499424801292,-3.1220316960561867
1,A_86_T,1.1274581370227683,-3.094678146474589
1,A_86_V,1.028879385624473,-3.3599903331555367
1,A_86_Y,0.7412390880190505,-3.8034828368529445
1,G_87_A,0.7607919397183508,-2.997730276216665
1,G_87_C,0.4726859429515411,-5.4595101959246595
1,G_87_D,0.8062833674326711,-3.230352571485418
1,G_87_E,0.8713618566490059,-3.6258673487404183
1,G_87_F,0.3149572370132952,-3.7800180285676754
1,G_87_G,0.8769064621591309,0.0
1,G_87_H,0.9420293187633362,-4.151416582112233
1,G_87_I,0.1050874190306027,-3.2313054062406894
1,G_87_K,0.8449277383364504,-3.5938534804945546
1,G_87_L,0.5321297125187927,-2.067797176999501
1,G_87_M,0.557808516585281,-3.384503251312678
1,G_87_N,0.8671340049319117,-3.88427903889209
1,G_87_P,0.003817742638927,-3.053602059740921
1,G_87_Q,0.8514601210669859,-3.851843763138933
1,G_87_R,0.8048505737770086,-3.770165732124661
1,G_87_S,0.813711827915236,-3.380068654244814
1,G_87_T,0.4312818375403581,-2.9362625027383094
1,G_87_V,0.2859866814518339,-2.561302942504534
1,G_87_W,0.2638033639395724,-4.100123287724682
1,G_87_Y,0.5463929850597079,-3.624453920943272
1,Q_88_A,1.1217886307747114,-1.666702429482256
1,Q_88_C,0.8198693122881583,-3.825126153018493
1,Q_88_D,1.0727722818152765,-1.9317533374910474
1,Q_88_E,0.9953714185236032,-2.0653694148765993
1,Q_88_F,0.8514601210669859,-2.4349025137587006
1,Q_88_G,0.8864743954355815,-2.5348311855341654
1,Q_88_H,1.0554585093160689,-3.074601859875232
1,Q_88_I,1.1672397070154286,-1.9624509028743253
1,Q_88_K,0.9923939647590077,-1.1249811314233826
1,Q_88_L,1.0793149156363826,-1.1302861836530755
1,Q_88_M,0.9285238460796446,-2.9959899723055834
1,Q_88_N,0.9144345802401528,-2.3842466774063205
1,Q_88_P,0.1557947870934924,-1.899097374516997
1,Q_88_Q,1.1898418819923655,0.0
1,Q_88_R,0.9618173570814352,-1.8702573774182747
1,Q_88_S,1.2626684490749107,-2.316683843157505
1,Q_88_T,1.0780595459257143,-2.064692137505638
1,Q_88_V,1.1757064280880027,-1.3438349549912678
1,Q_88_W,0.808845951904755,-3.264386137870778
1,Q_88_Y,1.0190818054691364,-2.540263029416529
1,E_89_A,0.3917887471516236,-2.4089613755730213
1,E_89_C,0.3846637719654205,-4.631201469957796
1,E_89_D,0.7816278981959619,-2.716872892952782
1,E_89_E,0.9499383990021284,0.0
1,E_89_F,0.5319785078791908,-2.80799019449707
1,E_89_G,0.1425372466379174,-2.538250555888428
1,E_89_H,0.1113541990379398,-3.3543057032450143
1,E_89_I,0.8793582032674016,-2.43917170949868
1,E_89_K,0.0210965202809174,-2.9440352038619095
1,E_89_L,0.8832378275110249,-1.4339039412172232
1,E_89_M,0.9428301940551193,-2.879976184052153
1,E_89_N,0.1540364694259529,-3.383633318339533
1,E_89_P,0.006913187961097,-2.6510937360689257
1,E_89_Q,0.4490456016465369,-4.013358672461986
1,E_89_R,0.0135444053609932,-2.9101016936045476
1,E_89_S,0.2380772820545223,-3.020727824650167
1,E_89_T,0.5025879081243793,-2.87459500514764
1,E_89_V,0.658529906928702,-2.1376963149145642
1,E_89_W,0.2011082075440511,-4.251984587924583
1,E_89_Y,0.2215497903334843,-3.3762203859504076
1,Q_90_A,1.1356638484807655,-1.6571791351100555
1,Q_90_C,0.8110348800359529,-4.633404192275228
1,Q_90_D,1.062600183177336,-1.511840549882019
1,Q_90_E,1.0765929377013943,-2.20032261035181
1,Q_90_F,1.0396852699424004,-2.8881647386820646
1,Q_90_G,0.8153610053177501,-1.659886543455005
1,Q_90_H,1.2098572763409308,-2.787577501776892
1,Q_90_I,0.8551799100227189,-2.4063266517893247
1,Q_90_K,0.9667259451843628,-1.6174237578912842
1,Q_90_L,0.9359191853514084,-1.8332629449833024
1,Q_90_M,0.889157481212725,-2.542663095341455
1,Q_90_N,1.0761967585771088,-2.3901188415624706
1,Q_90_P,0.1849520077193961,-1.6308768755884022
1,Q_90_Q,1.1373354781616272,0.0
1,Q_90_R,0.964635538207708,-2.177967964796003
1,Q_90_S,1.078737518337559,-1.9814434578240567
1,Q_90_T,1.015036682913953,-1.858450843726729
1,Q_90_V,0.9043592343997572,-1.931433037249395
1,Q_90_W,0.985233007068312,-3.4431615807611884
1,Q_90_Y,1.0393502194061544,-2.370221647147207
1,L_91_A,0.3953419261294859,-3.2735408604489575
1,L_91_C,0.2230816677263424,-5.9777075615248005
1,L_91_D,0.1693361462263765,-3.003127662976005
1,L_91_E,0.2602710702231796,-3.6385887251982667
1,L_91_F,0.5155895278944025,-4.095229126631841
1,L_91_G,0.2507729888391353,-3.8173292575745204
1,L_91_H,0.2041783589149441,-4.837343478176441
1,L_91_I,0.3929203696633375,-3.815989672645459
1,L_91_K,0.0958530976962692,-3.8445048429534814
1,L_91_L,0.8545393704757704,0.0
1,L_91_M,0.8728011251705559,-4.886877413298718
1,L_91_N,0.1214731079600551,-4.131269063115033
1,L_91_P,0.403378995142931,-2.9831387552340756
1,L_91_Q,0.1957405911132637,-4.571268634312423
1,L_91_R,0.0453658615169718,-3.967466554088316
1,L_91_S,0.2559588627532878,-3.8597723150842733
1,L_91_T,0.2413558777980249,-3.574540795232888
1,L_91_V,0.3230527959974181,-3.524299578796142
1,L_91_W,0.2993310546217936,-4.623912367797844
1,L_91_Y,0.4055174400179764,-4.168656595186658
1,G_92_A,1.0885290174186752,-2.697095804642602
1,G_92_C,0.6427888757008693,-5.194016509779239
1,G_92_D,1.159733938990594,-1.7448775002734878
1,G_92_E,1.2501185092969571,-2.7283782788571127
1,G_92_F,0.8174412015806788,-3.9666552383668203
1,G_92_G,1.0302945638787997,0.0
1,G_92_H,0.963120934323961,-4.021841653934112
1,G_92_I,0.8957585826031875,-3.1270571272809202
1,G_92_K,1.2426894990086488,-3.085423867722255
1,G_92_L,0.7365829288450443,-2.935917878084322
1,G_92_M,1.0482703712376065,-3.620324438833532
1,G_92_N,1.0482703712376065,-3.581529814495782
1,G_92_P,0.46328178529971,-3.09100009034969
1,G_92_Q,0.8775108486332355,-4.108208493357122
1,G_92_R,0.7888237348579589,-4.147635413336575
1,G_92_S,1.0178936717187037,-3.16145855399825
1,G_92_T,1.095543573696102,-2.9716649823655943
1,G_92_V,0.9341161581813676,-2.4499804167535815
1,G_92_W,0.9339025142227572,-4.6267961224586
1,G_92_Y,0.996736362727193,-3.9423446488662024
1,R_93_A,0.3678021623426729,-2.023679283601281
1,R_93_C,0.0890252175689549,-5.145554611995668
1,R_93_D,0.2302723135901418,-1.5707152072592394
1,R_93_E,0.2434823105360922,-1.9383016269554192
1,R_93_F,0.2350220244732503,-2.6477682993439653
1,R_93_G,0.1206868058675015,-2.923938581535251
1,R_93_H,0.7214047695556705,-3.1028923218190902
1,R_93_I,0.0773125196301519,-2.809105005048827
1,R_93_K,0.785315276406348,-2.3462428196150924
1,R_93_L,0.1693735929504917,-2.188909727149684
1,R_93_M,0.2718630272565294,-3.64394940436475
1,R_93_N,0.4473388202676316,-3.248434627109747
1,R_93_P,0.0023284085999507,-2.500957102004754
1,R_93_Q,0.3570702558197728,-3.1101230113122336
1,R_93_R,0.9233143836384312,0.0
1,R_93_S,0.424703194862687,-2.6359553496172556
1,R_93_T,0.5503345719776843,-2.0163603926729357
1,R_93_V,0.1475077711040433,-2.5453371156966336
1,R_93_W,0.0906407661918979,-3.614679022064637
1,R_93_Y,0.2742181305889912,-3.3318162360487964
1,R_94_A,0.6836078488904722,-2.1801875725706323
1,R_94_C,0.4423186156461602,-5.078082203129798
1,R_94_D,0.3018464767221702,-2.092596420784965
1,R_94_E,0.5399388258009912,-2.6679060742300518
1,R_94_F,0.7930297350442408,-2.9558788021118674
1,R_94_G,0.2910497869470989,-2.7449019895575355
1,R_94_H,0.8181611093719648,-3.4942110716676957
1,R_94_I,1.1704204374551124,-3.4230956204504253
1,R_94_K,0.9932528042722056,-2.1616243240632707
1,R_94_L,1.0029675061025534,-2.041450268168777
1,R_94_M,0.8514601210669859,-3.5369439212536626
1,R_94_N,0.7006475793378152,-3.00962307811856
1,R_94_P,0.5521035821038021,-1.7514409896399097
1,R_94_Q,0.7440991967310879,-3.1877815335159623
1,R_94_R,0.9788657171751612,0.0
1,R_94_S,0.7619614248474973,-2.488786383073591
1,R_94_T,0.9190701366230472,-2.4334923559447996
1,R_94_V,1.2202162651299024,-2.5131328456682493
1,R_94_W,0.7114093626994528,-3.7213466442514447
1,R_94_Y,0.8514601210669859,-3.1419282290198365
1,I_95_A,0.0766136819241026,-2.4656646422575457
1,I_95_C,0.2986477725423403,-5.087330229160952
1,I_95_D,0.0069842594420132,-2.776161392475498
1,I_95_E,0.1243686581834693,-3.103953462265444
1,I_95_F,0.2920569995773895,-2.820729711955376
1,I_95_G,0.0052983173235143,-2.380430114441963
1,I_95_H,0.1509726233112651,-3.558653673371295
1,I_95_I,0.8566078875773256,0.0
1,I_95_K,0.0556174290361937,-3.1352813254072975
1,I_95_L,0.9944776592195772,-2.4263475389167106
1,I_95_M,0.042995183626814,-4.143826933761906
1,I_95_N,0.0344370140698214,-3.2424113916527864
1,I_95_P,0.0114782607739694,-3.0035876055817075
1,I_95_Q,0.1666704059309507,-3.5623989961014586
1,I_95_R,0.0362244065881697,-3.351715488941982
1,I_95_S,0.0325961608819833,-2.8424107780167
1,I_95_T,0.1424439118798647,-2.563672693635817
1,I_95_V,1.11054731980064,-2.729408303771143
1,I_95_W,0.0468607828670544,-3.0945082916939253
1,I_95_Y,0.3358127394198256,-3.264450851219078
1,H_96_A,0.8755605553537392,-1.5788668439552047
1,H_96_C,0.5682815832192383,-4.26323936978251
1,H_96_D,0.9184383993728908,-1.6486026935261775
1,H_96_E,0.9299879102888694,-2.3747659302859683
1,H_96_F,1.1135048690319185,-2.7223214037851644
1,H_96_G,0.7957845896306859,-1.9338640434208918
1,H_96_H,1.1778010514978403,0.0
1,H_96_I,1.4656248465959512,-2.791314275272115
1,H_96_K,1.1075108761474148,-1.6456985288518877
1,H_96_L,1.0482703712376065,-1.5433391287627998
1,H_96_M,1.1459800005344287,-3.0619190869057027
1,H_96_N,1.062903680299384,-2.6380324052301773
1,H_96_P,0.6996366963871693,-1.880509689434738
1,H_96_Q,1.082813565309558,-2.9561602442161226
1,H_96_R,1.0944377258239717,-2.4938022559923496
1,H_96_S,0.945106533998025,-2.0719188686372325
1,H_96_T,1.1437358276132483,-1.6886574917074968
1,H_96_V,1.138440480181012,-2.029883694698751
1,H_96_W,1.087452109026117,-3.767090460432457
1,H_96_Y,1.123508365455534,-3.451573588987224
1,Y_97_A,0.0488704387330514,-1.785195920114051
1,Y_97_C,0.0455748546896337,-4.078478620445791
1,Y_97_D,0.002299511880213,-2.2088154817929415
1,Y_97_E,0.0030679824950268,-2.4589070422968793
1,Y_97_F,1.1445971078492394,-2.6704318275259906
1,Y_97_G,0.0291027413772017,-2.326063328782551
1,Y_97_H,0.1236408057781318,-4.011339317608167
1,Y_97_I,0.8839672752106964,-2.482088423404161
1,Y_97_K,0.0025150190910142,-2.3898530666578823
1,Y_97_L,0.4454797834417906,-1.177871358655592
1,Y_97_M,0.4104785861702135,-3.4303094351689203
1,Y_97_N,0.004203361249266,-3.1329887338793703
1,Y_97_P,0.1107327491511891,-2.1827484898489575
1,Y_97_Q,0.0067668581727961,-3.294661639638021
1,Y_97_R,0.0034389971524445,-2.3422449116337924
1,Y_97_S,0.0140459972361114,-2.3695306060320322
1,Y_97_T,0.0367902392013164,-1.3278302254220629
1,Y_97_V,0.4838480211127967,-1.9308161100575787
1,Y_97_W,0.7840202740006124,-3.6792054825855414
1,Y_97_Y,0.884888059020419,0.0
1,S_98_A,1.0076180468161036,-2.494118053412665
1,S_98_C,0.8046190869119234,-4.935892842700457
1,S_98_D,0.9571665377046296,-2.812214092357266
1,S_98_E,1.0494241288723194,-3.169676128032818
1,S_98_F,0.917101848934018,-3.102259301001333
1,S_98_G,1.0687169953230191,-2.73501995777875
1,S_98_H,0.9296579241759804,-3.9053340172773536
1,S_98_I,0.8298795527866466,-3.4510042265750434
1,S_98_K,0.9043592343997572,-3.2664496952767728
1,S_98_L,1.0373184546775618,-2.3765258392433593
1,S_98_M,0.8112642764200335,-3.4660195236950386
1,S_98_N,1.1610087672512994,-3.6282715136530355
1,S_98_P,0.3874053725743947,-2.9503644308380843
1,S_98_Q,0.9716353382188074,-4.2898924405662004
1,S_98_R,1.0073491880625762,-2.9105185222908836
1,S_98_S,1.0193509693813598,0.0
1,S_98_T,1.0795850222255834,-2.9061876363530454
1,S_98_V,0.8992230154263307,-2.7865816210601233
1,S_98_W,0.963120934323961,-3.794355509315306
1,S_98_Y,0.8739392282715921,-3.327771586151091
1,Q_99_A,1.0811366372176392,-1.7121823966509682
1,Q_99_C,0.484460808859818,-4.153029056644939
1,Q_99_D,1.0482703712376065,-2.133538872095767
1,Q_99_E,1.3333632474476065,-2.3993415353662924
1,Q_99_F,1.542375314382339,-2.0917105191355194
1,Q_99_G,1.047698688531843,-1.693341978189055
1,Q_99_H,1.1143835498401833,-3.4232063975265854
1,Q_99_I,1.0829374130046376,-1.959643255615884
1,Q_99_K,1.1320752563611112,-2.229535786504167
1,Q_99_L,1.12511530978459,-0.7326678212630973
1,Q_99_M,1.2143681573527871,-3.0855476865720046
1,Q_99_N,0.7585645551405479,-2.682721102422022
1,Q_99_P,1.1336017312128917,-1.8435710843631303
1,Q_99_Q,1.1953000919798349,0.0
1,Q_99_R,1.2848303403872443,-2.3536359625618113
1,Q_99_S,1.1042071642076043,-2.7412013935198836
1,Q_99_T,1.1019844502342862,-2.119150134643668
1,Q_99_V,1.2667939361295284,-1.6195147077915621
1,Q_99_W,0.906839957812812,-2.6880191280595778
1,Q_99_Y,1.4953786770956046,-2.5751173978576123
1,N_100_A,1.1861379984472424,-1.3557090383025445
1,N_100_C,0.3744450353406675,-4.993907005940346
1,N_100_D,0.8787141716583288,-1.0060001974420987
1,N_100_E,1.2289471428920382,-2.135033915103543
1,N_100_F,1.4319795270734437,-2.644749044585506
1,N_100_G,0.9991546255210292,-1.7952338883896546
1,N_100_H,1.1586580613526891,-3.0766424549619913
1,N_100_I,1.128800761750146,-2.6458595388695327
1,N_100_K,1.1650499958257818,-2.3894961496751783
1,N_100_L,1.2536641127214896,-1.4914271801037324
1,N_100_M,0.9196277252104428,-3.026632034387326
1,N_100_P,0.7047990411396126,-1.5347332849099484
1,N_100_Q,1.7029202421339718,-3.190586714311209
1,N_100_R,1.2041464510327688,-2.3342981926278092
1,N_100_S,1.1780206807424756,-2.315756750533801
1,N_100_T,1.2695188941163853,-2.1191605659472508
1,N_100_V,0.9499383990021284,-2.298337466061736
1,N_100_Y,1.1277254397991008,-3.127486007943263
1,D_101_A,0.776823024301896,-2.7736795124435627
1,D_101_C,0.3366452156259109,-5.828146460315375
1,D_101_D,1.2366805365390183,0.0
1,D_101_E,1.1541149042971597,-3.224085972737164
1,D_101_F,0.401508898353464,-3.6405704760949376
1,D_101_G,0.3209431927410665,-2.2229170354883134
1,D_101_H,0.6565655080563307,-4.429582006603625
1,D_101_I,0.6020732255163843,-3.611899570270008
1,D_101_K,0.5280776055104053,-2.9641834643924563
1,D_101_L,0.5947535432358382,-2.687832957950226
1,D_101_M,0.978070840415222,-4.1067034895047305
1,D_101_N,0.7142444701467648,-4.016019688262835
1,D_101_P,0.1312052966469611,-2.6991143024142645
1,D_101_Q,1.0316358878600616,-3.974552740479339
1,D_101_R,0.4583351596580977,-3.4080527177278057
1,D_101_S,0.7514155446326687,-3.5317533375692
1,D_101_T,0.6197154608318347,-3.0524760715381354
1,D_101_V,0.7198373502948933,-3.3703530459358864
1,D_101_W,0.3759899139099771,-4.196729641162451
1,D_101_Y,0.4129081691000666,-3.534240901041002
1,L_102_A,0.0864500654673037,-3.0650703152272647
1,L_102_C,0.3425261090092796,-5.353066750736558
1,L_102_D,0.0066520321958358,-3.4659971017041795
1,L_102_E,0.0532162575666866,-3.911435557220924
1,L_102_F,0.5899231240013512,-3.219104370178304
1,L_102_G,0.0339136733138897,-3.2330791146623707
1,L_102_H,0.1064325151333732,-4.5097175628047745
1,L_102_K,0.1594685537890538,-3.071388342561827
1,L_102_L,1.0402280647330753,0.0
1,L_102_N,0.0305647137629757,-4.294319060632375
1,L_102_Q,0.2128650302667464,-4.233975930724915
1,L_102_R,0.1178537742568898,-3.5880997985050818
1,L_102_S,0.0952597694062898,-3.5340947179836175
1,L_102_T,0.3706195440095252,-2.8664374476371104
1,L_102_V,0.6758045020893289,-3.424047216845669
1,L_102_W,0.2013825896043309,-4.202931309042954
1,V_103_A,0.8980912032930747,-2.1122562450760767
1,V_103_C,0.7944403839334219,-5.3478542173304815
1,V_103_D,0.9932528042722056,-2.1950344042759116
1,V_103_E,0.6840728448427804,-2.9770608743098905
1,V_103_F,0.4642619230398223,-2.624883207466056
1,V_103_G,0.4257300605334929,-2.5734289472833876
1,V_103_I,0.9557318923675256,-3.2720959210669345
1,V_103_L,0.5453120219672422,-2.7123044325248884
1,V_103_N,0.4407433986951912,-3.1174182320048134
1,V_103_P,0.0094073941486935,-1.7551186237694356
1,V_103_R,0.5363861409076381,-2.8158706659991055
1,V_103_S,0.8514601210669859,-2.7039069024210196
1,V_103_T,1.2041464510327688,-2.8654015565040387
1,V_103_V,0.7262322317702897,0.0
1,V_103_W,0.2531406085284845,-3.3770465166534316
1,V_103_Y,0.4700440489465006,-3.335568999330285
1,E_104_A,1.1000551600680728,-2.1267888448350147
1,E_104_C,0.3579948817683611,-5.4063915880774935
1,E_104_D,1.37584587605805,-2.244316184870071
1,E_104_E,0.9125723621675348,0.0
1,E_104_G,0.6651939104719586,-2.570623964216148
1,E_104_K,0.4683392535045501,-2.1707013985423216
1,E_104_L,0.8514601210669859,-2.2803941196855675
1,E_104_M,0.9878041032200316,-3.028457057841627
1,E_104_N,0.8514601210669859,-3.0447175787134078
1,E_104_P,1.2041464510327688,-2.382262013917178
1,E_104_Q,1.3044086078366943,-3.0234293951646656
1,E_104_R,0.9216538174797192,-2.521469434948862
1,E_104_S,0.889157481212725,-2.7759113090939627
1,E_104_T,0.9605441731295336,-2.648171912242313
1,E_104_V,0.8917293866428071,-3.3770998300830954
1,Y_105_A,0.3083186076248705,-2.0274543449311966
1,Y_105_C,0.1550047000470971,-4.939475574524228
1,Y_105_D,0.1340965352269095,-1.8062896860833488
1,Y_105_E,0.0391770035225465,-3.1056827235896067
1,Y_105_F,0.6895193131100396,-2.5946149983819327
1,Y_105_G,0.3212904193928931,-2.1749686647543465
1,Y_105_H,0.4112281317846745,-3.2210473783817104
1,Y_105_I,0.1135212170439564,-2.805667813216369
1,Y_105_K,0.0167620669033636,-2.6606554941714005
1,Y_105_L,0.1133549947266015,-1.9717843162394453
1,Y_105_M,0.2389329730918815,-3.5607858127895433
1,Y_105_N,0.3189371075781075,-3.1141934132575164
1,Y_105_P,0.4257300605334929,-2.705071993946243
1,Y_105_Q,0.1106110073775524,-3.0265717219370707
1,Y_105_R,0.059880242186075,-2.5326669756594193
1,Y_105_S,0.2286327321634468,-2.977462017902326
1,Y_105_T,0.1924500387332643,-2.4161741158735714
1,Y_105_V,0.1817391153653673,-2.7148520229998834
1,Y_105_W,1.6419143446808555,-2.8976651010620285
1,Y_105_Y,0.9285238460796446,0.0
1,S_106_A,0.5328572012884665,-1.733892760857097
1,S_106_C,0.4068559139576179,-4.439412115939027
1,S_106_D,0.0115818607502976,-1.9660249579833151
1,S_106_E,0.0025460362342433,-2.69620587212796
1,S_106_F,0.0059262868193721,-2.4840679346503514
1,S_106_G,0.2832549094640942,-2.3888187285968447
1,S_106_H,0.2354456325844894,-3.213408891694044
1,S_106_I,0.0096431811599273,-2.32161607648296
1,S_106_K,0.0166376082910667,-2.631978344617525
1,S_106_L,0.0021631076297809,-1.4645114349033561
1,S_106_N,0.2009178805588753,-2.8065539292968253
1,S_106_P,0.0091718334107146,-2.92433696495321
1,S_106_Q,0.0064949226815252,-2.7282220860269195
1,S_106_R,0.0463961809498484,-2.3499498596974737
1,S_106_S,1.059090494684089,0.0
1,S_106_T,0.272356247574654,-2.565788776632796
1,S_106_V,0.061372019457442,-2.6312010418189633
1,S_106_W,0.0040544590776134,-2.4700816926756115
1,S_106_Y,0.0293777530591562,-3.711337054319503
1,P_107_A,0.2332094033807668,-2.7393308515150783
1,P_107_C,0.0607272086386755,-5.849359500360739
1,P_107_D,0.0738988060919178,-2.865748587339084
1,P_107_E,0.2464810889843199,-3.442740071902025
1,P_107_F,0.1654394118075746,-3.6973171458177467
1,P_107_G,0.1157192566976507,-2.763258039761158
1,P_107_H,0.24023326953842,-3.936698258263639
1,P_107_I,0.3732866623235099,-3.574876439887381
1,P_107_K,0.2445177101038056,-3.0573816546851083
1,P_107_L,0.3335118358602203,-3.017564596258648
1,P_107_M,0.268193070453819,-4.669778149158955
1,P_107_N,0.1604954014490358,-3.2569861208069613
1,P_107_P,0.5953796707267188,0.0
1,P_107_Q,0.261635437503947,-3.7128432163466667
1,P_107_R,0.2237835456090723,-2.913198187052073
1,P_107_S,0.2180304993470307,-3.17562639218265
1,P_107_T,0.259297978967113,-3.2724339518524816
1,P_107_V,0.3831453937689068,-3.933145856659278
1,P_107_W,0.0963984571488961,-4.487456592365009
1,P_107_Y,0.2018125595454758,-4.002898895419619
1,V_108_A,0.7711876571911689,-2.5062677767873707
1,V_108_C,0.6343508356127908,-4.579667004011247
1,V_108_D,0.4202666455289378,-2.8479048433615626
1,V_108_E,1.1586580613526891,-2.6765409950651486
1,V_108_F,0.4257300605334929,-3.1463051320333664
1,V_108_G,0.2868123130998938,-2.3264746663467744
1,V_108_H,0.5305169924993844,-4.19996603283921
1,V_108_I,1.1961479673772248,-1.9887976103027099
1,V_108_K,0.3792822775702739,-3.6403502449037894
1,V_108_L,1.1817983310412552,-2.51693048253141
1,V_108_M,1.0125624341139372,-3.97025071636177
1,V_108_N,0.3595112611213077,-3.526236938136365
1,V_108_P,0.002882750446603,-3.4352651599306414
1,V_108_Q,0.8514601210669859,-3.6561733598430335
1,V_108_R,0.3939058823695044,-3.2157085968334185
1,V_108_S,0.4990578158639533,-3.39393178723509
1,V_108_T,0.3664770770887118,-3.5220440598763325
1,V_108_V,0.9756528852464118,0.0
1,V_108_W,0.4257300605334929,-3.8223578792340147
1,V_108_Y,0.5688786593719871,-3.551770240141531
1,T_109_A,0.8159048755310504,-2.392167103918572
1,T_109_C,0.6629168673706455,-5.4913964558814845
1,T_109_D,0.0027968350138153,-2.8327749206198476
1,T_109_E,0.0018821303546533,-3.4485195832968003
1,T_109_F,0.0064457161207394,-2.4312918984108034
1,T_109_G,0.1796881116115884,-2.668878400942001
1,T_109_H,0.0018014763990391,-4.179619315949046
1,T_109_I,0.1740305954654914,-2.847790217739842
1,T_109_K,0.0016364155496675,-3.355092052307093
1,T_109_L,0.474199769486667,-2.1546430371798966
1,T_109_M,0.1927969142977922,-4.176758083668017
1,T_109_N,0.0391955822402028,-3.3715585421606695
1,T_109_P,0.0017663260175249,-2.4893014885396507
1,T_109_Q,0.0020474030688234,-3.536409088675045
1,T_109_R,0.0018666634641185,-2.9742148721516752
1,T_109_S,0.906839957812812,-3.011823152068832
1,T_109_T,1.0753049568340751,0.0
1,T_109_V,0.5000533289520754,-3.106153419986808
1,T_109_W,0.0037727417564386,-3.690810804025144
1,T_109_Y,0.0044164465496636,-3.447141223326681
1,E_110_A,0.7190225222426154,-2.1718334467376312
1,E_110_C,0.4257300605334929,-3.9991439002300084
1,E_110_D,0.8883714083937991,-2.765334939618313
1,E_110_E,1.1067956405836503,0.0
1,E_110_F,0.5521035821038021,-2.8613108984086177
1,E_110_G,0.9445315330017668,-1.975894852486363
1,E_110_H,0.9196277252104428,-4.376438131371487
1,E_110_I,0.978070840415222,-1.9268708480287828
1,E_110_K,0.9051607088176564,-3.145336659657285
1,E_110_L,0.6542939639621687,-1.7323340343278977
1,E_110_N,0.8514601210669859,-3.1649933122068403
1,E_110_P,0.3718026264189571,-2.7496515806027606
1,E_110_Q,0.8514601210669859,-3.3618114987764627
1,E_110_R,0.90862749475576,-2.5853733478260987
1,E_110_S,0.9223561720394308,-2.7923180269216656
1,E_110_T,0.7944403839334219,-3.2263936690710975
1,E_110_V,1.155094484888591,-2.094481006173396
1,E_110_W,0.4890354202076113,-3.8384838402172305
1,E_110_Y,0.5189706540176021,-3.103639136115686
1,K_111_A,1.1202679684145265,-1.9097959581870259
1,K_111_C,0.632632626598465,-4.997043340576795
1,K_111_D,0.9400880978930006,-2.257817522006129
1,K_111_E,1.1065432696813875,-2.6961263046834434
1,K_111_G,1.1459800005344287,-1.859739169402401
1,K_111_I,0.8936475558453467,-3.1805912587583656
1,K_111_K,1.1586580613526891,0.0
1,K_111_L,1.0538743479677617,-2.453474778140202
1,K_111_M,1.2041464510327688,-3.6708529035266038
1,K_111_N,0.9815535387511668,-3.1631294315947027
1,K_111_P,0.4400166030008124,-2.660862298154229
1,K_111_Q,1.1148888347663966,-2.3906567932510816
1,K_111_R,1.1595836257325225,-1.3605542736647764
1,K_111_S,1.1544957535522065,-2.6267995991089315
1,K_111_T,1.0302617136969958,-3.304490521432186
1,K_111_V,0.9358666397171987,-3.1368467097955106
1,K_111_W,0.7159897635367224,-3.3419949168906404
1,K_111_Y,1.7029202421339718,-2.5554212055655334
1,H_112_A,0.5027840772400048,-1.635261296015561
1,H_112_C,0.5399388258009912,-4.582746736030174
1,H_112_D,0.1383494550729563,-2.0792933386414045
1,H_112_E,0.4056321382100167,-2.4299739212647804
1,H_112_F,0.9285238460796446,-2.339880877737743
1,H_112_G,0.5220025887460676,-1.8002435567332082
1,H_112_H,1.2041464510327688,0.0
1,H_112_I,0.131309287492383,-2.3261297061249193
1,H_112_K,0.9837365198625092,-2.5271376697184307
1,H_112_L,0.456713666681636,-1.7559477821516152
1,H_112_N,0.5363861409076381,-2.189473458914632
1,H_112_P,0.0329552669385578,-1.8042875972929437
1,H_112_Q,0.5934415583921931,-1.9231968860247919
1,H_112_R,0.820313835612181,-1.9854391949020125
1,H_112_S,0.482910877878476,-1.943171941979042
1,H_112_T,0.2315880740273959,-2.341420523923337
1,H_112_V,0.1883567795737305,-1.9131059830428285
1,H_112_W,0.506281217056969,-2.939117458847792
1,H_112_Y,0.8957585826031875,-1.8863584746758002
1,L_113_C,0.8514601210669859,-5.57750030874388
1,L_113_D,0.4316730307095178,-3.722227433793492
1,L_113_E,0.4415482087211585,-4.108644346930965
1,L_113_F,0.6866590655803946,-3.4335842848621607
1,L_113_G,0.3266138482110068,-2.6365185499612904
1,L_113_H,0.6984829798707812,-4.750309571655767
1,L_113_I,1.095543573696102,-3.1582256739148162
1,L_113_K,0.5765472959752617,-4.272273770712771
1,L_113_L,0.9845489673360498,0.0
1,L_113_M,1.0727722818152765,-4.603869030254481
1,L_113_N,0.3282827540281653,-3.8148489236738934
1,L_113_P,0.4032889736631602,-3.5538921189742796
1,L_113_Q,0.7476893385478022,-4.147110627758761
1,L_113_R,0.5282767663708806,-3.175886177066765
1,L_113_S,0.4579537682663982,-3.7019221676327483
1,L_113_T,1.0862542838735652,-4.301588158381545
1,L_113_V,1.1349626856846449,-3.38301171122653
1,L_113_W,0.588321989971922,-4.270054013974452
1,L_113_Y,0.7476893385478022,-3.482806819147143
1,T_114_A,1.0727722818152765,-2.0120507454860066
1,T_114_C,0.8514601210669859,-4.654239056959791
1,T_114_D,1.2289471428920382,-2.4734082893992326
1,T_114_E,1.2757484303124302,-2.9446247750701757
1,T_114_G,1.0823483248002468,-2.6095404637238118
1,T_114_H,1.123508365455534,-4.034449660971482
1,T_114_I,1.1631288023984734,-3.1627061388382245
1,T_114_K,1.4037848768353574,-2.445160892556459
1,T_114_L,1.2588565265088731,-2.4833751493146248
1,T_114_M,0.8130093598202879,-4.105131246622774
1,T_114_N,1.1014773788895995,-3.0312350449989554
1,T_114_P,1.1365631664384768,-2.133400397945711
1,T_114_Q,1.6145004763638051,-3.4218921442875203
1,T_114_R,1.2628102418779314,-2.710421688577593
1,T_114_S,1.1573842097730174,-2.758339328479123
1,T_114_T,1.1309497791929488,0.0
1,T_114_V,1.1006691439553675,-2.949934522058407
1,T_114_W,1.2800905505371738,-3.5937424012141808
1,T_114_Y,1.3235152944605977,-2.704850643528136
1,D_115_A,1.0092571913539852,-1.9133085858415053
1,D_115_C,0.5911904487353421,-4.801086308560624
1,D_115_D,1.2041464510327688,0.0
1,D_115_E,1.141624235065758,-3.01365397719645
1,D_115_F,0.3903961868229822,-3.082770756743781
1,D_115_G,0.8803126269332361,-2.9449502484034307
1,D_115_H,0.8868947838272773,-3.647044214953189
1,D_115_I,0.4257300605334929,-3.451735462632421
1,D_115_K,0.963120934323961,-3.1550217181502904
1,D_115_L,0.453949546855482,-2.6201128143499175
1,D_115_M,0.8514601210669859,-4.546323601000802
1,D_115_N,1.0125624341139372,-3.3459718024418197
1,D_115_P,0.3783511844329175,-2.4678865797469705
1,D_115_Q,0.9728699488281932,-3.4160881239021816
1,D_115_R,0.8605887384603882,-2.7164767967223447
1,D_115_S,0.8917293866428071,-1.7394401647586082
1,D_115_T,1.1459800005344287,-3.4557758721694225
1,D_115_V,0.6389278213837288,-3.6260248477291133
1,D_115_W,0.4257300605334929,-4.180454108977235
1,D_115_Y,0.889157481212725,-3.1024804515553455
1,G_116_A,0.2154693944357152,-2.7175899057980564
1,G_116_C,0.0940414025917192,-5.733447960633911
1,G_116_D,0.0813147491136319,-3.1924518441948697
1,G_116_E,0.0562927081822954,-3.138521337669491
1,G_116_G,1.1938436153366585,0.0
1,G_116_H,0.2128650302667464,-4.216028946920065
1,G_116_I,0.0152823568814878,-3.555952753204
1,G_116_K,0.1015195065237587,-3.306022983133804
1,G_116_L,0.0565224521499848,-2.917184174891471
1,G_116_N,0.2128650302667464,-3.440802209542428
1,G_116_P,0.0407627689948967,-2.8201421861087344
1,G_116_Q,0.0532162575666866,-3.418847430895456
1,G_116_R,0.0294487838554082,-2.7907455955073894
1,G_116_S,0.2177989443560605,-3.1642809672281733
1,G_116_T,0.0655168982023503,-3.5037881075445396
1,G_116_V,0.0268286052843183,-3.5049708397935886
1,G_116_W,0.1133549947266015,-4.322729047506947
1,G_116_Y,0.2245228008232684,-3.5240873120154674
1,M_117_A,0.308341689187549,-1.3539839970504361
1,M_117_C,0.3742748121827607,-3.998384171076191
1,M_117_D,0.003733326928237,-1.8270473646920988
1,M_117_E,0.0347697346359322,-1.8095278434104867
1,M_117_F,0.0523937620598195,-1.763007827775594
1,M_117_G,0.0169116925750038,-2.1452160737194914
1,M_117_H,0.0231637215005953,-2.810540748680139
1,M_117_I,0.4355978887121211,-0.7891547232597949
1,M_117_K,0.0360779922985064,-2.102264686523892
1,M_117_L,1.061033984998769,-1.2546451275654726
1,M_117_N,0.0271254121128014,-2.5813181512895484
1,M_117_P,0.0040650380355046,-1.8310462274901702
1,M_117_Q,0.4217607852461059,-2.2431158104305506
1,M_117_R,0.1501081138407012,-1.9578134037853478
1,M_117_S,0.0936112588351668,-1.9429792072245953
1,M_117_T,0.2024694108396701,-2.112072384906914
1,M_117_V,0.3466000737583535,-1.2823658003248026
1,M_117_W,0.0053287426168404,-2.3829641869645455
1,M_117_Y,0.0467305836592376,-2.207458382596715
1,T_118_A,0.3666117337744201,-2.6105821988942095
1,T_118_C,0.3792822775702739,-5.1046459285585035
1,T_118_E,0.9196277252104428,-3.2499726339198753
1,T_118_F,0.0975990467057456,-3.2258750823408135
1,T_118_G,0.0773388362850476,-3.1142840169323494
1,T_118_I,0.2432174872070482,-3.1330933488898474
1,T_118_K,0.3038697286604269,-3.221914681124713
1,T_118_L,0.5729900002672144,-2.036592993424878
1,T_118_M,0.3282827540281653,-4.408257254074388
1,T_118_R,0.320616341810181,-3.0854232468717173
1,T_118_S,0.8514601210669859,-2.7968794768224523
1,T_118_T,0.8957585826031875,0.0
1,T_118_V,0.3124845717340088,-3.1303845436217577
1,T_118_W,0.0066520321958358,-4.120575181622599
1,T_118_Y,0.149457465408501,-2.9577278159096725
1,V_119_A,0.0838136984600753,-2.688511056804203
1,V_119_C,0.0929686983314186,-5.550090626747558
1,V_119_D,0.0012924954047466,-3.0330956624080443
1,V_119_E,0.0195214207734922,-3.3985812360289334
1,V_119_F,0.0674571822272739,-2.7633364062573955
1,V_119_G,0.0066130717352603,-2.72845297464922
1,V_119_H,0.0316425760660605,-3.4113040539569006
1,V_119_I,1.0362297196689785,-2.3531937085981207
1,V_119_K,0.0043550342089382,-3.383524489849825
1,V_119_L,0.878098609256546,-1.8522837496195057
1,V_119_M,0.7412390880190505,-3.9022684713051365
1,V_119_N,0.0490488753287435,-3.3022372269440856
1,V_119_P,0.0773579764221831,-2.2978641265458597
1,V_119_Q,0.0361261385536861,-3.539544911574237
1,V_119_R,0.0044321181821941,-3.416438853428941
1,V_119_S,0.0306837339315558,-2.9603670873004315
1,V_119_T,0.3749868389003239,-3.437245845934905
1,V_119_V,1.0111134398626784,0.0
1,V_119_W,0.004512087831596,-3.488469981637821
1,V_119_Y,0.0312692378643205,-3.0131210512779214
1,R_120_A,1.3303878209439175,-2.470495963878965
1,R_120_C,1.0968725223559643,-5.7338670286337345
1,R_120_D,0.9754155429822742,-2.5779310035393905
1,R_120_E,1.2499382869360358,-2.6798658469557486
1,R_120_F,1.0406499534862352,-2.9388748973976977
1,R_120_G,1.2199980709588587,-2.4169574634941506
1,R_120_H,1.383201047476858,-3.487852287128065
1,R_120_I,0.7498520446043291,-3.2753471340189098
1,R_120_K,0.8596968150515909,-3.200170214676284
1,R_120_L,0.99598841504185,-2.670476106605911
1,R_120_M,0.8036715222355014,-4.310758694391114
1,R_120_N,1.2757484303124302,-3.3753743037013755
1,R_120_P,0.1088391022279977,-2.3486296665502895
1,R_120_Q,1.0634600711339643,-3.0308293693550503
1,R_120_R,1.0920976544696208,0.0
1,R_120_S,1.2289471428920382,-2.9994995192141345
1,R_120_T,1.1055949005973338,-3.4451273424617264
1,R_120_V,0.774666290045858,-3.6041483336628697
1,R_120_W,1.3867568642567318,-3.9589146777220434
1,R_120_Y,1.2993290794426644,-3.2991577827126286
1,E_121_A,0.7788621239364201,-2.461622251361918
1,E_121_C,0.1135784368444699,-5.270556946247872
1,E_121_D,1.0727722818152765,-2.063007155360157
1,E_121_E,1.2003922141436398,0.0
1,E_121_F,0.0172532369407438,-3.1553547406889413
1,E_121_G,0.8153610053177501,-2.418672621337553
1,E_121_H,0.632632626598465,-2.099811309206652
1,E_121_I,0.0024559737676104,-3.127639340842395
1,E_121_K,0.2664158584268461,-3.1541844655407516
1,E_121_L,0.0266081287833433,-2.650401124400172
1,E_121_M,0.2718630272565294,-2.8218980868522134
1,E_121_N,0.4619017337988733,-3.077656699974659
1,E_121_Q,1.2041464510327688,-1.976879908296974
1,E_121_R,0.1714766290487395,-2.5181956988207514
1,E_121_S,0.5593991111682616,-2.801141841489982
1,E_121_T,0.2508423536441365,-3.0722542016913077
1,E_121_V,0.0054666713739085,-2.9252099939157445
1,E_121_W,0.0087774091051213,-3.38025627663405
1,E_121_Y,0.0316425760660605,-2.887779791536254
1,L_122_A,0.2357075485137797,-3.34998289755466
1,L_122_C,0.2775827586809415,-6.472976950719587
1,L_122_D,0.0008315040244794,-3.448082228476597
1,L_122_E,0.0019293044879139,-3.6714735805602583
1,L_122_F,0.0607131091564129,-3.798124819026964
1,L_122_G,0.0078736803887149,-3.3893833213742552
1,L_122_H,0.029602377634759,-4.3127080799057875
1,L_122_I,0.287567564881935,-3.512554679778327
1,L_122_K,0.0011759242685866,-3.7967193374182324
1,L_122_L,1.1274581370227683,0.0
1,L_122_M,0.9196277252104428,-4.5241555914568075
1,L_122_N,0.0066520321958358,-3.993185401598354
1,L_122_Q,0.0175548182102427,-3.993185401598354
1,L_122_R,0.0008315040244794,-3.5568623051302812
1,L_122_S,0.0313959193019973,-3.8023531551364895
1,L_122_T,0.0763538051383274,-4.278022521917902
1,L_122_V,0.1586019997480846,-3.50099385737725
1,L_122_W,0.0008315040244794,-4.35353007442605
1,L_122_Y,0.012676004319063,-3.6640661392823937
1,C_123_A,0.4540848681758257,0.1461201411176516
1,C_123_C,0.8250513775135778,0.0
1,C_123_D,0.0009067615684371,-0.28886396598257624
1,C_123_E,0.0046598439788236,-0.6467560309046143
1,C_123_F,0.0023929581254753,-0.620052174457185
1,C_123_G,0.2085058644402854,-0.029487933030643898
1,C_123_H,0.0011759242685866,-0.7613304173503064
1,C_123_I,0.1980372693029971,-0.5222298813633404
1,C_123_K,0.0008315040244794,-0.5863702340704058
1,C_123_L,0.2276595471349326,0.5460586769769735
1,C_123_M,0.462655698807076,-1.3040189626721688
1,C_123_N,0.007856001206875,-0.8601368384602122
1,C_123_P,0.0008315040244794,-0.12195544172723594
1,C_123_Q,0.0182312319958485,-0.8968147236908766
1,C_123_R,0.0008315040244794,-0.09004412653141403
1,C_123_S,0.1244654186949679,-0.708142106288022
1,C_123_T,0.0393696546266619,-0.36399130621641307
1,C_123_V,0.0488964612032374,0.021038644146708307
1,C_123_W,0.0008315040244794,-1.6066070542095825
1,C_123_Y,0.0009101840129857,-0.3294100603769272
1,S_124_A,0.9878041032200316,-2.8267208323878767
1,S_124_C,0.4890354202076113,-5.679858207164052
1,S_124_D,1.3207376015481558,-2.4952469762698932
1,S_124_E,1.415531512313146,-2.8559761905366665
1,S_124_F,1.0338385232659209,-2.6678123581184847
1,S_124_G,0.9848738611047482,-2.5262229041641993
1,S_124_H,0.985233007068312,-3.2903713923150395
1,S_124_I,1.0829374130046376,-2.944978183852614
1,S_124_K,1.0727722818152765,-2.879692717153982
1,S_124_L,1.3131310161126617,-2.5804774088885285
1,S_124_M,1.607343044471003,-3.707972571705425
1,S_124_N,1.2876895960875896,-3.094868098819018
1,S_124_Q,1.1179594547437313,-3.162586272873968
1,S_124_R,0.9766596956881776,-2.6173284526864924
1,S_124_S,1.2191434302042743,0.0
1,S_124_T,0.7185262986720821,-3.0389229427245397
1,S_124_V,0.9870026522833494,-2.936474731252968
1,S_124_W,0.89689491520135,-3.9968763914075316
1,S_124_Y,1.1148888347663966,-3.1807978099379053
1,A_125_A,1.129755724050001,0.0
1,A_125_C,0.561754182727767,-5.884587730932228
1,A_125_D,0.0088793997378005,-2.963546349979792
1,A_125_E,0.0615343104585031,-2.84440369480737
1,A_125_G,0.3382776734648768,-2.568750198221194
1,A_125_H,0.0407627689948967,-3.029337355829248
1,A_125_I,0.0873103724838476,-3.5404536350252753
1,A_125_K,0.0055936700276306,-2.6921181072211056
1,A_125_L,0.0332752165821334,-2.4713420107538626
1,A_125_M,0.0388340468440202,-3.617472817386461
1,A_125_N,0.078096887746093,-3.253135000702154
1,A_125_P,0.0010783273087964,-2.708429635749146
1,A_125_R,0.0035758166179202,-2.6958587599619053
1,A_125_S,0.6183402682695087,-3.332541778306564
1,A_125_T,0.1821906549743411,-2.9353754730130954
1,A_125_V,0.3930456713957122,-3.1224703085597096
1,A_125_Y,0.0763097318175122,-3.0997635619335724
1,A_126_A,1.15788250656059,0.0
1,A_126_C,0.4544995800869883,-5.776430629279561
1,A_126_D,0.0016844920869471,-2.846176285105046
1,A_126_E,0.0020337153295645,-2.8136290335385508
1,A_126_F,0.0008315040244794,-3.1763525932694456
1,A_126_G,0.3834985070892248,-1.981416311505256
1,A_126_H,0.0008315040244794,-3.4446970465710645
1,A_126_I,0.1225239651383471,-3.6061704135816632
1,A_126_K,0.0009120141740456,-2.85145334220589
1,A_126_L,0.0553663745755945,-2.733250473636835
1,A_126_M,0.4356809283245024,-4.429638711135884
1,A_126_N,0.0606020693012275,-3.109593735557193
1,A_126_P,0.0008315040244794,-1.944426857622028
1,A_126_Q,0.0105594453451457,-3.0655674868007057
1,A_126_R,0.0008509393131337,-2.621530103906301
1,A_126_S,0.8858619932095131,-2.5942772324286505
1,A_126_T,0.9098848400113144,-2.8962831051592253
1,A_126_V,0.4969425106016019,-2.8782645996565446
1,A_126_Y,0.0008315040244794,-3.1597547018604053
1,I_127_A,0.0748232720256456,-2.5339343718632894
1,I_127_C,0.6283563487041085,-4.452426283176186
1,I_127_D,0.0014660935377172,-2.48456737921647
1,I_127_E,0.0021612170239881,-2.422746251055397
1,I_127_F,0.0094073941486935,-2.5016735096450677
1,I_127_G,0.0022615996284805,-1.5229167962353136
1,I_127_H,0.0332866586016976,-2.7512148878160905
1,I_127_I,0.996736362727193,0.0
1,I_127_K,0.0008315040244794,-2.6272508170282713
1,I_127_L,0.9846533857859658,-1.7806238724663008
1,I_127_M,0.903889216042152,-3.436422017839423
1,I_127_N,0.0359941900894164,-3.1197273021260687
1,I_127_P,0.0008315040244794,-2.2693246999516545
1,I_127_Q,0.0075534102754851,-2.8352513882399197
1,I_127_R,0.0008697846487315,-2.48728477219297
1,I_127_S,0.0348015136662491,-2.1230196589875603
1,I_127_T,0.3570702558197728,-2.8856324125322708
1,I_127_V,0.9426210908172252,-2.542524260042307
1,I_127_W,0.0008315040244794,-3.3883853385731535
1,I_127_Y,0.0012458480764769,-2.4751142365727135
1,T_128_A,0.8216180985003149,-2.713771508085819
1,T_128_C,0.9125723621675348,-5.090044316871039
1,T_128_D,0.4411352238167948,-2.967430603325983
1,T_128_E,0.9368836943967658,-2.886305058513612
1,T_128_F,0.042237781380583,-2.926045387163126
1,T_128_G,0.9355021450686614,-1.8018619442272283
1,T_128_H,0.2496233621057499,-3.318087474939153
1,T_128_I,0.6222774476330868,-3.780122934535714
1,T_128_K,0.4006159778245144,-2.912622366830985
1,T_128_L,0.5032648931384462,-2.358258441050512
1,T_128_M,0.6984829798707812,-4.367909599437842
1,T_128_N,0.366756608449172,-3.53811089891712
1,T_128_P,0.0119310751609307,-2.472219207361541
1,T_128_Q,0.6428730896560769,-3.1805018119865887
1,T_128_R,0.374239791104672,-2.633098482080668
1,T_128_S,1.0213737360023634,-3.0414031566969113
1,T_128_T,0.8216813156840288,0.0
1,T_128_V,0.7659026135576946,-2.9176349086545317
1,T_128_W,0.0776680936880404,-3.6819309083565015
1,T_128_Y,0.07711198234845,-2.9092945767383105
1,M_129_A,0.5497863016778267,-1.7617114868683654
1,M_129_C,0.6194221448693819,-4.093965702585078
1,M_129_D,0.4308482910611315,-2.067763126788866
1,M_129_E,1.0422330189815865,-2.1121808415906775
1,M_129_F,0.8931515307010864,-1.7259546982097513
1,M_129_G,0.3066636059699176,-1.2604181897705165
1,M_129_H,0.4611780860197152,-2.452104603445738
1,M_129_I,0.7159897635367224,-2.1129642337184826
1,M_129_K,0.5638627198995503,-1.7312908901676523
1,M_129_L,0.8810567582610492,-1.305872793809317
1,M_129_N,0.4823027250643986,-2.1827411115176405
1,M_129_P,0.0034917991849946,-1.7361179309159682
1,M_129_Q,0.9147559924528964,-2.225666156234677
1,M_129_R,0.6831062355524435,-1.711687613409069
1,M_129_S,0.5820564030625437,-1.9485661931134304
1,M_129_T,1.02358851610421,-2.5454365432379573
1,M_129_V,0.9650889788730675,-1.5466534866096338
1,M_129_W,1.060749402968975,-2.00463008726003
1,M_129_Y,0.8753979233152158,-0.9256657261810168
1,S_130_A,0.0008855858963015,-2.6840749662011816
1,S_130_C,0.0008315040244794,-4.959509070129288
1,S_130_D,0.0008315040244794,-3.0561585354927603
1,S_130_G,0.0210303528558396,-2.68775144093049
1,S_130_H,0.0008315040244794,-3.598837813897285
1,S_130_I,0.0009067615684371,-3.393873780353572
1,S_130_K,0.0008315040244794,-2.788416633069907
1,S_130_L,0.0008315040244794,-2.573589988377621
1,S_130_N,0.0009551473050929,-3.688211451417092
1,S_130_Q,0.0008315040244794,-3.1918471524802827
1,S_130_R,0.0008535402847985,-2.546575919966366
1,S_130_S,1.2134560583812608,0.0
1,S_130_T,0.0038883208001875,-3.393873780353572
1,S_130_V,0.0008315040244794,-2.8697047414138943
1,S_130_W,0.0008315040244794,-3.686543394316393
1,S_130_Y,0.0008315040244794,-2.569218396716127
1,D_131_A,0.0008786376045162,-3.066936875340166
1,D_131_C,0.0017210632895046,-4.32196485046639
1,D_131_D,1.2041464510327688,0.0
1,D_131_E,0.0025799364897467,-2.818240249601338
1,D_131_F,0.0008315040244794,-3.398714267657172
1,D_131_G,0.0010011458399793,-2.194489288320442
1,D_131_H,0.0008441282729388,-3.8168699014093868
1,D_131_I,0.0008315040244794,-3.649668465386635
1,D_131_K,0.0009290287518062,-3.2138738178437336
1,D_131_L,0.0008424501064546,-2.8778509184576686
1,D_131_M,0.0008315040244794,-4.377444002786624
1,D_131_N,0.0014833377708406,-3.47059366469155
1,D_131_P,0.0008315040244794,-2.637920224057794
1,D_131_Q,0.0008315040244794,-3.469239568343821
1,D_131_R,0.0008448599712927,-3.0660323072097393
1,D_131_S,0.00167233010377,-2.336485191602703
1,D_131_T,0.0008315040244794,-3.1758229549620314
1,D_131_V,0.0008433498571378,-3.259994592032063
1,D_131_W,0.0008315040244794,-4.001492955191614
1,D_131_Y,0.0008315040244794,-2.7513667713485495
1,N_132_A,0.0237500912496636,-2.2675753898996915
1,N_132_C,0.1907977239705683,-4.373935614839341
1,N_132_D,0.1373979007093298,-2.6714975259381166
1,N_132_E,0.0025001773764151,-2.0744008546629136
1,N_132_F,0.0010698667711876,-2.3027770131558474
1,N_132_G,0.1247557197786432,-1.8668569628738423
1,N_132_H,0.001373572586099,-2.7584248092473405
1,N_132_I,0.0018938146656633,-2.01605509440241
1,N_132_K,0.0008831633148435,-2.7256675379778725
1,N_132_L,0.0047400630566079,-1.9927927114787072
1,N_132_M,0.0018135231368743,-3.2145991771091316
1,N_132_N,1.3969659597415611,0.0
1,N_132_P,0.0015567714432423,-2.281883565567571
1,N_132_Q,0.1133549947266015,-2.675204666420937
1,N_132_R,0.000941064916408,-2.0784824929825625
1,N_132_S,0.2275483242036089,-2.474787231692064
1,N_132_T,0.0322037580831047,-2.904868967435585
1,N_132_V,0.0027160074770904,-1.763940474032716
1,N_132_W,0.0008315040244794,-3.1132274980125363
1,N_132_Y,0.2255225915405032,-2.174457515422675
1,T_133_A,0.8160824750969841,-2.87227092102234
1,T_133_C,0.5363861409076381,-5.1954426476248
1,T_133_D,0.0028200093602936,-2.998218070288556
1,T_133_E,0.0351096364204854,-2.746508658295592
1,T_133_F,0.1907977239705683,-2.7975473748264026
1,T_133_G,1.2530012610510386,-2.7058801863005795
1,T_133_H,0.0726955501499046,-3.3970386356780535
1,T_133_I,0.0047400630566079,-2.490062675078443
1,T_133_K,0.0071845916032065,-3.2564132596616853
1,T_133_L,0.2749501286253865,-2.1643432302334897
1,T_133_M,0.2289768841331991,-3.856239894038734
1,T_133_N,0.0495339975734524,-3.4431172476421255
1,T_133_P,0.0393505297088624,-2.7430591895423326
1,T_133_Q,0.021497591813407,-3.3696038647438575
1,T_133_R,0.0063307066730729,-2.700585666983604
1,T_133_S,1.0042412329137145,-2.7910232487494584
1,T_133_T,0.9970473094691524,0.0
1,T_133_V,0.2160968378723484,-2.246382782269212
1,T_133_W,0.01621783293805,-3.0261604019451482
1,T_133_Y,0.1297426635044005,-3.0483424574711235
1,A_134_A,0.8334929298433262,0.0
1,A_134_C,0.0223746801105225,-4.770333284980283
1,A_134_E,0.0009276742177755,-3.3814516002954385
1,A_134_G,0.147051954701877,-2.3500803040068723
1,A_134_K,0.0008315040244794,-3.1660901894232842
1,A_134_L,0.0008315040244794,-2.0992265990697514
1,A_134_M,0.0008315040244794,-3.8760444882996126
1,A_134_P,0.0008315040244794,-2.883106637753055
1,A_134_R,0.0008509393131337,-3.026328247048125
1,A_134_S,0.5116811057120552,-3.1322928098399916
1,A_134_T,0.0063191085612486,-3.668272717033254
1,A_134_V,0.0010104830705618,-2.1563850129096997
1,A_135_A,1.322192161216198,0.0
1,A_135_C,0.2229323466607015,-4.758234561714951
1,A_135_D,0.0009932337232662,-2.9224582070700995
1,A_135_E,0.0011975709669625,-2.6437879108364037
1,A_135_F,0.0047565783795527,-2.7124790776898995
1,A_135_G,0.949103854848782,-2.274995969027626
1,A_135_H,0.0024331322717749,-3.498354125450698
1,A_135_I,0.0010971761381401,-3.0038308790306423
1,A_135_L,0.0008315040244794,-2.5744330047108517
1,A_135_N,0.0059995693654607,-4.108516939082326
1,A_135_P,0.0108612041274253,-3.1487966492808313
1,A_135_Q,0.0008315040244794,-3.2138686460245447
1,A_135_R,0.000875311937562,-2.0734529875520735
1,A_135_S,0.7612250097180207,-2.5972130330426695
1,A_135_T,0.8764100095206733,-3.2365355635888364
1,A_135_V,0.0180361455356259,-2.8658758939307587
1,N_136_A,0.0585552308997978,-2.0509004999856124
1,N_136_C,0.0607272086386755,-4.4673901493074695
1,N_136_D,0.2193387879849532,-1.619858550087798
1,N_136_E,0.0174729724534542,-1.8422541582108198
1,N_136_F,0.0443125716904952,-2.446911304754651
1,N_136_G,0.0387756524430618,-1.412780510050646
1,N_136_H,0.0875809474172268,-1.9357435667191571
1,N_136_I,0.0524893981819024,-2.316378415126384
1,N_136_K,0.0882729282386027,-2.506841129504039
1,N_136_L,0.0117014073543958,-2.748085759294841
1,N_136_M,0.0629894431097195,-2.4511976379353326
1,N_136_N,1.008987895233979,0.0
1,N_136_P,0.0009551473050929,-1.6356959851864235
1,N_136_Q,0.2103363158241415,-1.4859531159403054
1,N_136_R,0.0744626033524297,-1.7065638826986043
1,N_136_S,0.0760390789213197,-1.874545662847343
1,N_136_T,0.1349441992009827,-2.1758333873549027
1,N_136_V,0.0567375579386094,-1.8118790664132691
1,N_136_W,0.0110124850178064,-3.362346970309079
1,N_136_Y,0.0512917593000525,-2.231496430812097
1,L_137_A,0.3203377810621722,-3.1020127265707673
1,L_137_C,0.3015666647374748,-5.125214549927735
1,L_137_D,0.0017628469813663,-3.1998053238683486
1,L_137_E,0.2452749607013395,-3.148926365513241
1,L_137_F,0.3188984226119566,-3.413261073968031
1,L_137_G,0.0097925877517987,-3.0716737366800473
1,L_137_H,0.0634195682743672,-3.218200491396645
1,L_137_I,1.147557836376036,-3.1841864284697228
1,L_137_K,0.1822977760816703,-3.680972944762121
1,L_137_L,1.1207790289148,0.0
1,L_137_M,0.7560648381463528,-3.9894232580178666
1,L_137_N,0.0454399124885268,-4.704711564455021
1,L_137_P,0.0008650996027436,-2.9298857077564056
1,L_137_Q,0.423713754385314,-3.1672025992858437
1,L_137_R,0.0730851377538254,-3.2953640846906502
1,L_137_S,0.0955818079285423,-3.1505024099687056
1,L_137_T,0.3421030488342376,-3.874076277159364
1,L_137_V,0.8117148242452473,-2.906134591288242
1,L_137_W,0.0183198165458607,-4.1012931538612065
1,L_137_Y,0.048001452322739,-3.0937822274342515
1,L_138_A,0.2537324364838839,-2.7876417922547256
1,L_138_C,0.0793807974965648,-5.288969172255073
1,L_138_D,0.0008608269505765,-3.3430590231997406
1,L_138_E,0.0022107094879561,-3.386565159222568
1,L_138_F,0.001055595533438,-3.510543233896466
1,L_138_G,0.0079900368190796,-2.5831289168036466
1,L_138_H,0.0016373050643693,-3.950141348374089
1,L_138_I,0.7050076740959713,-3.2543933861140855
1,L_138_K,0.0008315040244794,-3.372825983339264
1,L_138_L,1.1192985263987043,0.0
1,L_138_M,0.3777744055387064,-3.6716156512082954
1,L_138_N,0.0024333233618554,-3.962368574943654
1,L_138_P,0.0008612047317453,-2.6265353691036073
1,L_138_Q,0.0027881628948605,-3.7580299063076117
1,L_138_R,0.0011340216246519,-3.189854864976513
1,L_138_S,0.0105943571987947,-3.144627006130791
1,L_138_T,0.0567245027180312,-3.865302468437063
1,L_138_V,0.4960350142389712,-2.817955493910552
1,L_138_W,0.0008315040244794,-4.166364456843723
1,L_138_Y,0.0008315040244794,-3.4268932046095384
1,L_139_A,0.2891670083167678,-2.2322436036358027
1,L_139_C,0.276115898909093,-4.811253614557001
1,L_139_D,0.0034732714109872,-2.680301140482936
1,L_139_E,0.0850742811771669,-2.6856313278137995
1,L_139_F,0.588321989971922,-3.399175136281393
1,L_139_G,0.072189101937442,-2.290112591738451
1,L_139_H,0.0334087280389578,-3.4387353009812243
1,L_139_I,0.7102155565685392,-3.3255867796239027
1,L_139_K,0.0038002724473656,-2.9498381438442114
1,L_139_L,1.0266424831824337,0.0
1,L_139_M,0.8759660533004698,-3.592465724445918
1,L_139_N,0.0662534718029085,-2.8927226973276214
1,L_139_P,0.0008501033504963,-2.8753435488362658
1,L_139_Q,0.1430649199765774,-2.8297376100474665
1,L_139_R,0.0017433123142219,-2.5612719170156515
1,L_139_S,0.2429452055373037,-2.3656671853605378
1,L_139_T,0.4065046799101439,-3.095261868901028
1,L_139_V,0.5559796049901697,-2.854738912252884
1,L_139_W,0.0497553636224656,-4.025513647169225
1,L_139_Y,0.7082771312506562,-3.0854709584664093
1,T_140_A,1.2776891341139456,-1.879680185190959
1,T_140_C,0.9878041032200316,-4.714085187779483
1,T_140_D,0.9894357047646416,-2.323588222462529
1,T_140_E,1.2652652531969302,-1.7002740823571272
1,T_140_F,0.8514601210669859,-2.346750447287928
1,T_140_G,1.0836034309826623,-2.0237586953419386
1,T_140_H,1.2041464510327688,-1.3477217587929302
1,T_140_I,0.9285238460796446,-3.097913243164014
1,T_140_K,1.3015726730895754,-2.492387753924508
1,T_140_L,0.8345236650735361,-2.9223257185514018
1,T_140_M,1.062903680299384,-2.6473935000715003
1,T_140_N,1.3157796148816288,-3.1196237295349136
1,T_140_P,0.294528442543918,-2.5512282539474422
1,T_140_Q,1.3333632474476065,-2.344220401662556
1,T_140_R,1.3383847078709372,-2.0119080552868325
1,T_140_S,1.1171042808595213,-2.1280499372402075
1,T_140_T,1.242052251079377,0.0
1,T_140_V,1.3600756193315833,-2.0654216363587543
1,T_140_W,0.8514601210669859,-3.1237474467187725
1,T_140_Y,0.9932528042722056,-2.6055113320622993
1,T_141_A,1.22418438113677,-1.8760709853354758
1,T_141_C,0.7255977395784445,-4.753061174535838
1,T_141_D,0.8946776405352632,-2.47847168903119
1,T_141_E,1.340882542344183,-2.1652510127830347
1,T_141_F,0.3379022510446643,-2.723138590137965
1,T_141_G,0.8514601210669859,-2.5269464455336013
1,T_141_H,0.7233254741372592,-2.46406492560366
1,T_141_I,1.0927859701194151,-2.9056213202741983
1,T_141_K,0.4890354202076113,-2.5014465349257042
1,T_141_L,0.9253113976141512,-2.4008098770184523
1,T_141_M,0.784782005259897,-3.193948345989228
1,T_141_N,0.797066978940091,-3.05558991261639
1,T_141_P,0.0559173525334539,-2.4480250999226243
1,T_141_Q,1.0727722818152765,-2.5905141356518926
1,T_141_R,0.8219735447797955,-1.822931382607694
1,T_141_S,0.9566153634540706,-2.3590776139061287
1,T_141_T,1.2118993338337154,0.0
1,T_141_V,0.9870026522833494,-1.9951501974533072
1,T_141_W,0.334730488143317,-3.382223071652616
1,T_141_Y,0.4257300605334929,-2.723138590137965
1,I_142_A,0.3484737445309353,-1.5649813814757687
1,I_142_C,0.2808770913638834,-4.4688186893685256
1,I_142_D,0.0163792245505875,-2.324539628193378
1,I_142_E,0.0537103475297064,-2.748961309046778
1,I_142_F,0.3200226376342936,-3.060051472396573
1,I_142_G,0.0662249595039682,-2.7361897433672895
1,I_142_H,0.0526517709161825,-3.5307571023731414
1,I_142_I,0.8418399419959927,0.0
1,I_142_K,0.0328273218730957,-3.1416548514754536
1,I_142_L,0.7793540972537552,-2.312283207356403
1,I_142_M,0.4400166030008124,-3.8023397558907384
1,I_142_N,0.0782758926825169,-3.3113659006774805
1,I_142_P,0.0017247972121016,-1.8067873763537587
1,I_142_Q,0.2808770913638834,-2.9084102041747424
1,I_142_R,0.0152577375952381,-2.4992667772561674
1,I_142_S,0.2177906413444983,-1.122362156486116
1,I_142_T,0.3555498780671193,-2.696383492966872
1,I_142_V,0.670704351168554,-2.1943771326349606
1,I_142_W,0.042237781380583,-3.7243782144210353
1,I_142_Y,0.593784305504064,-2.8709304722136952
1,G_143_A,0.294841368852189,-2.6377243563475483
1,G_143_C,0.2128650302667464,-4.792515335269189
1,G_143_D,0.3706195440095252,-3.325843874230528
1,G_143_E,0.3091701341347543,-3.4736622549448146
1,G_143_F,0.0788456442198791,-2.795156624377814
1,G_143_G,0.6116960506548956,0.0
1,G_143_H,0.4073048409980335,-3.917046597915272
1,G_143_I,0.1277299601826418,-3.767565187271698
1,G_143_K,0.3941727276662432,-3.656914477231723
1,G_143_L,0.0858323831975493,-2.584718819007552
1,G_143_M,0.2580618646553953,-4.478022005366736
1,G_143_Q,0.3649545889269501,-3.830337198883546
1,G_143_R,0.2379128113622417,-3.30893646004124
1,G_143_S,0.2820965381567997,-2.3528183109151053
1,G_143_T,0.2029287060613118,-2.8040455717950605
1,G_143_V,0.0905386664002369,-3.305982248143809
1,G_143_W,0.0283387486816503,-3.996183918473993
1,G_143_Y,0.1564275867810851,-3.346107992149582
1,G_144_A,0.0957534890312173,-2.504972992547563
1,G_144_C,0.0590471348136949,-5.251912286836527
1,G_144_D,0.23123214369162,-2.6177932388618173
1,G_144_E,0.224108281437311,-2.5044203536829865
1,G_144_F,0.0041905175972344,-2.823910533330994
1,G_144_G,1.1977434024109848,0.0
1,G_144_H,0.1064325151333732,-3.6757815724201675
1,G_144_I,0.0020952587986172,-2.817089741445906
1,G_144_K,0.0564737743986477,-2.5921351422476198
1,G_144_L,0.0033906759970478,-1.7447511232423447
1,G_144_M,0.0074666554091212,-3.032896226641107
1,G_144_N,0.3116526459805762,-3.2697224637005315
1,G_144_P,0.0051699801855636,-3.392118259563302
1,G_144_Q,0.1122614004116342,-2.5712450958097235
1,G_144_R,0.0523326768783539,-2.3267134797437055
1,G_144_S,0.3010366127581921,-2.6823317599993897
1,G_144_T,0.3466892160641829,-2.8891083338493933
1,G_144_V,0.0048045701099278,-2.5554229081353608
1,G_144_W,0.0022123196513902,-3.880819087048654
1,G_144_Y,0.007344438264789,-2.918764543432283
1,P_145_A,0.3498183481935846,-2.6036550377679943
1,P_145_C,0.2877312586314702,-4.5777360637900175
1,P_145_D,0.0223746801105225,-3.0588035660228043
1,P_145_E,0.1562422858670045,-3.050792842276729
1,P_145_F,0.0465350919012032,-2.978967107705472
1,P_145_G,0.2737526558917896,-3.2079029797241847
1,P_145_H,0.487155705148147,-3.838718429163967
1,P_145_I,0.1437211078742648,-2.914273895562874
1,P_145_K,0.0402116087794272,-3.3232253523504744
1,P_145_L,0.0532162575666866,-2.4179378919729
1,P_145_M,0.0543634138792037,-3.3611895793110382
1,P_145_N,0.0970369399812002,-3.5913102558501193
1,P_145_P,0.8751576715670739,0.0
1,P_145_Q,0.3157894472745204,-3.2589779096605995
1,P_145_R,0.0575889116112171,-2.9290774382026243
1,P_145_S,0.3306617025888532,-2.624853196188051
1,P_145_T,0.3600549151581467,-2.949696725405357
1,P_145_V,0.3658339489118559,-2.64414639912273
1,P_145_W,0.0082797324605241,-3.6622619918224077
1,P_145_Y,0.0277861712878976,-2.716349003916907
1,K_146_A,1.1964431657437986,-1.7324917857830429
1,K_146_C,0.95954665951175,-4.389433347654741
1,K_146_D,1.2041464510327688,-1.8923207921872185
1,K_146_E,1.2322917554076236,-2.253089272822825
1,K_146_F,1.0379413080352051,-2.436779074124037
1,K_146_G,1.180243769206078,-1.7922167016733972
1,K_146_H,0.7193510352446839,-2.4865405836831025
1,K_146_I,1.061033984998769,-2.350265705112828
1,K_146_K,0.9891264462250546,0.0
1,K_146_L,1.0331722979228468,-1.5275332638398698
1,K_146_M,0.949443375791462,-3.0352273010863327
1,K_146_N,1.1868831167843863,-2.959373958568074
1,K_146_P,0.8855310913784171,-2.526577956742938
1,K_146_Q,1.0142032949939574,-2.5967970699531326
1,K_146_R,1.1529155706533183,-2.1481639046557808
1,K_146_S,1.2314421596584029,-2.1800028646390004
1,K_146_T,1.093924269756739,-2.7177622007947404
1,K_146_V,0.9460647726192498,-2.0852705525190602
1,K_146_W,0.6280654730380321,-2.9456151423966483
1,K_146_Y,1.017588214354162,-2.2982192697496195
1,E_147_A,1.16713048782248,-2.4540159911313664
1,E_147_C,1.0072591189682538,-4.476299118971265
1,E_147_D,0.9101428263803908,-2.5785840730740612
1,E_147_E,1.321911749982063,0.0
1,E_147_F,0.8514601210669859,-3.248795817235125
1,E_147_G,1.259154109018823,-2.084918527194076
1,E_147_H,1.1115908518416806,-3.561596949782235
1,E_147_I,0.8371864499910763,-3.0510893416016915
1,E_147_K,1.1546093925823526,-3.5743971245492014
1,E_147_L,0.6868904190626982,-2.8441062035434883
1,E_147_M,1.0243280795391068,-3.821579315545197
1,E_147_N,1.259828948053181,-3.0321851869625367
1,E_147_P,0.6491873831022146,-2.4003358416677427
1,E_147_Q,0.9539230951608356,-3.2534578303409374
1,E_147_R,1.0864131645856403,-2.8165604680623546
1,E_147_S,1.0007078612377465,-2.2465407679748797
1,E_147_T,0.9305888888281044,-2.986431552767632
1,E_147_V,0.971167377969632,-2.681238227134145
1,E_147_W,0.6969474890618708,-3.7423299438910567
1,E_147_Y,0.7828451482664985,-2.617400346905569
1,L_148_A,0.3167406344200646,-2.8612203777774172
1,L_148_C,0.210479388399508,-5.161170423133466
1,L_148_D,0.0008315040244794,-2.7425582211852917
1,L_148_E,0.0050353279762693,-3.363943471723272
1,L_148_F,0.9055711277098158,-3.255534173216085
1,L_148_G,0.0441491620677855,-2.4610462873036667
1,L_148_H,0.008260878148563,-3.8606919815984293
1,L_148_I,0.569220240090506,-2.987615589883144
1,L_148_K,0.0011260689374516,-3.57705031868365
1,L_148_L,0.9571127991729736,0.0
1,L_148_M,1.0920090908848636,-3.521918247988933
1,L_148_N,0.0070616345003293,-3.2762961646645143
1,L_148_P,0.0012087183815966,-3.330696441724712
1,L_148_Q,0.1023248790516302,-3.4624211491242853
1,L_148_R,0.0010818302557459,-2.869167439469948
1,L_148_S,0.0045962645908891,-2.710846137483608
1,L_148_T,0.0789285943552446,-3.6570930263571855
1,L_148_V,0.8551336755601808,-2.8906736446909136
1,L_148_W,0.230309665968824,-4.071368764147504
1,L_148_Y,0.2810317171059908,-2.9530406123149753
1,T_149_A,0.4346529576100015,-2.2784283013285695
1,T_149_C,0.593784305504064,-4.765673039626183
1,T_149_D,0.5887605315958538,-2.3405720586986236
1,T_149_E,0.608064751579264,-2.744051068835159
1,T_149_F,0.0136258861385962,-2.629580391291756
1,T_149_G,0.7378957269619324,-2.1772333857594672
1,T_149_H,0.4257300605334929,-3.7248803218468858
1,T_149_I,0.4525803544088286,-2.710397563793515
1,T_149_K,0.5030423845643831,-2.9581213239436925
1,T_149_L,0.3604199729723244,-2.476093501731156
1,T_149_M,0.4112281317846745,-3.6141769617785693
1,T_149_N,0.8697199704177387,-3.0497516467896184
1,T_149_P,0.0466188060561468,-2.5359003021070885
1,T_149_Q,0.6690495037561441,-2.8758832257067226
1,T_149_R,0.907497055134802,-2.472117353351516
1,T_149_S,0.890145986435367,-2.4709842087543477
1,T_149_T,1.147938113226922,0.0
1,T_149_V,0.9196277252104428,-2.4047130445497027
1,T_149_W,0.0625890403565348,-3.5896143234101583
1,T_149_Y,0.0555095907374275,-2.6001568891750875
1,A_150_A,1.0087550295305845,0.0
1,A_150_C,1.09784765258078,-5.369572308666231
1,A_150_D,1.1919856491270338,-2.6133379672904757
1,A_150_E,1.1885007936079834,-2.8259887491165876
1,A_150_F,0.90862749475576,-3.4728340760277816
1,A_150_G,1.136913793982999,-2.7531241582622488
1,A_150_H,1.0538743479677617,-3.8869273653592846
1,A_150_I,1.06480693062827,-3.570208240052956
1,A_150_K,1.1148888347663966,-3.55392735444882
1,A_150_L,1.1459800005344287,-3.4878372426198285
1,A_150_M,1.7029202421339718,-4.430639100042316
1,A_150_N,1.2125219519485466,-3.627366653892905
1,A_150_P,0.3852884562263417,-3.4390470784503973
1,A_150_Q,1.1298833744411871,-3.2997185681415497
1,A_150_R,1.2332744304994825,-2.824190726456579
1,A_150_S,1.2195389758059638,-2.6428676719922155
1,A_150_T,1.1203231020226203,-3.5185362295086366
1,A_150_V,1.052776993159713,-3.321141003728954
1,A_150_W,0.6758045020893289,-4.460944449537646
1,A_150_Y,1.0798776516019823,-3.0616579301241007
1,F_151_A,0.5603526145931867,-2.4148067881147073
1,F_151_C,0.3842405986742223,-4.7509540538446435
1,F_151_D,0.2413719386664171,-2.5300597324225045
1,F_151_E,0.3817520651431775,-2.9813952945967666
1,F_151_F,1.0286397901381297,0.0
1,F_151_G,0.1182263783387454,-2.081980863646514
1,F_151_H,0.4434473919136386,-3.686862959544758
1,F_151_I,0.7907068711259165,-2.5339659873895712
1,F_151_K,0.4342452179249074,-2.764803773273859
1,F_151_L,0.5598347193503742,-2.4447825852193548
1,F_151_M,0.9253113976141512,-3.3661578203457605
1,F_151_N,0.2666933702940524,-3.3293619106437173
1,F_151_P,0.0015207290731059,-1.852299989203581
1,F_151_Q,0.4257300605334929,-2.941389959983068
1,F_151_R,0.3641830965256226,-2.530709716195794
1,F_151_S,0.3723506720656689,-2.391343623063795
1,F_151_T,0.5677768241602736,-2.6949895465045923
1,F_151_V,0.7110997561342388,-2.1731898757066244
1,F_151_W,1.1689019078929963,-3.4327974978919604
1,F_151_Y,0.7498520446043291,-2.499347145734977
1,L_152_A,0.6150518176389734,-3.061572999321678
1,L_152_C,0.9553497277212072,-5.220809078925688
1,L_152_D,0.0029059098587192,-3.4980424811845685
1,L_152_E,0.0070079046772733,-3.3797475438021354
1,L_152_F,0.7081799317420681,-3.6204444626972445
1,L_152_G,0.1739735473876129,-2.844254272183081
1,L_152_H,0.0794573157329392,-4.601273715708973
1,L_152_I,1.0431451130001268,-3.6178436809971903
1,L_152_K,0.001198785177965,-3.8673045406287696
1,L_152_L,1.0074364720000033,0.0
1,L_152_M,0.8946776405352632,-4.3809118073566395
1,L_152_N,0.1974524079238741,-3.998932983107212
1,L_152_P,0.0018844232684134,-3.0987407207840696
1,L_152_Q,0.1962448727521101,-3.7888014791408255
1,L_152_R,0.0008814839163232,-3.411991626793036
1,L_152_S,0.3228831068430187,-3.090275876088122
1,L_152_T,0.6020732255163843,-3.6630040771160446
1,L_152_V,0.99274002624777,-3.2850889207761083
1,L_152_W,0.2816454102870117,-4.3864984140652865
1,L_152_Y,0.4706569704635593,-2.5495567220439876
1,H_153_A,1.1586580613526891,-1.4008931605410437
1,H_153_C,0.7944403839334219,-3.246968082392274
1,H_153_D,0.7012549072723295,-1.8707478805466875
1,H_153_E,0.9400880978930006,-1.6643004110227746
1,H_153_F,0.7711876571911689,-2.595970428076419
1,H_153_G,1.0504742999390644,-1.6532186305470262
1,H_153_H,1.1409478623636735,0.0
1,H_153_I,0.733935337385328,-2.511113892616299
1,H_153_K,1.2574585690165363,-1.9526286870511609
1,H_153_L,1.040062961703485,-1.807289454115508
1,H_153_N,1.05272810242488,-2.5898392010214817
1,H_153_P,0.0529416829266021,-1.9089922985431877
1,H_153_Q,1.0624941269521018,-2.131981158852369
1,H_153_R,1.1449494202304538,-1.8472035322413773
1,H_153_S,0.9159075365327964,-1.2482327939553446
1,H_153_T,0.909565139345582,-2.3000200494476903
1,H_153_V,1.0022933847755402,-2.1546649629174235
1,H_153_W,1.2757484303124302,-2.576481382488936
1,H_153_Y,1.1075108761474148,-1.5991261908218843
1,N_154_A,1.123508365455534,-1.6714083440343046
1,N_154_C,0.8946776405352632,-4.551038860099056
1,N_154_D,1.4025098145446604,-2.356667351745243
1,N_154_E,1.2718758615362245,-2.300422053080796
1,N_154_F,0.9339025142227572,-3.281926753602164
1,N_154_G,1.1179594547437313,-1.6592436144180382
1,N_154_H,1.4046715866668624,-3.8078812589644553
1,N_154_I,0.6862945802116356,-2.693139588366459
1,N_154_K,1.0916435582567652,-2.67040010139697
1,N_154_L,0.8946776405352632,-2.0161217897363954
1,N_154_N,1.1631288023984734,0.0
1,N_154_P,0.0727768726008744,-1.564321457641281
1,N_154_Q,1.4419397323542,-2.452549123448528
1,N_154_R,1.259828948053181,-2.1797173387532007
1,N_154_S,1.1788652875089023,-2.0340663881402627
1,N_154_T,1.1739946765714742,-2.7052121696007267
1,N_154_V,0.8313499879856406,-2.0402937045800362
1,N_154_Y,1.2209557090801957,-2.5344278972116356
1,M_155_A,1.097229158252665,-1.1482076249273634
1,M_155_C,1.2366805365390183,-3.2962156897611097
1,M_155_D,0.0670482676134547,-2.1150064136143665
1,M_155_E,0.4598138626052218,-2.157497775635772
1,M_155_G,0.4778659461837627,-1.907367048836123
1,M_155_H,0.8153610053177501,-3.251208093703683
1,M_155_I,1.0677262936034344,-1.7710493629629172
1,M_155_K,0.4714150970275595,-2.3315002240157603
1,M_155_L,1.1148888347663966,-0.8913695085318483
1,M_155_N,0.8272205131065482,-2.713842914703071
1,M_155_P,0.0029812150569663,-1.2335379191209404
1,M_155_Q,0.6452861056120898,-2.350192357027913
1,M_155_R,0.4296827802376515,-2.068986023270906
1,M_155_S,1.1265074593360904,-1.3365172235659406
1,M_155_T,0.9622487964172488,-1.6238390005715617
1,M_155_V,0.9147559924528964,-1.4921705332777329
1,M_155_W,1.2366805365390183,-3.1037159280513995
1,M_155_Y,0.4642619230398223,-1.761633619071394
1,G_156_A,0.4084722190947428,-2.4862940114858705
1,G_156_C,0.2919701663779787,-5.434804657515264
1,G_156_D,0.5121640397695534,-3.5033955991507413
1,G_156_E,0.6368792909929045,-3.4256026112112203
1,G_156_F,0.0853673891141547,-3.7195412212773085
1,G_156_G,0.9285238460796446,0.0
1,G_156_H,0.3226430528060448,-4.822346388205453
1,G_156_I,0.0128914277736496,-3.318268991429181
1,G_156_K,0.4044229759523775,-3.268190253177292
1,G_156_L,0.1449086746657988,-3.268190253177292
1,G_156_M,0.236819021078072,-4.386534123708004
1,G_156_N,0.4778659461837627,-3.658670506190281
1,G_156_P,0.0939269430790836,-3.0604398821270804
1,G_156_Q,0.640715086682368,-3.573191361086286
1,G_156_R,0.3529786590865285,-3.250584164602245
1,G_156_S,0.4728733907199351,-3.034094463787076
1,G_156_T,0.1685762109915522,-3.4735095896204626
1,G_156_V,0.0554309239892048,-3.2807015870663996
1,G_156_W,0.054712370207201,-4.56127578497919
1,G_156_Y,0.1532890837712009,-3.682576027043837
1,D_157_A,0.0027153012200666,-2.278246024688779
1,D_157_C,0.0049424410249646,-4.819895166836714
1,D_157_D,0.943542146104122,0.0
1,D_157_E,0.0729249279833941,-1.8694860206837611
1,D_157_F,0.0017961480253011,-2.80859143032409
1,D_157_G,0.0017734745795753,-2.872275615655745
1,D_157_H,0.0018938146656633,-4.082817057051044
1,D_157_I,0.0026721586240673,-3.1973696196472403
1,D_157_L,0.0016630080489589,-2.376767389723224
1,D_157_M,0.0017961480253011,-2.4768234648991774
1,D_157_N,0.2449762622519516,-3.6706884307120995
1,D_157_P,0.0018501488586575,-3.0034917693249024
1,D_157_Q,0.0066520321958358,-2.830463505142758
1,D_157_R,0.0010650625429047,-2.687253467354782
1,D_157_S,0.0069896690666817,-2.5018611629016134
1,D_157_T,0.0021775171044691,-2.747966808507656
1,D_157_V,0.0019688931931804,-3.1636650928958505
1,D_157_Y,0.0016630080489589,-2.386702111957311
1,H_158_A,1.2426894990086488,-1.1308815200466458
1,H_158_C,1.081353981236806,-3.411872909039611
1,H_158_D,1.178344075642722,-1.8358029018626327
1,H_158_E,0.9557318923675256,-1.7153204257661385
1,H_158_F,0.8261827633203661,-1.969151395538315
1,H_158_G,1.2041464510327688,-1.7164561442300657
1,H_158_H,1.0538743479677617,0.0
1,H_158_I,1.482478176038101,-1.5200299812545683
1,H_158_K,1.2905722112241798,-1.6211459644257409
1,H_158_L,0.9285238460796446,-1.180162155632218
1,H_158_M,0.4778659461837627,-2.5575234548666352
1,H_158_N,1.148207883853204,-2.2085194915405366
1,H_158_P,0.8635902537091277,-1.5508454083861518
1,H_158_Q,1.0769817975758262,-2.0003574938419404
1,H_158_R,1.0406499534862352,-1.5233033065995376
1,H_158_S,0.9285238460796446,-1.340591505898192
1,H_158_T,1.0125624341139372,-1.5532556288828907
1,H_158_V,0.9020903661620132,-1.4883250514048165
1,H_158_W,0.9339025142227572,-2.600598754728748
1,H_158_Y,1.1944801396443054,-1.7546773570502627
1,V_159_A,1.0125624341139372,-2.474643671888018
1,V_159_D,1.3516090041786577,-3.30929795480664
1,V_159_E,1.0065297862768918,-3.1810737801914115
1,V_159_G,0.7147377366310467,-2.7557498634336435
1,V_159_I,0.985233007068312,-2.952405879176684
1,V_159_K,1.7029202421339718,-3.4037398905798644
1,V_159_L,0.8103302294820578,-2.789393150645079
1,V_159_N,1.123508365455534,-3.253346687419412
1,V_159_P,0.0107487959067035,-2.9848411549298386
1,V_159_Q,1.1459800005344287,-3.3006492522481086
1,V_159_R,0.9743114102962952,-2.841740311289166
1,V_159_S,0.9400880978930006,-2.534355656561546
1,V_159_V,1.0335304302115262,0.0
1,T_160_A,0.2002510714040624,-1.9984281833387598
1,T_160_C,0.0314768474677579,-4.848448645711381
1,T_160_D,0.0019739794233294,-3.1009697501467626
1,T_160_E,0.0009067615684371,-2.24554973335963
1,T_160_F,0.3978922948153429,-3.1872655635995972
1,T_160_G,0.1665288298435247,-2.4978808169324815
1,T_160_H,0.0032432303873889,-3.784322533114421
1,T_160_I,0.0146104646110078,-3.1059031592647157
1,T_160_K,0.0008623988451585,-3.014286510977959
1,T_160_L,0.0027610628939367,-2.5374246840714494
1,T_160_M,0.0246357954791402,-3.7404642172143876
1,T_160_N,0.0038079993998828,-3.498103518714396
1,T_160_P,0.0011897423279273,-2.839969225567873
1,T_160_Q,0.0028892001517889,-2.7633732863132674
1,T_160_R,0.0008491540152207,-2.732261202111311
1,T_160_S,0.9004111745787055,-2.404383607710733
1,T_160_T,0.661314695740436,0.0
1,T_160_V,0.0721934053055369,-3.126893435156551
1,T_160_Y,0.0022789047892891,-3.213353999683896
1,R_161_A,0.2874422157485297,-2.1985509631299216
1,R_161_C,0.2454215545314833,-4.60630698035076
1,R_161_D,0.3010366127581921,-2.6603968312954462
1,R_161_E,0.2618589584277441,-3.0685738054723597
1,R_161_G,0.0838252602079765,-1.9798541439591026
1,R_161_H,0.9400880978930006,-3.8489175310624644
1,R_161_I,0.2808770913638834,-2.8815112983828746
1,R_161_K,1.0482703712376065,-2.887441006566548
1,R_161_L,0.2358042893343197,-2.485096025794628
1,R_161_M,0.4257300605334929,-3.653716311404845
1,R_161_N,0.4136102565532744,-3.269810399880064
1,R_161_P,0.0008315040244794,-2.319003942167651
1,R_161_Q,0.6257103471243407,-2.8959734815402713
1,R_161_R,0.8514601210669859,0.0
1,R_161_S,0.555165517361883,-2.3567627792430903
1,R_161_T,0.6758045020893289,-2.966068686410936
1,R_161_V,0.3603345432604272,-2.5046032421834523
1,R_161_W,0.2492618273672883,-3.860090831660587
1,R_161_Y,0.236819021078072,-2.5109967542267855
1,L_162_A,0.8990304382359654,-2.66029331933772
1,L_162_C,0.861522193264454,-5.22669300337693
1,L_162_D,0.0175548182102427,-3.7163459935870344
1,L_162_E,0.0077496660953009,-3.296174738089175
1,L_162_F,0.744750383571438,-3.2612092756816344
1,L_162_G,0.0656728496024238,-2.910366282530562
1,L_162_H,0.3278168385709283,-4.036015741532218
1,L_162_I,1.0823483248002468,-3.3457407505963648
1,L_162_K,0.0099181163602842,-3.413159734599287
1,L_162_L,0.7414955124668019,0.0
1,L_162_M,0.9737064924393388,-4.030295992859429
1,L_162_N,0.4036251190909516,-3.8658777275580016
1,L_162_P,0.0899042337492616,-2.9671598527019727
1,L_162_Q,0.3637108493642679,-3.5960968654354586
1,L_162_R,0.0018646490865713,-3.8170875633885695
1,L_162_S,0.8837448860387085,-2.9109868224201616
1,L_162_T,0.7375781722288524,-3.2620907213094408
1,L_162_V,1.1353246236285068,-3.272729119514495
1,L_162_W,0.0066520321958358,-4.3875142674282115
1,L_162_Y,0.0118234745135286,-3.259448711846601
1,D_163_A,0.3194291472085401,-2.1515350699084963
1,D_163_C,0.3244926862197633,-4.846006012884329
1,D_163_D,0.8917293866428071,0.0
1,D_163_E,0.4830842982763046,-2.856470206220486
1,D_163_F,0.0450877980972294,-3.1566143251436856
1,D_163_G,0.0441145343410737,-2.1995442890948564
1,D_163_H,0.3589808690717251,-3.62087142373052
1,D_163_I,0.0633371546069329,-3.3059739391121568
1,D_163_K,0.0224694538200817,-2.6981498015260716
1,D_163_L,0.030991381267038,-2.460270551558111
1,D_163_M,0.2038402513294375,-3.259960980024932
1,D_163_N,0.5027840772400048,-3.279077452246814
1,D_163_P,0.0014815713967588,-2.58231798600095
1,D_163_Q,0.2348718741824625,-2.935393645910036
1,D_163_R,0.0206693791712726,-3.2250737210244904
1,D_163_S,0.4372325967740785,-2.4618675707955955
1,D_163_T,0.3366652838667027,-3.069780836618457
1,D_163_V,0.3366330819211167,-2.843120969901491
1,D_163_W,0.0211188906902915,-4.096664273980749
1,D_163_Y,0.0710351979024047,-2.9871823130757242
1,R_164_A,0.3466137679861196,-2.3869667261260323
1,R_164_C,0.3356468170868044,-5.186663140620095
1,R_164_D,0.6257103471243407,-3.0415387973964654
1,R_164_E,0.2067549631248973,-3.345839871976673
1,R_164_F,0.0383611256948831,-2.592953630983289
1,R_164_G,0.5396574578181913,-2.4151525856006515
1,R_164_H,0.8219735447797955,-3.5300784497602846
1,R_164_I,0.0061589484428792,-2.5220725089996647
1,R_164_K,0.3720495983655439,-2.786419530147611
1,R_164_L,0.1244654186949679,-2.535365756110327
1,R_164_M,0.2339666599292996,-3.2990711619858644
1,R_164_N,0.8868947838272773,-3.3963414861616608
1,R_164_P,0.0026095393397749,-2.805362480160568
1,R_164_Q,0.46246428738324,-3.210429261236977
1,R_164_R,1.1445669600244708,0.0
1,R_164_S,0.6758045020893289,-2.4592611688569264
1,R_164_T,0.4660142146486985,-2.787984475693914
1,R_164_V,0.0150570386625289,-2.517282080677032
1,R_164_W,0.0072242266260622,-4.0321703935575295
1,R_164_Y,0.0339454463710489,-2.7323934602939772
1,W_165_A,0.7939355853884942,-1.2075366369649359
1,W_165_C,0.9409838494506892,-3.653355898044892
1,W_165_D,0.5127416034098833,-2.1528403928349764
1,W_165_E,0.902974321581422,-2.326811541330777
1,W_165_F,1.2824653672407245,-1.1067271896288935
1,W_165_G,0.6597589247839678,-1.278636207291645
1,W_165_H,0.6183402682695087,-2.4839745384885763
1,W_165_I,0.9843974779021802,-1.5644591975943
1,W_165_K,0.8669284696847758,-2.0922682465518374
1,W_165_L,0.9005859444286901,-1.1187071563620765
1,W_165_M,1.050868293921763,-2.743485733973662
1,W_165_N,0.8814867973903835,-2.2345943467875005
1,W_165_P,0.8072502381819033,-1.6671267380872339
1,W_165_Q,0.583399423867153,-2.122095766674814
1,W_165_R,0.8535265090274223,-2.1966030732764406
1,W_165_S,0.802684456808759,-1.509063384045439
1,W_165_T,0.8097491011119851,-1.633664360770829
1,W_165_V,1.0202204090662674,-1.5729148560319708
1,W_165_Y,0.9919572601985168,-1.5829551010172034
1,E_166_A,0.0008708294791433,-1.8457122674762945
1,E_166_D,0.0033260160979179,-2.6125215887068753
1,E_166_E,1.1094378620583598,0.0
1,E_166_F,0.0008315040244794,-2.4852499974308593
1,E_166_G,0.0008315040244794,-2.1450562796759183
1,E_166_H,0.0043887045525606,-3.2810142077028805
1,E_166_K,0.0030846342808342,-2.4475096694480127
1,E_166_M,0.0009551473050929,-3.268911185531639
1,E_166_N,0.0008315040244794,-2.7592892934788527
1,E_166_P,0.0016630080489589,-2.6571861096913336
1,E_166_R,0.0017322157743223,-2.6912001726182586
1,E_166_S,0.0008315040244794,-2.2670637683040775
1,E_166_T,0.0009333319261401,-2.3232806694858033
1,E_166_V,0.0009333319261401,-2.0018576891019775
1,E_166_Y,0.1222588550519028,-2.671149375572697
1,P_167_A,0.4156320657410832,-2.3260554766389214
1,P_167_C,0.6213447495043237,-5.184628052842148
1,P_167_D,0.344471102603969,-2.958863165831544
1,P_167_E,0.3021604759811123,-3.2277122899502313
1,P_167_F,0.1749969722930464,-3.429932000990981
1,P_167_G,0.2963076679867824,-2.389840377672999
1,P_167_H,0.2343435296053359,-3.86193368627757
1,P_167_I,0.5224865724949033,-3.1820067171457556
1,P_167_K,0.4177216624390636,-3.046220264518655
1,P_167_L,0.5741039419266014,-3.131949928361127
1,P_167_M,0.3627988697892226,-3.6406680697875564
1,P_167_N,0.5203249767431175,-3.5487813784347497
1,P_167_P,1.015265368861202,0.0
1,P_167_Q,0.317687640014145,-2.949025780407031
1,P_167_R,0.3489143568237533,-3.1007947605813326
1,P_167_S,0.388619949249452,-2.652721349006963
1,P_167_T,0.8407483028542659,-3.0111575615140347
1,P_167_V,0.6647426689329042,-2.917159430881093
1,P_167_W,0.131158286722027,-5.084209305095115
1,P_167_Y,0.1340965352269095,-3.285046311833482
1,E_168_A,0.9152119955993984,-1.9771755990326598
1,E_168_C,0.881109890937772,-4.155288668219541
1,E_168_D,1.1947699574873665,-2.505918045450054
1,E_168_E,1.2041464510327688,0.0
1,E_168_F,1.1788652875089023,-2.402552400787207
1,E_168_G,0.9623601885309734,-1.6201232095569336
1,E_168_H,0.8689968584587932,-3.2464329148328877
1,E_168_I,1.095543573696102,-2.52387184906665
1,E_168_K,1.005987840088139,-2.737998206730671
1,E_168_L,1.1467420189351976,-1.9292646963402809
1,E_168_M,1.133440663323655,-3.05052251397704
1,E_168_N,1.0991832056746382,-3.0591485686968087
1,E_168_P,0.3117987104977899,-2.62842753570719
1,E_168_Q,1.0626620541974867,-2.7736346866561403
1,E_168_R,0.9614194308692134,-2.4938910168547146
1,E_168_S,1.2074629037883065,-2.1628585035293195
1,E_168_T,0.9012366360142272,-2.4418244631407378
1,E_168_V,0.9822736247662278,-2.0781646246800527
1,E_168_W,1.2219098640758517,-4.090750147081956
1,E_168_Y,1.2205165573340926,-2.246020549397997
1,L_169_A,0.4741287777108565,-2.9844644533893003
1,L_169_C,0.9138643041610232,-5.2644271578207515
1,L_169_D,0.0297735047464215,-3.3855649415084152
1,L_169_E,0.0437492430732616,-3.8237193749770446
1,L_169_F,0.072416128834543,-3.1990645236394912
1,L_169_G,0.141209187863453,-2.613690181302642
1,L_169_H,0.0453825305446903,-4.154909635670364
1,L_169_I,1.1014773788895995,-3.401776036136494
1,L_169_K,0.0102588360633801,-3.305444927198062
1,L_169_L,1.049523788140657,0.0
1,L_169_M,0.9481471384662296,-4.032557636913646
1,L_169_N,0.3903961868229822,-3.9675393844164235
1,L_169_P,0.1011690470858384,-3.4477611493783202
1,L_169_Q,0.1005455311858643,-3.604946732900733
1,L_169_R,0.0064709258757396,-3.393637639233525
1,L_169_S,0.2892991253493539,-3.0138281198931356
1,L_169_T,0.5176546598617853,-2.9572473734483746
1,L_169_V,1.0675116886470095,-2.934585348267373
1,L_169_W,0.0042368776008409,-4.322160939543319
1,L_169_Y,0.0062932059251353,-3.4477611493783202
1,N_170_A,0.4705613934455959,-1.4527911565896776
1,N_170_C,0.2806583459666426,-4.328197055990295
1,N_170_D,0.3920911181385848,-2.0976652806362894
1,N_170_E,0.0631166684608266,-2.7748486102072203
1,N_170_F,0.0247971111360245,-2.2628924040709446
1,N_170_G,0.8900534409194083,-1.341867135114676
1,N_170_H,0.1280995991779092,-2.936569348895026
1,N_170_I,0.1543285482497484,-2.2724292610941657
1,N_170_K,0.0175765638455156,-2.2820579462133814
1,N_170_L,0.1280410099423883,-1.90486244637475
1,N_170_M,0.2440720276149378,-2.8885393519989906
1,N_170_N,1.0592762396846729,0.0
1,N_170_P,0.0114403013628694,-2.029899215007852
1,N_170_Q,0.3667860987265953,-2.268330894701881
1,N_170_R,0.0466191291942065,-1.7752486702049342
1,N_170_S,0.471559220234089,-1.9415460962363573
1,N_170_T,0.371007142535127,-2.3618703187482715
1,N_170_V,0.3056475412442375,-1.845074527995778
1,N_170_W,0.0371583143402234,-3.2845436516029274
1,N_170_Y,0.0237549975243797,-2.3186559785893976
1,E_171_A,1.118548541830717,-2.0153056780874676
1,E_171_C,0.874465193548158,-4.575033091567867
1,E_171_D,1.0224546580788192,-2.5727088532324487
1,E_171_E,1.1186516639801412,0.0
1,E_171_F,1.0125624341139372,-2.4137475808448405
1,E_171_G,1.1075776652808034,-1.8652482846534346
1,E_171_H,0.9101428263803908,-3.2191442452160777
1,E_171_I,0.8514601210669859,-2.428249345558366
1,E_171_K,1.0391233110364255,-2.581892951696955
1,E_171_L,1.0598057549470905,-2.2326265043871354
1,E_171_N,0.9051607088176564,-3.604017460004459
1,E_171_P,0.2038402513294375,-2.526668430911627
1,E_171_Q,1.0225432508621912,-2.5741163130003306
1,E_171_R,0.9052629823588366,-2.3566224942282386
1,E_171_S,1.1365631664384768,-2.2221708452827977
1,E_171_T,1.0615651147505871,-2.5179756312715558
1,E_171_V,0.9212386638752964,-2.250808823470326
1,E_171_W,1.12929144888556,-3.0446834812860555
1,E_171_Y,0.8800332060016249,-2.430076942777391
1,A_172_A,1.0858440122902508,0.0
1,A_172_C,1.0615651147505871,-5.169573032452166
1,A_172_D,0.4438659257345539,-3.441782446066574
1,A_172_E,0.3258811628937664,-3.537320442251887
1,A_172_F,0.903580390378363,-3.0431745076845487
1,A_172_G,1.0786201320774067,-2.455133033251173
1,A_172_H,0.6641218484586002,-3.719641999045841
1,A_172_I,0.6240505781107385,-3.1974526166295303
1,A_172_K,0.2805731514567094,-2.9568004387274502
1,A_172_L,0.5140055587068139,-2.8341981166351182
1,A_172_M,0.4257300605334929,-4.0373441329850595
1,A_172_N,0.6834642901878781,-3.6640721478910274
1,A_172_P,0.5467055272888528,-3.2181834176322175
1,A_172_Q,0.3786657565476982,-3.3917998051988385
1,A_172_R,0.5634591268376345,-2.576425404140974
1,A_172_S,1.0682755827159545,-2.942872636982981
1,A_172_T,0.530991571643867,-3.2562390538314556
1,A_172_V,1.1301379351424066,-2.9512060185421256
1,A_172_W,0.9196277252104428,-4.336106651213423
1,A_172_Y,0.9670643965150012,-3.220006572193733
1,I_173_A,1.311482781578876,-2.293961925866383
1,I_173_C,1.1306103950818398,-4.64580392749575
1,I_173_D,1.0504742999390644,-2.7953440240759244
1,I_173_E,1.3612517150685697,-2.7097460748834425
1,I_173_F,1.0523151757680294,-2.970908798407001
1,I_173_G,1.1557263708929424,-2.0032513129518428
1,I_173_H,1.3516090041786577,-3.4808165698827627
1,I_173_I,1.246610583922305,0.0
1,I_173_K,1.1586580613526891,-2.7154198489693497
1,I_173_L,1.2245102638463776,-2.413788578851531
1,I_173_M,1.2426894990086488,-3.6235646176122143
1,I_173_N,1.5476506680676174,-3.5439289931928193
1,I_173_P,0.554386052333568,-2.8957519209519202
1,I_173_Q,1.3516090041786577,-2.799977236997413
1,I_173_R,1.1249000861129983,-2.6784173728171754
1,I_173_S,1.1157477262946225,-2.589922061989799
1,I_173_T,1.1546093925823526,-2.6627761154839287
1,I_173_V,1.226312670169608,-2.309954740861185
1,I_173_W,1.1823808974706842,-3.9212910876575795
1,I_173_Y,1.118413644500054,-2.619851070766895
1,P_174_A,1.1072092236951687,-2.691194010497433
1,P_174_C,0.835657613874216,-4.812616295378753
1,P_174_D,1.04905176339829,-3.679190364406494
1,P_174_E,1.0443851624804084,-3.5591634337894384
1,P_174_F,0.6189998078128108,-3.1849873595428027
1,P_174_G,0.790406034514534,-2.446398888830662
1,P_174_H,0.8322655734593439,-3.905059243473341
1,P_174_I,0.9455160589040502,-3.512016655363736
1,P_174_K,0.8514601210669859,-3.3429403253198022
1,P_174_L,0.991460269911723,-2.6559230051353917
1,P_174_M,0.9457467814398702,-3.6350767481209636
1,P_174_N,0.7345312964359462,-3.9862397001521797
1,P_174_P,1.1645042191453765,0.0
1,P_174_Q,0.9533030826006564,-3.3942336197073546
1,P_174_R,0.918706452549498,-3.248640757021402
1,P_174_S,0.961592711826581,-2.5973061187090956
1,P_174_T,0.9951251408114332,-3.0395489591628397
1,P_174_V,0.9797889095406904,-2.6975838085962045
1,P_174_W,0.6603688007740778,-4.033867749141436
1,P_174_Y,0.909565139345582,-2.805797393236437
1,N_175_A,1.1306103950818398,-1.529551388328635
1,N_175_C,1.1349626856846449,-4.153109871448352
1,N_175_D,1.197433773190601,-2.5649493574615407
1,N_175_E,1.1602533529079668,-2.226523995219444
1,N_175_F,1.0685073756605448,-2.193621781275233
1,N_175_G,1.1599429630656082,-1.4204837642973052
1,N_175_H,0.9389933635625254,-2.461937639125469
1,N_175_I,0.6434816292332334,-2.5669063052484997
1,N_175_K,1.1009873299604525,-2.40620096838565
1,N_175_L,1.2275560222362611,-0.9085383195856254
1,N_175_M,1.4319795270734437,-2.940087231602498
1,N_175_N,1.0866315693603368,0.0
1,N_175_P,0.4119073762348845,-2.089340742176149
1,N_175_Q,1.2161295031585269,-2.643201554361286
1,N_175_R,1.1459800005344287,-2.5455876684123933
1,N_175_S,1.083970779503569,-1.8102005154373317
1,N_175_T,1.0092571913539852,-2.3470983795130964
1,N_175_V,0.7925439611752396,-1.791082955502852
1,N_175_W,1.2983747662044292,-3.085269241446996
1,N_175_Y,0.954771803766787,-2.163074917484101
1,D_176_A,0.1411905921254073,-2.231822622744122
1,D_176_C,0.300318002910271,-4.736729939238808
1,D_176_D,1.0900035748900918,0.0
1,D_176_E,0.4635805254681913,-3.2014932433987835
1,D_176_F,0.0293368110442186,-2.7960281352906153
1,D_176_G,0.2149180959113469,-1.287993777312142
1,D_176_H,0.0740175332513796,-3.5309406039864624
1,D_176_I,0.0460047573015916,-2.6527532423935645
1,D_176_K,0.0264363143603965,-2.8625994725776085
1,D_176_L,0.0587233005131486,-2.18303245857469
1,D_176_M,0.0879779543552524,-3.5255107263920897
1,D_176_N,0.2814293827317689,-3.5400564373944703
1,D_176_P,0.0684589448488442,-2.6348155417068955
1,D_176_Q,0.2821636144362427,-3.024844841685223
1,D_176_R,0.0374354230048284,-2.764333833581702
1,D_176_S,0.3489247564858512,-2.400182690344931
1,D_176_T,0.1554706187211773,-2.391433728151697
1,D_176_V,0.0777462481782992,-2.226391851558987
1,D_176_W,0.01621783293805,-2.928938062479688
1,D_176_Y,0.0349817886250556,-2.6833835083418074
1,E_177_A,1.1467420189351976,-2.1927682851468884
1,E_177_C,0.9878041032200316,-4.963184510334075
1,E_177_D,1.140614965279953,-3.4407579748896033
1,E_177_E,1.167976191974964,0.0
1,E_177_F,0.9413139409271178,-2.810937928280927
1,E_177_G,0.7900576674412171,-1.9681469224627575
1,E_177_H,1.1391919577770389,-3.407968152066613
1,E_177_I,1.1308188730229711,-3.0162827895564606
1,E_177_K,0.9991546255210292,-3.1361740916352137
1,E_177_L,1.1090172967542096,-1.8902983130124327
1,E_177_M,1.1992470299936038,-2.1117557263865114
1,E_177_N,1.0538743479677617,-3.4544881677015065
1,E_177_P,1.2065894445781875,-2.721441076596271
1,E_177_Q,1.1470774993390167,-3.05364200544963
1,E_177_R,0.9939711385089292,-3.209165369088862
1,E_177_S,0.9950982402157934,-2.4160205853057493
1,E_177_T,1.177984753454948,-2.902140333793949
1,E_177_V,1.2063879024910489,-2.3987694836359807
1,E_177_W,1.0662693083904973,-3.585608600254062
1,E_177_Y,1.074711081243531,-2.7273626334997045
1,R_178_A,0.5328572012884665,-2.4751180574183573
1,R_178_C,0.5911904487353421,-4.697866692095066
1,R_178_D,0.2876435183631738,-3.37018783380963
1,R_178_E,0.3992648207214808,-3.3455592396565885
1,R_178_F,0.5765472959752617,-2.7597663093938127
1,R_178_G,0.3436974055866871,-2.4821129742901475
1,R_178_H,0.717269836213835,-3.3240257920464638
1,R_178_I,0.2312512175493643,-2.9814853590426345
1,R_178_K,1.1747036677781435,-2.461802281442583
1,R_178_L,0.4564452943802351,-2.421869571107212
1,R_178_M,0.8514601210669859,-3.777623385905094
1,R_178_N,0.5521035821038021,-3.055319621053689
1,R_178_P,0.053059535889359,-2.7268155540816528
1,R_178_Q,1.0258557393250771,-2.9797075807966356
1,R_178_R,1.166499643670861,0.0
1,R_178_S,0.5871080188686568,-2.4444926439074908
1,R_178_T,0.3607421401232449,-2.5927670538010306
1,R_178_V,0.2556170309217989,-2.541624554859745
1,R_178_W,0.4104785861702135,-3.3967851463288934
1,R_178_Y,0.4257300605334929,-2.850738087599538
1,D_179_A,0.0057631143729765,-2.1652465585936165
1,D_179_C,0.0388602735457973,-4.5223198368717386
1,D_179_D,1.1536558119955522,0.0
1,D_179_E,0.0049789863191351,-3.2401521849607433
1,D_179_F,0.002932186668947,-2.9005142756289697
1,D_179_G,0.0333684819887232,-2.075923041845607
1,D_179_H,0.0028406261065213,-3.19553960328425
1,D_179_I,0.0026782583848021,-2.7342709470402125
1,D_179_K,0.0015984262171264,-3.1979008794699277
1,D_179_L,0.0018361096934666,-2.2987779512181397
1,D_179_M,0.0019001362236828,-3.768809506584701
1,D_179_N,0.1000728042755856,-3.137137204604532
1,D_179_P,0.0016630080489589,-2.6977705448206852
1,D_179_Q,0.0023739814324001,-3.2638588472617287
1,D_179_R,0.0018229126740754,-2.982827630679856
1,D_179_S,0.007997882861316,-2.170309860550163
1,D_179_T,0.0021172362368852,-3.378805001582912
1,D_179_V,0.0024345905354236,-2.112376225557186
1,D_179_W,0.0023043875225861,-3.3440067793263784
1,D_179_Y,0.0031167558606237,-2.805124284180083
1,T_180_A,0.149009670405101,-1.9953002171519345
1,T_180_C,0.3702361998184553,-4.4277432974042
1,T_180_D,0.0071757028630659,-3.561576952712608
1,T_180_E,0.0069288654986506,-3.178159981826206
1,T_180_F,0.0070163375257271,-2.6853297022792937
1,T_180_G,0.0369675915971252,-1.9219452885848178
1,T_180_H,0.0062548676209833,-3.5412247238637136
1,T_180_I,0.051522659210633,-2.269798694236414
1,T_180_K,0.0071734451048637,-3.008659113461314
1,T_180_L,0.0089728988703865,-2.1494508969791926
1,T_180_M,0.0393557124347891,-3.3855054162638245
1,T_180_N,0.0245244376643717,-2.852666812487404
1,T_180_P,0.0012823545079225,-2.8628379588868857
1,T_180_Q,0.0381598911578249,-3.2562936847838184
1,T_180_R,0.0063842978117056,-2.9779526247251775
1,T_180_S,0.9383576880194232,-2.1211661831406112
1,T_180_T,1.08734432606397,0.0
1,T_180_V,0.1513143655747756,-2.2770152204002825
1,T_180_W,0.0017796841871667,-3.6094329738902466
1,T_180_Y,0.0084193925681793,-2.713745189483036
1,T_181_A,0.0353997962441513,-2.152634907507799
1,T_181_C,0.1842006256323275,-4.526444237533566
1,T_181_D,0.0009180547830986,-2.71054566519214
1,T_181_E,0.0008527289556004,-2.5775467822985014
1,T_181_F,0.0008315040244794,-2.2423537271756677
1,T_181_G,0.0025345851831275,-1.3494817529230825
1,T_181_H,0.0008558691499225,-3.403692845752085
1,T_181_I,0.0037583610088456,-2.7268620426242856
1,T_181_K,0.0008677390448122,-2.807049060854392
1,T_181_L,0.0018184710411362,-2.005123198219985
1,T_181_M,0.0028759873922096,-4.306446991908716
1,T_181_N,0.0008661081873313,-2.77565220679372
1,T_181_P,0.001018819269361,-2.6944912434822643
1,T_181_Q,0.0008410060892006,-2.8023695951324306
1,T_181_R,0.0008754405716533,-2.8501798474155144
1,T_181_S,0.6634275673288363,-2.1458321601850465
1,T_181_T,1.3226293914808722,0.0
1,T_181_V,0.0144636739036994,-2.6225410280995627
1,T_181_W,0.0008315040244794,-3.5172259812591427
1,T_181_Y,0.0008315040244794,-2.360536842853391
1,M_182_A,1.1069974252845776,-1.2660309144236508
1,M_182_C,1.173250330383092,-3.2999547847445783
1,M_182_D,0.83201293726062,-1.7458227831453206
1,M_182_E,1.256130946076063,-1.7406666559959487
1,M_182_F,0.9196277252104428,-1.6479572578916817
1,M_182_G,0.9082415016503304,-0.9729422256551508
1,M_182_H,1.1159364463364148,-2.4045324653051696
1,M_182_I,0.9756528852464118,-2.0287297534094746
1,M_182_K,1.159864976601496,-1.7702426012415762
1,M_182_L,0.6683005036816989,-1.4029706786550191
1,M_182_N,1.0379413080352051,-1.7550553934480475
1,M_182_P,0.0267826934723663,-1.99795809474272
1,M_182_Q,1.2905722112241798,-1.888172793104538
1,M_182_R,0.9776844869273098,-1.670607686327
1,M_182_S,1.2729712766658476,-1.3567657258036236
1,M_182_T,1.225739044132902,-2.344234331460556
1,M_182_V,1.113862280318458,-1.763204449021314
1,M_182_W,0.8868947838272773,-2.811108067697365
1,M_182_Y,1.1179594547437313,-1.7737803407803718
1,P_183_A,0.3842155639727726,-2.3605608009171983
1,P_183_C,0.5180620704353778,-4.9846253459463385
1,P_183_D,0.0008683178527468,-3.004445232362047
1,P_183_E,0.0010783273087964,-3.245831412298174
1,P_183_F,0.0008315040244794,-3.0077374164055253
1,P_183_G,0.0566674017997262,-2.075255309469512
1,P_183_H,0.001459137814604,-3.620905306864966
1,P_183_I,0.0681531366442327,-3.187917821100892
1,P_183_K,0.0008882472063921,-3.0310912717803413
1,P_183_L,0.0374537469580688,-2.711640722728559
1,P_183_M,0.0084321477784092,-4.5479076943340475
1,P_183_N,0.0020500824759069,-3.258463159204075
1,P_183_P,1.1431952812943704,0.0
1,P_183_Q,0.0008315040244794,-3.3435503485690328
1,P_183_R,0.0008742296120604,-3.2374980307390318
1,P_183_S,0.1239210232063629,-2.3956983638594442
1,P_183_T,0.1851259272341343,-3.3956331246725027
1,P_183_V,0.4318265542435493,-3.241656040887692
1,P_183_W,0.0008315040244794,-3.6178657908470715
1,P_183_Y,0.0008450163442483,-2.8081165110817743
1,A_184_A,1.095832932992605,0.0
1,A_184_C,1.0449731449898068,-2.4996215703003655
1,A_184_D,0.7440991967310879,-0.7070611398760969
1,A_184_E,0.7931407794556806,-1.0052060844358204
1,A_184_F,1.2574585690165363,-0.6990866159573281
1,A_184_G,1.0713811857712796,0.20970986095790112
1,A_184_H,0.9612681687965466,-1.3994080002652796
1,A_184_I,1.3021664438660383,-0.7672855215431036
1,A_184_K,1.1772346134518097,-1.2224340497979158
1,A_184_L,1.4095980822792251,0.3982009937516735
1,A_184_M,1.7029202421339718,-1.8016782174769208
1,A_184_N,0.6840728448427804,-0.8950029443022065
1,A_184_P,0.3181751055136791,-0.8825207851206902
1,A_184_Q,0.9020903661620132,-1.1651267045406088
1,A_184_R,1.1902229708300769,-0.7437550241329101
1,A_184_S,1.0619323528694364,-0.29547655011956575
1,A_184_T,1.0125624341139372,-1.1242034493246047
1,A_184_V,1.2821169511742168,2.2044363046520825
1,A_184_W,1.0482703712376065,-1.1133272091804693
1,A_184_Y,1.1875686110081285,-0.41538385635703
1,A_185_A,1.0757276502786235,0.0
1,A_185_C,0.5130750820695487,-5.570508449167317
1,A_185_D,0.3847795061887786,-2.7652388899909823
1,A_185_E,0.9118370064892004,-3.296248685221519
1,A_185_F,0.4939020516100162,-3.6599654439492966
1,A_185_G,0.4428505656189671,-2.021357154215414
1,A_185_H,0.9423610833730648,-4.21625344179205
1,A_185_I,0.7602516073799118,-3.5743995556196495
1,A_185_K,0.5112716254310955,-3.8232689949074903
1,A_185_L,0.3597572999659644,-3.0538296403789804
1,A_185_M,0.774666290045858,-5.098255100187566
1,A_185_N,0.7209698661770999,-3.5830044028131702
1,A_185_P,0.4146700818294876,-3.55981849534436
1,A_185_Q,1.0125624341139372,-3.55981849534436
1,A_185_R,0.6147104289510332,-3.423576665885066
1,A_185_S,0.9267890259935808,-2.6866644573583596
1,A_185_T,0.9912094634598008,-3.944984398981598
1,A_185_V,1.0154117549057375,-3.7984615212032242
1,A_185_W,0.4890354202076113,-4.166356470647427
1,A_185_Y,0.7323574442061092,-3.425684148224631
1,M_186_A,0.3661787221030548,-1.8740738422066836
1,M_186_C,0.320616341810181,-3.927762887784109
1,M_186_D,0.0008315040244794,-2.1462249726275897
1,M_186_E,0.0020831910440765,-2.3162931426157773
1,M_186_F,0.6452861056120898,-2.1858110493216527
1,M_186_G,0.0050697100964107,-1.399190832176855
1,M_186_H,0.0109137965604809,-2.644947574222338
1,M_186_I,1.187891333505305,-2.304856758299138
1,M_186_K,0.0026808380181301,-2.6901258480753674
1,M_186_L,0.4196265501770323,-1.6953820534633075
1,M_186_N,0.0046029065454793,-2.292227810126532
1,M_186_P,0.0008315040244794,-1.9794343578645113
1,M_186_Q,0.0894987204420902,-2.793630771867464
1,M_186_R,0.0010535495379103,-2.344425358044901
1,M_186_S,0.0285178863177354,-1.6547637160433881
1,M_186_T,0.0379654749481207,-2.1899764823007155
1,M_186_V,0.6242058860779907,-2.309550028730887
1,M_186_W,0.0016630080489589,-2.82127211154392
1,M_186_Y,0.6984829798707812,-2.0448105888812735
1,A_187_A,1.1056362837311764,0.0
1,A_187_C,0.3803026419902869,-5.123378327849192
1,A_187_D,0.0008641484951371,-3.474299445899244
1,A_187_E,0.0008661081873313,-3.462811068892482
1,A_187_G,1.1400237392535146,-2.7562547137175692
1,A_187_I,0.0378590722153043,-3.225439006579902
1,A_187_K,0.0008315040244794,-3.5666727660302597
1,A_187_L,0.0057673666868723,-3.2452907751326356
1,A_187_N,0.0015062258929515,-3.2949585172434266
1,A_187_P,0.0009757369389853,-3.5923451210843855
1,A_187_Q,0.0015276839969994,-3.5782603812026426
1,A_187_R,0.0008315040244794,-3.5970844664482837
1,A_187_S,0.5180021053310918,-2.62131550106146
1,A_187_T,0.0472975041711196,-3.7114588289264714
1,A_187_V,0.3094818839962041,-3.268105452898804
1,A_187_Y,0.0008315040244794,-3.1001313445129934
1,T_188_A,1.154818293496039,-1.9635752039932095
1,T_188_C,1.7029202421339718,-4.4193931245242855
1,T_188_D,1.1106035146326334,-2.117725883820468
1,T_188_E,1.4539129229229375,-2.410009897205618
1,T_188_F,1.3005500013269262,-3.0423154185093217
1,T_188_G,1.147115664463569,-1.7298619711893117
1,T_188_H,1.115617033170561,-3.124289001468994
1,T_188_I,1.2082850679842916,-2.7416965550268175
1,T_188_K,1.0254832068197657,-2.5747743095200715
1,T_188_L,1.2253474330077785,-2.5115510111394963
1,T_188_M,1.418978634164503,-3.379019163407989
1,T_188_N,1.0823483248002468,-2.5054430858052283
1,T_188_P,0.5075542247860169,-2.739129159521574
1,T_188_Q,1.113815957051781,-2.722179601207799
1,T_188_R,1.1641128061250865,-2.216577681290759
1,T_188_S,1.0950106235671575,-1.6583385555297903
1,T_188_T,1.105085401939097,0.0
1,T_188_V,1.1947699574873665,-2.578406714531079
1,T_188_W,1.7029202421339718,-3.4976129003653593
1,T_188_Y,1.0823483248002468,-2.872416381713922
1,T_189_A,0.5879220803043288,-2.3181942075951496
1,T_189_C,0.6248500260312654,-4.5104805032907915
1,T_189_D,1.0125624341139372,-1.5880607623682623
1,T_189_E,0.053488177824529,-2.8151813002502935
1,T_189_F,0.325853832123189,-2.113481287900041
1,T_189_G,0.5044439446314717,-1.7720269254906196
1,T_189_H,0.207613889122932,-3.3467141194428924
1,T_189_I,0.4885370442757902,-2.4834996470124593
1,T_189_K,0.0029009942807312,-3.2913521901102305
1,T_189_L,0.4798774303031863,-2.462946579274296
1,T_189_M,0.5416860589513826,-3.170823452979228
1,T_189_N,0.9043592343997572,-2.901042590856686
1,T_189_P,0.0012053976449909,-2.5279514095832933
1,T_189_Q,0.2105838738524415,-2.87000227146204
1,T_189_R,0.0043562170882511,-2.5568591348119853
1,T_189_S,0.9625716689128486,-2.0653530148416626
1,T_189_T,0.9939649378136396,0.0
1,T_189_V,0.5119936656848886,-2.1864520935431018
1,T_189_W,0.0598108017363031,-2.7884178830514776
1,T_189_Y,0.0285178863177354,-2.3620460901239984
1,L_190_A,0.4428125041376873,-2.304318547242633
1,L_190_C,0.6188003280052771,-4.4850682873753485
1,L_190_D,0.0012957569674391,-3.2267187121713388
1,L_190_E,0.0031176561522175,-3.2351103698075887
1,L_190_F,1.0793149156363826,-3.1185765535516365
1,L_190_G,0.0685459323597891,-2.3898209455243227
1,L_190_H,0.0528849807124499,-3.89148870258045
1,L_190_I,1.000615611658258,-3.085786730728646
1,L_190_K,0.0014862050239401,-4.026568482611104
1,L_190_L,1.081710819933425,0.0
1,L_190_M,0.9368836943967658,-3.76611322285953
1,L_190_N,0.0166918059799367,-3.1947379145171997
1,L_190_P,0.0008650996027436,-2.9169971801532677
1,L_190_Q,0.0261922510740725,-3.5713953580432762
1,L_190_R,0.0008998267439252,-3.6074232705988574
1,L_190_S,0.2813568253089257,-3.0650357866236084
1,L_190_T,0.7053874761241803,-3.8439026324758223
1,L_190_V,0.9984650726065456,-2.8246639313492206
1,L_190_W,0.0643121382232213,-3.7224926003836436
1,L_190_Y,0.4738074757052135,-2.9272677257574444
1,R_191_A,1.0913537922436312,-1.8981133323383403
1,R_191_C,0.9666797105379416,-5.088561687556004
1,R_191_D,0.5315947886168958,-2.7150807729289124
1,R_191_E,0.6903399432978914,-2.757144560546375
1,R_191_F,0.9948154830848888,-2.7825810055608122
1,R_191_G,0.935222708880415,-2.1103285738684954
1,R_191_H,1.0823483248002468,-3.3611895793110436
1,R_191_I,0.4043262755123961,-3.141680193111051
1,R_191_K,1.1497688629941178,-3.3396576469775607
1,R_191_L,0.7611015517437069,-3.0543452438810954
1,R_191_M,0.8192949722589452,-3.6904328687891046
1,R_191_N,0.8963194240635527,-2.8711344029022574
1,R_191_P,0.0085989776871513,-3.065978484695101
1,R_191_Q,1.197093522424926,-2.7873380651602706
1,R_191_R,1.1657899475327875,0.0
1,R_191_S,1.0892324486908094,-2.3923729393901105
1,R_191_T,0.7687800836491984,-3.5747061007980885
1,R_191_V,0.6204203299900046,-2.886060053118931
1,R_191_W,1.0286397901381297,-3.9944948612595614
1,R_191_Y,1.2343271884706977,-2.9345870940135925
1,K_192_A,1.0243280795391068,-1.1582421824606146
1,K_192_C,0.7711876571911689,-3.974108353883711
1,K_192_D,1.6161250876521882,-1.4202088326087514
1,K_192_E,1.2070277684685078,-2.343630875093985
1,K_192_F,0.4966264021361027,-2.376030403239544
1,K_192_G,1.0798776516019823,-1.7314214024707275
1,K_192_H,1.0538743479677617,-2.7536607123542627
1,K_192_I,0.6345337765601313,-2.4875328002374704
1,K_192_K,1.0379413080352051,0.0
1,K_192_L,0.7919783330114785,-2.6918833526580235
1,K_192_N,1.1656509688069416,-2.797756032219488
1,K_192_P,0.041105118606499,-2.1030731462131143
1,K_192_Q,0.9696331088196404,-2.5503197883362354
1,K_192_R,1.1444685884352617,-2.342330484793702
1,K_192_S,1.1148888347663966,-1.9440385407979504
1,K_192_T,1.1707798868557575,-2.8364031394243168
1,K_192_V,0.963323901413782,-2.3527812657374194
1,K_192_W,0.6183402682695087,-3.1117371982182886
1,K_192_Y,1.0086704279781775,-2.390925736185985
1,L_193_A,0.2813338136905716,-2.6278622395973503
1,L_193_C,0.4087206007903393,-4.929944693726838
1,L_193_D,0.0013507822729266,-3.0796319157472016
1,L_193_E,0.0261143004335692,-3.283027049331686
1,L_193_F,0.9223561720394308,-3.1516761542397913
1,L_193_G,0.0050618948935734,-2.664732775405677
1,L_193_H,0.1211152022149545,-3.5550212700339214
1,L_193_I,0.8253436609941323,-2.979022002847972
1,L_193_K,0.0023299219894118,-4.06204219675625
1,L_193_L,0.9642057020809373,0.0
1,L_193_M,1.1349626856846449,-3.785497868714919
1,L_193_N,0.0194170234220101,-3.4524600945423423
1,L_193_P,0.0008486297445886,-2.4851972207620068
1,L_193_Q,0.0921070161626737,-3.4253091054763942
1,L_193_R,0.0012577194537428,-3.2849650344343635
1,L_193_S,0.052592608598176,-2.6079511786255076
1,L_193_T,0.2648344792911737,-3.5411409210015163
1,L_193_V,0.6243638293476298,-2.822628941080188
1,L_193_W,0.1600113188171468,-3.5550212700339214
1,L_193_Y,0.3682376042411233,-3.093951969521951
1,L_194_A,0.3113043985756435,-2.0022885001817055
1,L_194_C,0.5021206164568576,-5.0042513234863355
1,L_194_D,0.0016630080489589,-2.937676292399749
1,L_194_E,0.0081562904491573,-3.3656960124815063
1,L_194_F,1.0014246457045577,-3.016221321195167
1,L_194_G,0.0183436668214292,-2.508045118444399
1,L_194_H,0.0746817666737895,-3.3701207984618637
1,L_194_I,1.2800905505371738,-3.078842097426954
1,L_194_K,0.0036270462737486,-3.4342159589182613
1,L_194_L,1.0689066513614074,0.0
1,L_194_M,1.2366805365390183,-3.581690784382049
1,L_194_N,0.0146888765295781,-2.9037267802434936
1,L_194_Q,0.0774277681086727,-3.242287426951978
1,L_194_R,0.0016630080489589,-2.9984807865073413
1,L_194_S,0.1355203928125249,-2.4028250620887204
1,L_194_T,0.4372325967740785,-3.6870513000398732
1,L_194_V,0.8441146490735093,-2.585905440216672
1,L_194_W,0.4473388202676316,-3.9561351988327598
1,L_194_Y,0.4257300605334929,-3.339550732377184
1,T_195_A,1.3516090041786577,-1.845674857109877
1,T_195_D,0.6709424205874059,-2.026459134584946
1,T_195_E,1.123508365455534,-2.866614107459773
1,T_195_F,0.9020903661620132,-2.3421804271011193
1,T_195_G,1.2445548952661738,-1.6689780640406888
1,T_195_H,1.1459800005344287,-3.300962089716719
1,T_195_I,1.1063354329211403,-2.5989259617395293
1,T_195_K,1.4598183557077995,-2.7978585120446398
1,T_195_L,0.9605441731295336,-2.955892691898296
1,T_195_M,1.1667988477343052,-3.334484781755369
1,T_195_N,1.2628102418779314,-2.3044596027508266
1,T_195_P,0.0024099554065407,-2.291361178704908
1,T_195_R,1.2439132419019676,-2.3824759672791296
1,T_195_S,1.295288860044412,-2.0399911408035223
1,T_195_T,0.9591882337647508,0.0
1,T_195_V,1.37584587605805,-2.5172612785632453
1,T_195_W,0.8514601210669859,-3.7091782311967827
1,T_195_Y,1.37584587605805,-2.842876729191523
1,G_196_A,0.8740252516337421,-2.853382716526922
1,G_196_C,0.8749223373418493,-5.833122403046855
1,G_196_D,1.0327505772812322,-3.391611837822599
1,G_196_E,0.9743114102962952,-3.7334541158768637
1,G_196_F,0.632632626598465,-3.3275964660561015
1,G_196_G,0.947041050049536,0.0
1,G_196_I,0.2239396456507968,-3.731101173614837
1,G_196_K,0.7047990411396126,-3.7548835073327638
1,G_196_L,0.5985467612124634,-4.105901454956361
1,G_196_M,0.4778659461837627,-4.291304678287727
1,G_196_N,0.8514601210669859,-3.7979141163438275
1,G_196_P,0.8787141716583288,-3.0683768582680826
1,G_196_Q,1.0125624341139372,-3.9583660142478205
1,G_196_R,0.6847858834352093,-3.654227179832527
1,G_196_S,1.188974576452224,-3.185176126014334
1,G_196_T,1.3064553928440277,-4.08392254823758
1,G_196_V,0.4100145086798046,-3.196816106803472
1,G_196_W,0.4642619230398223,-4.712322199403374
1,G_196_Y,0.4684418471983828,-4.046182220254736
1,E_197_A,0.320616341810181,-2.251920663526079
1,E_197_C,0.561754182727767,-4.567426408533963
1,E_197_D,1.0836034309826623,-2.2693357051277556
1,E_197_E,1.3516090041786577,0.0
1,E_197_G,1.1148888347663966,-1.832534896889936
1,E_197_H,1.1766439799438428,-3.3760891513795652
1,E_197_I,0.0463274430011906,-2.947283665954308
1,E_197_K,0.8764100095206733,-2.434507859848758
1,E_197_L,0.0679657568141323,-3.14264461442823
1,E_197_N,1.2041464510327688,-3.0839890598469157
1,E_197_Q,1.06480693062827,-2.7140755819042286
1,E_197_R,0.9400880978930006,-2.068419339599267
1,E_197_S,1.0125624341139372,-2.4532801997948415
1,E_197_T,0.978070840415222,-2.947283665954308
1,E_197_V,0.5363861409076381,-2.7126710872913304
1,E_197_W,0.2738858934240255,-3.7092969672563774
1,E_197_Y,0.4415482087211585,-2.7549561398633475
1,L_198_A,1.2394309216636683,-2.488265634315591
1,L_198_C,1.123508365455534,-4.884284733955738
1,L_198_D,0.8814867973903835,-2.579639907998677
1,L_198_E,1.2148951983398648,-3.6985178941263706
1,L_198_F,1.0727722818152765,-3.305199753433686
1,L_198_G,1.0033694145765453,-2.366006455235991
1,L_198_H,1.3516090041786577,-3.7635814874734357
1,L_198_I,1.3294853378658074,-2.78317249082427
1,L_198_K,1.5615847472919293,-3.2138584090021043
1,L_198_L,1.2398622689456136,0.0
1,L_198_M,1.0774596679767985,-3.4538748389036518
1,L_198_N,1.7029202421339718,-3.214828811795384
1,L_198_P,1.02358851610421,-2.5255726867284025
1,L_198_Q,1.482478176038101,-3.281051598408518
1,L_198_R,1.3258337347412912,-3.0006574291143293
1,L_198_S,1.2501185092969571,-2.8003430239612848
1,L_198_T,1.3252907182044027,-3.1936944997214094
1,L_198_V,1.1082573009030223,-2.5110586438441485
1,L_198_W,1.1135048690319185,-3.9679940020815834
1,L_198_Y,1.42123080723494,-3.2167724470039523
1,L_199_A,0.0972493802678584,-2.3402369795136475
1,L_199_C,0.1483897006350465,-5.13825963475173
1,L_199_D,0.0347118692344554,-2.865855158907652
1,L_199_E,0.0716237500334018,-3.3078426740129725
1,L_199_F,0.2975402743652829,-3.120657557240279
1,L_199_G,0.0692125690661165,-2.129437729766811
1,L_199_H,0.1911703737071199,-3.439672991457329
1,L_199_I,0.4995773127605145,-2.902738772338205
1,L_199_K,0.2790289786672329,-3.1619288889956816
1,L_199_L,0.8399287559759153,0.0
1,L_199_M,0.6617576472302987,-3.3878853816865084
1,L_199_N,0.1365011363606079,-3.087954687158524
1,L_199_P,0.0505110158374684,-2.8770597579205166
1,L_199_Q,0.1910598929663903,-3.4347407989680137
1,L_199_R,0.1689888385056312,-2.8547747131310786
1,L_199_S,0.1415884871314718,-2.3606161418502993
1,L_199_T,0.1296576168904226,-3.680273345175698
1,L_199_V,0.2356211363253339,-2.397419610826505
1,L_199_W,0.0380819685339951,-3.847613348354043
1,L_199_Y,0.153528869146266,-3.1046144323997003
1,T_200_A,0.9037426203179016,-2.406345520852287
1,T_200_C,0.7985296414429618,-5.116383794179897
1,T_200_D,0.841168579493668,-2.346597502545803
1,T_200_E,0.9339025142227572,-2.7397440353569236
1,T_200_F,0.3627988697892226,-3.14417018233267
1,T_200_G,0.9202902611764824,-1.9708814236891858
1,T_200_H,0.9557318923675256,-3.535713951922231
1,T_200_I,0.3139522086105394,-2.958048310030386
1,T_200_K,1.0467252941972742,-2.8387338805065743
1,T_200_L,0.7537995645058354,-3.284399523641323
1,T_200_M,0.7506398913112158,-3.3110354808899363
1,T_200_N,1.0199001145607005,-3.0643671391300225
1,T_200_P,0.3765955523248308,-2.3654838051745526
1,T_200_Q,0.9229279089168828,-3.08568577596613
1,T_200_R,0.6164226875611365,-2.3602544136520187
1,T_200_S,1.0748570980213474,-2.131154242825042
1,T_200_T,1.080107469897257,0.0
1,T_200_V,0.4344984292293965,-2.5525832019222188
1,T_200_W,0.0688740281396428,-3.9094303617158097
1,T_200_Y,0.3746979180318076,-2.9249804391032814
1,L_201_A,0.978070840415222,-2.17625851361092
1,L_201_C,1.4095980822792251,-5.023474887037929
1,L_201_E,1.2514206942486803,-2.6381111065514418
1,L_201_F,0.906839957812812,-2.8088979316442932
1,L_201_G,1.4598183557077995,-2.1818362173144603
1,L_201_H,1.0125624341139372,-3.466051509556331
1,L_201_I,1.542375314382339,-3.0678275627047285
1,L_201_K,0.9196277252104428,-2.7736260901247975
1,L_201_L,1.2394309216636683,0.0
1,L_201_N,1.2041464510327688,-2.827773539242202
1,L_201_P,1.3109865338658948,-1.8894707622800064
1,L_201_Q,1.1459800005344287,-3.1580152261127776
1,L_201_R,0.9537260751965916,-2.5877009258275447
1,L_201_S,0.9020903661620132,-2.699208727982528
1,L_201_T,0.917101848934018,-2.7859764105637415
1,L_201_V,1.3943075956404587,-2.551783023062944
1,A_202_A,1.175019636368413,0.0
1,A_202_C,1.0949332079441778,-4.7283265147160005
1,A_202_D,1.277639539985708,-3.1639713616630054
1,A_202_E,1.1586580613526891,-3.1546215272946765
1,A_202_F,0.5862341294675438,-2.90641400731725
1,A_202_G,1.1438412718496906,-2.796509376362139
1,A_202_H,1.341884841174812,-3.5462237794944453
1,A_202_I,0.887990942708024,-3.1428467907501463
1,A_202_K,1.0202204090662674,-3.218370737910356
1,A_202_L,0.7307951004158725,-3.0820254540712657
1,A_202_M,0.8671340049319117,-3.6015433490811883
1,A_202_N,1.3389219525732672,-3.3268419881021307
1,A_202_P,1.0415924286068357,-3.073408087780106
1,A_202_Q,1.1979335361545105,-3.6987070975348377
1,A_202_R,1.0887108697147965,-3.4030395017041286
1,A_202_S,1.2009648000150837,-3.0938973782325787
1,A_202_T,0.9894357047646416,-3.210288071545676
1,A_202_V,0.8837136457618101,-2.7542454886939836
1,A_202_W,0.4153204646853176,-3.7634400010231053
1,A_202_Y,0.9368836943967658,-2.914366335507746
1,S_203_A,0.7769727285726256,-2.625368399744643
1,S_203_C,0.4071112140057128,-4.192031079834078
1,S_203_D,0.0176724989526704,-3.0573463499492664
1,S_203_E,0.0073540151634931,-2.868257075695519
1,S_203_F,0.0948205693925684,-2.9635672554998442
1,S_203_G,0.7821742064637162,-2.1917430636733015
1,S_203_H,1.2718758615362245,-3.545403914909022
1,S_203_I,0.0245006335625191,-3.264236523478437
1,S_203_K,0.3941727276662432,-3.1948080170466753
1,S_203_L,0.2758438778939706,-3.0199669439619696
1,S_203_N,0.6586759897366611,-3.150091178264876
1,S_203_P,0.0364191450846154,-2.761943934750393
1,S_203_Q,0.2434266231098349,-3.3857028045511153
1,S_203_R,0.3321258376936697,-2.8756154606267055
1,S_203_S,1.0888836952739775,0.0
1,S_203_T,0.4862573177306908,-2.6299793589227174
1,S_203_V,0.0607018319276172,-2.825911316009075
1,S_203_W,0.037629576594774,-3.791167912659285
1,S_203_Y,0.1748545043941718,-3.306512006626674
1,R_204_A,0.7501312065109419,-2.447480433399742
1,R_204_C,0.6020732255163843,-5.151254839639188
1,R_204_D,0.0221176798798929,-3.130502294308007
1,R_204_E,0.7219224963148838,-2.8407015769959405
1,R_204_F,0.0297101946335282,-2.782133222844875
1,R_204_G,0.4338249302452984,-2.044339037124558
1,R_204_H,0.4642619230398223,-3.247357870474259
1,R_204_I,0.3903961868229822,-3.1368852947030437
1,R_204_K,1.424907103955671,-2.9442999776603678
1,R_204_L,0.1354215147378456,-2.647199371012403
1,R_204_M,0.3492414899353906,-3.072813798292914
1,R_204_N,0.2778977129604201,-3.1168106638900652
1,R_204_P,0.0025988312373939,-2.5289077807299263
1,R_204_Q,1.3168060475774688,-3.816253772906831
1,R_204_R,1.0249949960549027,0.0
1,R_204_S,1.0418516505488808,-2.968354589591099
1,R_204_T,1.2041464510327688,-2.6858708563400273
1,R_204_V,0.5922182548140253,-2.593097728111571
1,R_204_W,0.0430212384576937,-3.7974836702248322
1,R_204_Y,0.1641413770140826,-2.9478273181783394
1,Q_205_A,0.9752789790232832,-1.6709804183325403
1,Q_205_C,0.0143691832064131,-4.379398875745316
1,Q_205_D,0.8993520465197468,-2.2442195113534438
1,Q_205_E,1.2514206942486803,-1.9815036029469306
1,Q_205_F,0.5189706540176021,-2.4217192695305148
1,Q_205_G,1.0504742999390644,-1.511060592593791
1,Q_205_H,1.1798462480027014,-2.8845722387411814
1,Q_205_I,0.9141956546269486,-2.8945349612448528
1,Q_205_K,1.138090959529978,-2.1371621996218666
1,Q_205_L,0.9557318923675256,-2.3041095891662344
1,Q_205_M,1.1823808974706842,-2.927616858423707
1,Q_205_N,1.0727722818152765,-2.449399961331091
1,Q_205_P,0.0076546008557866,-1.9508384899921936
1,Q_205_Q,1.4256312502615327,0.0
1,Q_205_R,1.1784665968930703,-2.249458554115967
1,Q_205_S,1.0379413080352051,-2.2666775225915012
1,Q_205_T,1.116756666315644,-2.25869344824328
1,Q_205_V,1.0888836952739775,-2.1736167889738605
1,Q_205_W,0.3972201919667109,-3.521111893782504
1,Q_205_Y,0.6758045020893289,-2.6641585563514445
1,Q_206_A,1.0065297862768918,-1.9017812005352601
1,Q_206_C,1.1459800005344287,-4.39400128365182
1,Q_206_D,0.5593991111682616,-1.9714478645808566
1,Q_206_E,1.1757064280880027,-2.312618621983625
1,Q_206_F,0.3941727276662432,-2.6991941016797405
1,Q_206_G,0.1435702629713234,-1.6637469252385846
1,Q_206_H,0.8934475025821478,-2.791843694585833
1,Q_206_I,0.8514601210669859,-2.61353155656835
1,Q_206_K,0.8036715222355014,-2.5591426219418993
1,Q_206_L,1.1689019078929963,-2.190463916341211
1,Q_206_M,1.2041464510327688,-2.6065689522876334
1,Q_206_N,1.1115908518416806,-2.5979333200380266
1,Q_206_P,0.0154704381432854,-1.9914067540853395
1,Q_206_Q,1.0163024900515452,0.0
1,Q_206_R,0.7931407794556806,-2.2548498938128603
1,Q_206_S,0.9400880978930006,-2.023805967161557
1,Q_206_T,1.1148888347663966,-2.097653217113308
1,Q_206_V,0.8997249070246787,-2.1468084114017767
1,Q_206_W,0.3379022510446643,-3.0900190427534513
1,Q_206_Y,0.7047990411396126,-2.723268446825978
1,L_207_A,0.0313943089558194,-3.1541289844657245
1,L_207_C,0.0384234498282887,-5.410584305732296
1,L_207_D,0.0008315040244794,-3.686647432842976
1,L_207_E,0.0103182625120949,-3.364479184320029
1,L_207_F,0.1910598929663903,-3.2753514044240197
1,L_207_G,0.0009951970756534,-2.6187154327469893
1,L_207_H,0.0015062258929515,-4.0120698332776055
1,L_207_I,0.7555488110774129,-3.4847812799760516
1,L_207_K,0.0008315040244794,-3.7133156799251377
1,L_207_L,1.12754332313351,0.0
1,L_207_N,0.001761895612786,-3.5476485580363204
1,L_207_Q,0.0104169003706844,-4.243343510675065
1,L_207_R,0.0008737086333352,-3.1047258873932546
1,L_207_S,0.0029719337406073,-3.1421834499281562
1,L_207_T,0.0222641734993073,-2.700350697649115
1,L_207_V,0.2723362373154738,-2.8287542723403187
1,L_207_W,0.037629576594774,-4.287679324495117
1,L_207_Y,0.00670346099651,-3.5175711027990437
1,I_208_A,1.1327078970517757,-2.0461729476414723
1,I_208_C,1.0379413080352051,-4.355371196527238
1,I_208_D,0.0505204348274073,-2.9171320944894
1,I_208_E,0.7032691640827023,-2.6416159664055847
1,I_208_F,1.087452109026117,-2.633112513805941
1,I_208_G,0.6507863365447877,-2.050892163573118
1,I_208_H,0.5521035821038021,-2.881769293747998
1,I_208_I,1.3067551695355106,0.0
1,I_208_K,0.9820666650730924,-2.777712559239653
1,I_208_L,1.2197029789130265,-2.0466438683000447
1,I_208_M,1.1716461019411633,-3.3237226951192986
1,I_208_N,0.4995773127605145,-2.602263881733459
1,I_208_P,0.0022382428091163,-2.1133514853981836
1,I_208_Q,0.978070840415222,-3.2287196877947353
1,I_208_R,0.978070840415222,-2.26825773760744
1,I_208_S,1.0106776048543469,-2.462287783666294
1,I_208_T,1.064403284001493,-2.4868554932793514
1,I_208_V,1.1320752563611112,-2.013292004494031
1,I_208_W,1.0727722818152765,-3.8045959966019427
1,I_208_Y,1.2366805365390183,-2.9205123793982217
1,D_209_A,1.3052171658828962,-2.2036911125719665
1,D_209_C,0.820957172340427,-4.903894515969491
1,D_209_D,1.016651251246237,0.0
1,D_209_E,1.1667988477343052,-2.716681574047501
1,D_209_F,0.7762955198496024,-3.176213903425942
1,D_209_G,1.1386827617487791,-2.4064234518939207
1,D_209_H,0.7233254741372592,-3.4021186161814767
1,D_209_I,0.834277282720216,-3.5455740068919916
1,D_209_K,0.978070840415222,-2.6816970177018726
1,D_209_L,0.9642625123539104,-2.5326844352413587
1,D_209_M,0.889157481212725,-3.5743529714420323
1,D_209_N,0.9285238460796446,-3.0210133547358446
1,D_209_P,0.0086660475421145,-2.4879807376684226
1,D_209_Q,1.0727722818152765,-3.273978072191835
1,D_209_R,0.9863228532200392,-2.245324372130631
1,D_209_S,1.2800905505371738,-2.61240523723048
1,D_209_T,1.0552134557582895,-2.6854409382113387
1,D_209_V,0.9196277252104428,-2.7601838859975607
1,D_209_W,0.9400880978930006,-4.128055619564413
1,D_209_Y,1.1644299616139906,-3.4753998003592073
1,W_210_A,0.0365048475852435,-1.5560133193785104
1,W_210_C,0.0405742114438884,-4.082212441230164
1,W_210_D,0.2169649444099889,-2.287516112328779
1,W_210_E,0.0440842115251035,-1.5764464370194324
1,W_210_F,0.3506274536361647,-1.8610926359243818
1,W_210_G,0.0047622793543314,-1.002463466333333
1,W_210_H,0.035275023804692,-2.2973393740317216
1,W_210_I,0.0352903577776737,-2.4786742509232322
1,W_210_K,0.0019324912090181,-2.3152681411218117
1,W_210_L,0.2606165967620955,-1.66998190834539
1,W_210_M,0.4800790438106402,-2.706265548635679
1,W_210_N,0.036558327147141,-2.3806780635948144
1,W_210_P,0.0011759242685866,-1.5485156272727094
1,W_210_Q,0.03392371235979,-2.1853866172523966
1,W_210_R,0.003042997716601,-1.8278294500539745
1,W_210_S,0.0258249231586766,-1.4922394366924512
1,W_210_T,0.0300537091673705,-1.699946697047325
1,W_210_V,0.010846458456679,-1.5822240168848198
1,W_210_Y,0.2369820785711815,-2.1915840695807702
1,M_211_A,0.0438566937978882,-1.7038112187040297
1,M_211_C,0.3200226376342936,-4.165503631165276
1,M_211_E,0.0014815713967588,-2.2705599257019777
1,M_211_F,0.027387812797521,-2.4726841097921106
1,M_211_G,0.0214260670784175,-1.5452556335074983
1,M_211_I,0.0097230851192669,-2.360149390386285
1,M_211_K,0.0012603244250236,-2.557999955310992
1,M_211_L,0.4988167674956697,-1.7952147419513949
1,M_211_N,0.0013199306681432,-2.2837180102794887
1,M_211_Q,0.0146888765295781,-2.730879299165239
1,M_211_R,0.0008315040244794,-2.1273622578939166
1,M_211_S,0.0093522931439447,-1.8697047978555743
1,M_211_T,0.0151352662713422,-1.5983271012909002
1,M_211_V,0.0037727417564386,-1.8083937556941458
1,M_211_W,0.0247358599548112,-3.8924203581346344
1,M_211_Y,0.0014256038629958,-2.3098096879336794
1,E_212_A,0.8514601210669859,-2.2850472115724925
1,E_212_C,0.978070840415222,-4.51977001544989
1,E_212_D,0.6586759897366611,-3.209848633114557
1,E_212_E,1.238463943405146,0.0
1,E_212_F,0.8514601210669859,-2.7234958658672914
1,E_212_G,0.7323574442061092,-2.120230681450934
1,E_212_H,0.8514601210669859,-3.3639993129418193
1,E_212_I,1.2197029789130265,-3.0957353263471377
1,E_212_K,0.8963194240635527,-2.968076261966853
1,E_212_L,0.5189706540176021,-2.3562909713788445
1,E_212_M,0.8514601210669859,-3.983038521348043
1,E_212_N,0.8337621970343648,-2.8695463082457446
1,E_212_P,0.0012458480764769,-2.2874714551839985
1,E_212_Q,1.0125624341139372,-3.1505895917022353
1,E_212_R,0.8514601210669859,-2.582298735040424
1,E_212_S,0.7525862658482917,-2.4925748299404726
1,E_212_T,0.83201293726062,-2.085918536462156
1,E_212_V,1.1766439799438428,-2.443160534569755
1,E_212_Y,0.8514601210669859,-2.873899819692942
1,A_213_A,1.4020354876579522,0.0
1,A_213_C,1.0888836952739775,-5.0949200038888804
1,A_213_D,1.6033105212854797,-3.4193001845734745
1,A_213_E,1.1365631664384768,-3.381833566733298
1,A_213_F,0.6378742151562151,-3.221095581606516
1,A_213_G,1.0491462968027538,-2.622148086566866
1,A_213_H,1.123508365455534,-3.0643508666022097
1,A_213_I,0.3038697286604269,-3.286846959169295
1,A_213_K,0.996736362727193,-3.170863456120184
1,A_213_L,1.026150164139097,-2.5178980651930676
1,A_213_M,0.8514601210669859,-3.6699111305882983
1,A_213_N,1.123508365455534,-3.01219438700785
1,A_213_P,0.0740501704530618,-2.6299475690016907
1,A_213_Q,1.1823808974706842,-3.271857385149774
1,A_213_R,1.1586580613526891,-2.959508619937587
1,A_213_S,1.0769817975758262,-2.861092847575109
1,A_213_T,0.7951207452776615,-2.536571330458689
1,A_213_V,0.51412813415715,-2.8984266880112006
1,A_213_W,0.506281217056969,-4.24106474295552
1,A_213_Y,0.4611780860197152,-3.4802327355686344
1,D_214_A,0.1145178874259324,-2.7298135408019046
1,D_214_C,0.1096483392961572,-4.773089806013694
1,D_214_D,0.2961091274070126,0.0
1,D_214_E,0.0800553076560783,-2.7347833770872483
1,D_214_F,0.0149826836351606,-3.0080970478300495
1,D_214_G,0.3578522278910896,-2.0491375712276034
1,D_214_H,0.1477976121838355,-3.4444361350874266
1,D_214_I,0.0190263135182108,-3.1517017242089156
1,D_214_K,0.1116703329744779,-3.4229607213618496
1,D_214_L,0.0094576853897198,-2.6136055566603003
1,D_214_M,0.0223746801105225,-3.3017212800648825
1,D_214_N,0.4125256887567888,-2.92381780633643
1,D_214_P,0.1120399280079441,-2.5015837959855687
1,D_214_Q,0.4189223807148891,-2.966863538367865
1,D_214_R,0.1051708551361069,-2.4903729162363506
1,D_214_S,0.3501293400705492,-2.4324406163666636
1,D_214_T,0.2798073697228794,-2.363833581184679
1,D_214_V,0.0604918614730294,-2.820953955915906
1,D_214_W,0.014004991000993,-4.016429219731403
1,D_214_Y,0.0363684403206657,-3.1735366528121136
1,K_215_A,1.4481839497701083,-1.93721239001224
1,K_215_C,0.9584286013179296,-4.123686688542268
1,K_215_D,0.0206481575747683,-2.468451730006863
1,K_215_E,0.6653760609336042,-2.105164006523242
1,K_215_F,0.7620781552503191,-2.4968281779476613
1,K_215_G,0.4692282785327571,-1.331931360406268
1,K_215_H,0.978070840415222,-2.6275439891720223
1,K_215_I,0.8954829487335564,-2.5042570193762446
1,K_215_K,1.1338146902343715,0.0
1,K_215_L,1.0595090175430553,-1.7481000332078858
1,K_215_M,1.123508365455534,-2.9747578724658204
1,K_215_N,0.9154708578599822,-2.564881641192678
1,K_215_P,0.0930053724870526,-2.0579367772803714
1,K_215_Q,1.1543133142800626,-2.365251820158945
1,K_215_R,1.0886897400874878,-1.9149066324979414
1,K_215_S,0.931122485749484,-1.8625339576158697
1,K_215_T,0.7255977395784445,-1.7095677058172383
1,K_215_V,0.89689491520135,-2.3361200975742444
1,K_215_W,0.3251375003317318,-2.863183282471922
1,K_215_Y,0.7029114528127235,-2.3602176491533062
1,V_216_A,0.5222754758152125,-2.6801011109992476
1,V_216_C,0.2732845616230367,-4.918841084016082
1,V_216_D,0.0125623646846027,-3.3047895532484484
1,V_216_E,0.1279485645130263,-3.341114578031757
1,V_216_F,0.219742048499668,-2.8365135374470913
1,V_216_G,0.2558609472120101,-2.1265772502603504
1,V_216_H,0.3247464965331286,-3.5768671225768323
1,V_216_I,0.4036251190909516,-2.924573407324386
1,V_216_K,0.5363861409076381,-3.46278343534646
1,V_216_L,0.4033675316642818,-2.478758485392549
1,V_216_N,0.431442997268289,-2.87619545203827
1,V_216_P,0.1422613699412473,-2.4129613108477814
1,V_216_Q,0.3804684861286683,-3.3210312095770806
1,V_216_R,0.3627988697892226,-2.841569525104547
1,V_216_S,0.4276631678230887,-2.5843989170773947
1,V_216_T,0.7207170429719612,-2.3809325809909767
1,V_216_V,0.8296805475306206,0.0
1,V_216_W,0.1651852605981467,-3.5936230363052717
1,V_216_Y,0.1793807355512582,-3.20415826954355
1,A_217_A,0.9988319441133278,0.0
1,A_217_C,0.0772244160377687,-4.926841874419603
1,A_217_D,0.0114556717259586,-2.8682119916644493
1,A_217_E,0.1170901698612063,-3.143641658587216
1,A_217_F,0.0352414199937219,-2.6524925955655565
1,A_217_G,0.6519584222543352,-2.4495398240168167
1,A_217_H,0.1169833299646498,-3.5320608994223917
1,A_217_I,0.0379312799963273,-3.154203446638324
1,A_217_K,0.1294922684070046,-3.3061044067315684
1,A_217_L,0.0202427185888398,-2.192991027372655
1,A_217_M,0.0411501889867959,-3.7138192345737475
1,A_217_N,0.1295967879474097,-2.7955035273198194
1,A_217_P,0.1612449481849377,-2.8552435102007894
1,A_217_Q,0.1331782937136176,-2.973653084253142
1,A_217_R,0.1061621108433204,-3.0691244373997466
1,A_217_S,0.6603688007740778,-2.7270952276506684
1,A_217_T,0.3304025821072164,-2.5181579020616733
1,A_217_V,0.0649328285581222,-3.2097732977931317
1,A_217_W,0.0166243283712247,-4.001501307025526
1,A_217_Y,0.0703981275422363,-2.5299801934445116
1,G_218_A,0.8822704476335896,-2.9819223068091016
1,G_218_C,0.5700118696267568,-5.436662734771513
1,G_218_D,0.5310250657334807,-3.281660787857637
1,G_218_E,0.3925613020075254,-3.081235160403085
1,G_218_G,1.141624235065758,0.0
1,G_218_H,0.5011466923877701,-3.91974819123456
1,G_218_I,0.3335925249227662,-3.715836001848234
1,G_218_L,0.5095409027345682,-3.579880365612203
1,G_218_M,0.8272205131065482,-4.07588496903345
1,G_218_P,0.1319767651277233,-3.619391677886048
1,G_218_Q,1.0727722818152765,-3.3351790932230156
1,G_218_R,0.4550531185328573,-2.993305087896381
1,G_218_S,0.6685808169718329,-3.0007400663838997
1,G_218_T,0.7711876571911689,-2.549310172612846
1,G_218_V,0.3729623400781386,-3.4368602354789806
1,G_218_W,0.5748844314970594,-3.9062344720678377
1,G_218_Y,0.4949661831821101,-3.4559286098444955
1,P_219_A,1.159542634588895,-2.463116014192612
1,P_219_C,0.4205842897468339,-4.415752646008877
1,P_219_D,1.0065297862768918,-2.4098135663219673
1,P_219_E,0.82315205927715,-2.640533414924815
1,P_219_F,0.4257300605334929,-2.7984715561137503
1,P_219_G,0.7233254741372592,-1.9397437316407418
1,P_219_H,0.8123728144274831,-3.18115135718781
1,P_219_I,0.3282827540281653,-3.136351032432447
1,P_219_K,1.1724682589350868,-2.8415747965312566
1,P_219_L,0.6000376227645166,-2.849764850501301
1,P_219_M,1.1586580613526891,-2.7976906111306787
1,P_219_N,0.906839957812812,-3.1050816384510513
1,P_219_P,0.9936687274415552,0.0
1,P_219_Q,1.0322474586215806,-2.8278038215167025
1,P_219_R,0.7127197788638429,-2.3987520893016647
1,P_219_S,0.8394189086182646,-2.394048657584029
1,P_219_T,0.8659771521327582,-2.5100085386788975
1,P_219_V,0.7205996552310564,-2.7930177054312875
1,P_219_W,0.2281430905418836,-3.3614131810187597
1,P_219_Y,0.4468237779226729,-2.512353205638153
1,L_220_A,0.0563677920023817,-3.1488348725830972
1,L_220_C,0.1964394871968947,-4.810966065150818
1,L_220_D,0.0383284606155682,-2.910229439794727
1,L_220_E,0.0137451824448511,-2.8859771812561257
1,L_220_F,0.0610373808412379,-3.2259792485808636
1,L_220_G,0.0665369647877327,-1.8128212451914223
1,L_220_H,0.028283743018703,-3.6055450346484963
1,L_220_I,0.2105358566392382,-3.025668653950832
1,L_220_K,0.0115985950148519,-3.571402315722159
1,L_220_L,1.1457822287332171,0.0
1,L_220_M,0.8378447614297784,-3.4343805181578673
1,L_220_N,0.0356504442944174,-3.3052796575688252
1,L_220_P,0.0458046179653836,-3.483109708576483
1,L_220_Q,0.0315639564957618,-3.0453092198253824
1,L_220_R,0.0131391692054315,-2.967430326399022
1,L_220_S,0.0290592417003741,-2.999277678095029
1,L_220_T,0.0583141927959162,-2.75042176365233
1,L_220_V,0.0910610475778032,-2.890214475731638
1,L_220_W,0.0124354960397913,-3.5424547396872916
1,L_220_Y,0.021167018278297,-3.3357499147162435
1,L_221_A,0.0468132866367161,-2.527587380902883
1,L_221_C,0.0676568522223773,-4.620260667792337
1,L_221_D,0.0693689504298713,-2.8732013774821903
1,L_221_E,0.0457723402628818,-3.025686777990387
1,L_221_F,0.6626453591022013,-3.044159175625831
1,L_221_G,0.0214397941840531,-2.1167441085707903
1,L_221_H,0.0391607136524439,-3.367497699296969
1,L_221_I,1.1705567393602676,-3.122578907252471
1,L_221_K,0.0592680690928131,-3.271549017821491
1,L_221_L,1.2115188624233446,0.0
1,L_221_M,0.6438050804195223,-3.0725237759561703
1,L_221_N,0.0462820913302411,-2.859721215925498
1,L_221_P,0.0999168542557491,-2.9244946718697413
1,L_221_Q,0.049549725202426,-3.2941427707298514
1,L_221_R,0.0415013151826865,-3.3593343886578113
1,L_221_S,0.0493472967683144,-2.762426971980284
1,L_221_T,0.037629576594774,-2.426685729543668
1,L_221_V,0.7689447605079808,-2.696251364490146
1,L_221_W,0.0626433365484712,-3.5749569325787336
1,L_221_Y,0.0242365954640644,-3.025686777990387
1,R_222_A,0.087330769748341,-2.490404189747196
1,R_222_C,0.0350096843990877,-4.425349316661192
1,R_222_D,0.0248344200501799,-2.4493617123685887
1,R_222_E,0.0260777799666156,-2.7985065002435716
1,R_222_F,0.0356414012137328,-2.848497685425108
1,R_222_G,0.0567221436613391,-1.773559863270418
1,R_222_H,0.0576129070815247,-3.395184791807763
1,R_222_I,0.0263215063711561,-3.029558208004035
1,R_222_K,0.2407558679774583,-2.9170400049783276
1,R_222_L,0.031624837273523,-3.0173457499745293
1,R_222_M,0.0308101361230399,-3.2917334544197407
1,R_222_N,0.0366115551515009,-2.6639441313807657
1,R_222_P,0.0173993698405682,-2.5014907778035362
1,R_222_Q,0.1156030900640999,-2.914509425812609
1,R_222_R,1.1839013458506316,0.0
1,R_222_S,0.0696842712857751,-2.3024937228994142
1,R_222_T,0.041303844059388,-2.4493617123685887
1,R_222_V,0.0495210552143155,-2.6240930998958705
1,R_222_W,0.0192815503366943,-3.736026232539646
1,R_222_Y,0.0176590050006016,-2.977084136528059
1,S_223_A,1.0293708735555411,-2.6836213128197164
1,S_223_C,0.8714748086058316,-5.087766605963289
1,S_223_D,0.6626453591022013,-2.679889965206857
1,S_223_E,0.8155916253205945,-2.9193042133866633
1,S_223_F,0.6386586125355969,-2.624353667721145
1,S_223_G,0.736560464530873,-2.2985072689761568
1,S_223_H,0.959299936516582,-3.447097370409356
1,S_223_I,0.8711136553970734,-3.2271675336982435
1,S_223_K,1.0946812655788838,-3.142842164232704
1,S_223_L,0.7467358326824195,-2.901327957537191
1,S_223_M,0.9125723621675348,-3.3040856573004067
1,S_223_N,0.9455160589040502,-2.9177281689311974
1,S_223_P,0.6832099384255543,-2.6577896182061913
1,S_223_Q,1.0322474586215806,-2.905208443586268
1,S_223_R,1.0457622274528202,-2.696791776009462
1,S_223_S,1.1629893347958815,0.0
1,S_223_T,1.0724659668535577,-2.449202008558018
1,S_223_V,0.9197826355358888,-2.5260053489703678
1,S_223_W,0.5911904487353421,-3.451116130004272
1,S_223_Y,0.7789663250605969,-2.477696813221252
1,A_224_A,0.9963405642279372,0.0
1,A_224_C,1.270092759945039,-4.843740521953048
1,A_224_D,0.6125042953823863,-2.935344148999232
1,A_224_E,1.0870888552873352,-2.770763126893102
1,A_224_F,0.5111245761903613,-3.0298900949108014
1,A_224_G,0.9148206689139968,-1.9110358840078128
1,A_224_H,0.8399660172343316,-3.170408625948003
1,A_224_I,1.09784765258078,-2.8588362629631905
1,A_224_K,1.2322917554076236,-3.341956704163878
1,A_224_L,0.4109867723898977,-2.85318653042107
1,A_224_M,0.9622487964172488,-3.395003907495399
1,A_224_N,1.123508365455534,-3.1259568633771684
1,A_224_P,0.8121560521900698,-3.029050111661077
1,A_224_Q,1.1724682589350868,-3.099483386709999
1,A_224_R,1.264165954161297,-3.1919148311689676
1,A_224_S,1.148707007220658,-2.9224309425960544
1,A_224_T,1.1240707684772535,-2.5725716251923814
1,A_224_V,1.090914372355656,-2.4543158880381872
1,A_224_W,0.3149572370132952,-3.731476144116616
1,A_224_Y,0.700913767127632,-2.971145637915218
1,L_225_A,0.7588616885583638,-3.2352309958872683
1,L_225_C,1.1001558146902328,-4.75518534218636
1,L_225_D,0.0047902832037757,-3.0858492881711803
1,L_225_E,0.013052661927046,-3.1424606560456296
1,L_225_F,0.1717945133570383,-3.531652012005923
1,L_225_G,0.0425012141643086,-2.4946232389671517
1,L_225_H,0.032519206538468,-3.730575512614625
1,L_225_I,0.9378530978276458,-3.191209803829008
1,L_225_K,0.3623866883670931,-3.265384034057959
1,L_225_L,0.834884115827806,0.0
1,L_225_M,0.9226144969536628,-3.805706619058704
1,L_225_N,0.0430409838607624,-3.1929339421871474
1,L_225_P,0.0185605447804512,-3.557404508108338
1,L_225_Q,0.1619741920559564,-3.445852022202589
1,L_225_R,0.1973257129131533,-3.1581699497508096
1,L_225_S,0.3525800784484698,-3.071992253509756
1,L_225_T,1.0920090908848636,-2.7422046070087776
1,L_225_V,1.0489761428076698,-2.650348835005116
1,L_225_W,0.0400360059609661,-4.041670858801973
1,L_225_Y,0.0290459709351134,-2.6423567844737765
1,P_226_A,0.1788110584157567,-2.796247179558592
1,P_226_C,0.1246889796506513,-4.371455079154591
1,P_226_D,0.3135442280200885,-2.9051180103611633
1,P_226_E,0.2955251599518517,-3.4307040497102745
1,P_226_F,0.0391923221789084,-3.3705897993824463
1,P_226_G,0.3787350552588227,-1.8180495070129217
1,P_226_H,0.2788352509840436,-2.716710007510806
1,P_226_I,0.0377225199986716,-3.977698460311328
1,P_226_K,0.3756799083258467,-3.357836003319875
1,P_226_L,0.068430479493695,-2.8392068054116217
1,P_226_M,0.0548565182248839,-3.5615836242865067
1,P_226_N,0.243567722666615,-2.7955903650850624
1,P_226_P,0.9965664195065728,0.0
1,P_226_Q,0.2686708797694,-3.4074329444592495
1,P_226_R,0.2585458166044875,-3.144882442911415
1,P_226_S,0.2806192466446325,-2.7818959873955036
1,P_226_T,0.318872119515211,-2.8035007557074842
1,P_226_V,0.0493158040722793,-3.195489899815562
1,P_226_W,0.0253773962815684,-3.979842083854587
1,P_226_Y,0.0622051081567819,-2.7942780289387112
1,A_227_A,1.2694634576299473,0.0
1,A_227_C,1.0686147728243551,-3.351309204292613
1,A_227_D,1.138910095565746,-2.7016334352593367
1,A_227_E,1.149372842565693,-2.6483459939950107
1,A_227_F,0.83201293726062,-2.9822574097545504
1,A_227_G,1.1118389792637462,-2.4397150574944697
1,A_227_H,1.1530945919505236,-3.377544312946957
1,A_227_I,1.0774596679767985,-3.5216193407854743
1,A_227_K,1.2041464510327688,-3.1308820393875556
1,A_227_L,1.007655064159285,-2.155632120172064
1,A_227_M,1.482478176038101,-3.332982484887045
1,A_227_N,1.2200987060577773,-2.707445527823303
1,A_227_P,1.2380914374365557,-2.963675794042413
1,A_227_Q,1.3163853414734008,-2.9154835372151573
1,A_227_R,1.0132104533620707,-3.17434517113145
1,A_227_S,1.1012521735630088,-2.937249813697115
1,A_227_T,1.1614506590487736,-2.6850302441523812
1,A_227_V,1.112104120683476,-3.118105452808573
1,A_227_Y,1.0538743479677617,-2.1913230762219955
1,G_228_A,0.6758045020893289,-3.467459529623367
1,G_228_C,0.6742127739296515,-5.562405257839178
1,G_228_D,0.8707128178239824,-3.7380931855733666
1,G_228_E,0.755953220709256,-3.4406722136597203
1,G_228_F,0.3216204097329627,-4.256460023883493
1,G_228_G,0.9965843796157114,0.0
1,G_228_H,0.8980912032930747,-4.027754281034011
1,G_228_I,0.0332534507002617,-4.558858080967784
1,G_228_K,0.8362677696246585,-3.7572554485515317
1,G_228_L,0.1692540037452516,-3.8132054030299134
1,G_228_M,0.3683680564427344,-4.295043489922651
1,G_228_N,1.00556815448001,-3.9398188725615633
1,G_228_P,0.3532968684438913,-3.397562090005991
1,G_228_Q,0.5967464014658102,-3.966291006603541
1,G_228_R,0.7725980099584374,-3.441553659287526
1,G_228_S,0.9217637048101924,-3.43277397163548
1,G_228_T,0.9696331088196404,-3.3676346694645165
1,G_228_V,0.0519207439916416,-3.7251289497866518
1,G_228_W,0.2410016395956894,-4.933796598416806
1,G_228_Y,0.3806985200548874,-4.161512097298124
1,W_229_A,0.0205264346055401,-2.4041946044468836
1,W_229_C,0.0092071914865547,-4.105850442030948
1,W_229_D,0.0012103817594371,-2.645043877801212
1,W_229_E,0.0014626759192994,-2.342801078685321
1,W_229_F,0.5363861409076381,-2.367704069390669
1,W_229_G,0.0082092086230806,-1.7946235518782458
1,W_229_H,0.0116437765307274,-2.7919239134145317
1,W_229_I,0.0062860879236545,-2.7668850489966945
1,W_229_K,0.0008594074277359,-2.628543286319276
1,W_229_L,0.0024824709774,-1.5305053802057258
1,W_229_M,0.0390571331280184,-2.699938450377957
1,W_229_N,0.0017343574301931,-2.6148561607568888
1,W_229_P,0.0008315040244794,-2.561102005523743
1,W_229_Q,0.0015249851047772,-2.5356634318850584
1,W_229_R,0.0013572553317708,-2.0565763783642073
1,W_229_S,0.0122908190285502,-2.1312454442914186
1,W_229_T,0.008692433658983,-2.0067912698180117
1,W_229_V,0.0083528130663421,-1.9646750160803879
1,W_229_Y,0.3917515442027007,-2.46740342961376
1,F_230_A,0.5814450929603827,-2.422067776989665
1,F_230_C,0.4048745505559925,-4.059850162432911
1,F_230_D,0.0237972201515518,-2.4938418079261426
1,F_230_E,0.097694074245317,-1.9451018069209263
1,F_230_F,1.2041464510327688,0.0
1,F_230_G,0.1607281874459933,-2.0711200161946657
1,F_230_H,0.341732145093939,-3.1663164176813723
1,F_230_I,0.461021157558955,-3.13732888080812
1,F_230_K,0.4562861810837673,-3.1188668179683834
1,F_230_L,0.3269001324205127,-2.124712110359504
1,F_230_M,0.8514601210669859,-2.8379146577327976
1,F_230_N,0.2480496568659345,-2.932488460478815
1,F_230_P,0.0016630080489589,-2.59327273791185
1,F_230_Q,0.2594853270088013,-2.5990572804333794
1,F_230_R,0.3990396103439473,-2.272266064615332
1,F_230_S,0.3971282417041323,-2.5290496955158805
1,F_230_T,0.4435445328336377,-2.1591428696369954
1,F_230_V,0.4012409802964505,-2.149844801719794
1,F_230_W,0.1470804974929805,-2.9664598177459482
1,F_230_Y,1.095543573696102,-2.805303072144037
1,I_231_A,0.1482672498059054,-2.3175849432071964
1,I_231_C,0.835657613874216,-4.242296933842454
1,I_231_D,0.0037666509610511,-2.7294398494141316
1,I_231_E,0.005522328274055,-2.5772891702535397
1,I_231_F,0.0484006041721359,-2.8151805782023085
1,I_231_G,0.0070992821433057,-2.1456432632814955
1,I_231_H,0.0098110065190793,-3.1623767781864958
1,I_231_I,1.1177006646129817,0.0
1,I_231_K,0.0070603179347744,-3.03951531488667
1,I_231_L,0.4122947131006759,-1.6724754595569138
1,I_231_M,0.5083256256231184,-2.7399847625907463
1,I_231_N,0.0133824480890109,-2.60777933701133
1,I_231_P,0.0008315040244794,-2.361984067272952
1,I_231_Q,0.0084447642675042,-2.7069669935620735
1,I_231_R,0.0046069969770167,-2.3735519283834114
1,I_231_S,0.0210342015702327,-2.2723027307616475
1,I_231_T,0.0226749293618264,-2.0065811184177433
1,I_231_V,0.7562252188028932,-1.8755454127383842
1,I_231_W,0.0129253205172898,-3.4691070456089728
1,I_231_Y,0.0534274461092968,-2.709534389067321
1,A_232_A,1.1405248388394502,0.0
1,A_232_C,1.1586580613526891,-4.4793131451226325
1,A_232_D,0.0008553644487525,-2.897791659670628
1,A_232_E,0.0016001854926932,-2.7838089715459384
1,A_232_F,0.0163372261851931,-3.077950693788673
1,A_232_G,0.9669390551799611,-2.429663226307227
1,A_232_H,0.0024712205124823,-3.1885314134484117
1,A_232_I,0.3586095631514403,-3.4347680777248
1,A_232_K,0.0015397372174462,-3.283062386890607
1,A_232_L,0.1415884871314718,-2.392309177686413
1,A_232_M,0.3760266626109153,-3.558982003711473
1,A_232_N,0.0017961480253011,-2.7073158181803256
1,A_232_P,0.0009139322653488,-2.7052532529939795
1,A_232_Q,0.005693458757229,-3.008625541188848
1,A_232_R,0.0050443638858855,-2.5905273887801457
1,A_232_S,0.3188692461991189,-2.5438682078584165
1,A_232_T,0.0090834046508395,-2.515064373254404
1,A_232_V,0.2592794672666408,-2.3734031419247943
1,A_232_W,0.0426463732467347,-3.376660446917521
1,A_232_Y,0.0303109077048101,-2.7595876039573097
1,D_233_A,0.2795915891896608,-2.918420963612028
1,D_233_C,0.0839552797899758,-4.776213846706851
1,D_233_D,0.8767666734966224,0.0
1,D_233_E,0.0947415356423024,-2.6212405748614254
1,D_233_F,0.0480007536143261,-3.1796240767505846
1,D_233_G,0.0956720861151853,-2.2586031705010257
1,D_233_H,0.1005455311858643,-3.4264841546821136
1,D_233_I,0.0748183451515579,-3.6829349040140897
1,D_233_K,0.0594203892670565,-3.4701838490299837
1,D_233_L,0.0673288142091815,-2.5878940477135752
1,D_233_M,0.0893120635705564,-3.293642655151526
1,D_233_N,0.1553361873760809,-2.669229580389417
1,D_233_P,0.0622492759401155,-2.512126324141487
1,D_233_Q,0.2167835012329778,-2.9996400198971522
1,D_233_R,0.0401660072698822,-2.716242540762863
1,D_233_S,0.1294136649654463,-2.669876620204938
1,D_233_T,0.084544567539303,-2.37109136827581
1,D_233_V,0.070168866448098,-2.745130381708612
1,D_233_W,0.031524446853489,-3.6600264132172224
1,D_233_Y,0.0662907261562776,-2.929267961911487
1,K_234_A,0.001828470373808,-2.089289850619684
1,K_234_C,0.0015902781797098,-3.8532400411493146
1,K_234_D,0.0010887586277015,-2.6013816407843713
1,K_234_E,0.0010476291814602,-2.3540974446588834
1,K_234_F,0.0008315040244794,-2.519739099708711
1,K_234_G,0.0010298520918299,-1.5824853157908094
1,K_234_H,0.0009180547830986,-1.902819284536646
1,K_234_I,0.0012509994465842,-2.7867848641157336
1,K_234_K,0.5487450274652464,0.0
1,K_234_L,0.0008420496175237,-1.5219567840685209
1,K_234_M,0.0008315040244794,-2.6648950465066976
1,K_234_N,0.0015933543546781,-2.3996419981333146
1,K_234_P,0.0008315040244794,-1.983875106497323
1,K_234_Q,0.0009180547830986,-2.5579928076681773
1,K_234_R,0.2754147758830722,-2.1473418625276484
1,K_234_S,0.0013889090701636,-2.289117324927254
1,K_234_T,0.0016817044137135,-1.995163569927594
1,K_234_V,0.0014193438622873,-1.873986060713441
1,K_234_W,0.0008315040244794,-2.8767715482690175
1,K_234_Y,0.0009139322653488,-2.3152845341347836
1,S_235_A,0.4785563995864871,-2.9755636645076957
1,S_235_C,0.0184006541610606,-4.453665574880718
1,S_235_D,0.0008315040244794,-2.7532558842408794
1,S_235_E,0.0017636214773488,-2.9780730761131218
1,S_235_F,0.0031379572139378,-3.006100388367776
1,S_235_G,0.7981201575285353,-2.489606107319715
1,S_235_H,0.0030260410344882,-3.127766924050559
1,S_235_I,0.0013799004124215,-3.5815602407892357
1,S_235_K,0.0021485455323595,-3.5366425104948784
1,S_235_L,0.0058885635656074,-2.279080367425738
1,S_235_N,0.0036810992576975,-2.8061346629735953
1,S_235_P,0.1453448508164969,-2.57204977653079
1,S_235_Q,0.0039401199517228,-3.0867892996179194
1,S_235_R,0.0029074719056681,-2.9949653696776237
1,S_235_S,1.0334172469942098,0.0
1,S_235_T,1.110128642368866,-2.4517896526620464
1,S_235_V,0.0448501887414284,-2.8567600785934157
1,S_235_W,0.0091740778582458,-3.2563080096734907
1,S_235_Y,0.0046160643991104,-2.1906822200016873
1,G_236_A,0.7180264359684293,-3.203493757312193
1,G_236_C,0.2815610871285583,-4.801502973922684
1,G_236_D,0.0008315040244794,-3.9128637733790277
1,G_236_E,0.001959321644171,-3.6020859861325953
1,G_236_F,0.0022981322954445,-3.562909179809029
1,G_236_G,1.14363832016641,0.0
1,G_236_I,0.0008315040244794,-4.067533798842477
1,G_236_K,0.0008315040244794,-3.911307352831368
1,G_236_L,0.0021943522762803,-2.743598517387219
1,G_236_M,0.1604954014490358,-3.9365055364360644
1,G_236_N,0.0025077399523479,-3.540119262383399
1,G_236_P,0.0008315040244794,-3.155616251780539
1,G_236_Q,0.0029524653970041,-3.8150079833752684
1,G_236_R,0.0010420150763123,-3.369851463117136
1,G_236_S,0.6093503532970719,-3.4960407734264543
1,G_236_T,0.0010014484441599,-2.871959802331562
1,G_236_V,0.0010119430856142,-3.253779291864378
1,G_236_W,0.0008315040244794,-4.078502830213051
1,G_236_Y,0.0048600290970412,-3.3983068020001754
1,A_237_A,1.1623067491936758,0.0
1,A_237_C,0.0476298847031449,-4.461535791837018
1,A_237_D,0.0129024143748317,-3.0634499108747186
1,A_237_E,0.0272001207561474,-3.3400722382521364
1,A_237_F,0.0128914277736496,-2.333999496307844
1,A_237_G,0.8758931955225681,-2.416436372063733
1,A_237_H,0.013960117227846,-2.9294677632279145
1,A_237_I,0.0587248879863225,-2.998855034246701
1,A_237_K,0.0133040643916716,-3.3142492071416587
1,A_237_L,0.234241867630437,-1.8596574654635099
1,A_237_N,0.1541340880744376,-2.9239624406325615
1,A_237_P,0.0009453891099221,-2.798107495506377
1,A_237_Q,0.0810109573327686,-3.513633232328514
1,A_237_R,0.0178065133858828,-3.3306047119137387
1,A_237_S,0.5026084622207616,-3.320059798737123
1,A_237_T,0.308341689187549,-2.682016377503462
1,A_237_V,0.1683469940985814,-2.648710241147544
1,A_237_W,0.0030958742045717,-3.417937374046698
1,A_237_Y,0.0193077500621121,-2.1164367059027724
1,G_238_A,0.7030478879577206,-3.596773487085982
1,G_238_C,0.0417756146904845,-5.664593133559843
1,G_238_D,0.1111147977961829,-3.885518823859093
1,G_238_E,0.018166809301679,-3.854790149137842
1,G_238_F,0.0047577473128149,-3.7344122864130638
1,G_238_G,0.98483631538073,0.0
1,G_238_H,0.0111873400552612,-4.130168580394272
1,G_238_I,0.010650189172873,-4.066989678772738
1,G_238_K,0.0023107664465104,-3.7869901024929753
1,G_238_L,0.0037221413702593,-3.1113474207423004
1,G_238_M,0.009538716477189,-4.06529044301978
1,G_238_N,0.3028102333637311,-3.555144167105998
1,G_238_P,0.0009250743010862,-3.2095394469215153
1,G_238_Q,0.0157816063183168,-3.8603074045125965
1,G_238_R,0.0023991622900822,-3.7541173574923947
1,G_238_S,0.3937707533506176,-3.5520907296191115
1,G_238_T,0.1893952254236391,-3.217507616570692
1,G_238_V,0.0064671283864818,-3.208097485604612
1,G_238_W,0.0035587143393399,-3.849303166921584
1,G_238_Y,0.0030564224265556,-3.61392288915894
1,E_240_A,1.2068947487834814,-2.100340882770633
1,E_240_C,1.004961941427057,-3.881274169534669
1,E_240_D,1.0981033682790953,-2.6770205057770218
1,E_240_E,1.1018759906591558,0.0
1,E_240_F,0.7023357933334312,-2.4625071797852525
1,E_240_G,1.2169373238928478,-1.9638559762736527
1,E_240_H,0.9285238460796446,-1.4430881975674357
1,E_240_I,0.795343435280239,-2.689737930249733
1,E_240_K,1.033280440792412,-3.031171258219849
1,E_240_L,1.0709104650554422,-1.796928940270294
1,E_240_M,1.469688966474907,-2.8006122919903933
1,E_240_N,1.188788336671108,-2.5527993793035977
1,E_240_P,1.3400918315351205,-2.600028262906077
1,E_240_Q,1.1680895385911074,-2.897639865595326
1,E_240_R,1.0823483248002468,-2.638188695921358
1,E_240_S,1.256130946076063,-2.7920692879684474
1,E_240_T,0.9010280138268278,-2.2029182947862727
1,E_240_V,0.7761787637405998,-2.0120682727587007
1,E_240_W,0.8164321311166622,-2.4449865159670625
1,E_240_Y,0.9878041032200316,-2.252364153687739
1,R_241_A,0.7038792523233669,-2.319891123441935
1,R_241_C,1.1767728498186931,-4.035974898754532
1,R_241_D,0.3892127473530694,-2.3049740367386966
1,R_241_E,0.5033022200433043,-3.0258366171451905
1,R_241_F,1.132335020128569,-2.034668720898393
1,R_241_G,0.9536348515491018,-1.7647444317473169
1,R_241_H,1.1994315827354785,-2.9057143991356362
1,R_241_I,0.464900817100474,-2.621934009354916
1,R_241_K,1.030101048550369,-2.990180165925828
1,R_241_L,0.8009115702675274,-1.883315767413405
1,R_241_M,1.1953000919798349,-3.000401719997368
1,R_241_N,1.248101156221477,-2.239403872529248
1,R_241_P,0.6463152180476934,-2.1879505909403316
1,R_241_Q,0.97437556982336,-2.7582616679925023
1,R_241_R,1.1701389593589937,0.0
1,R_241_S,0.9202832443406356,-2.3874399513566527
1,R_241_T,0.747245840636057,-1.9144260153337687
1,R_241_V,0.664565758907289,-2.2517463957276345
1,R_241_W,0.8290602566189855,-2.82112894605277
1,R_241_Y,1.0494619546335648,-1.98465830032373
1,G_242_A,0.0984237207596117,-3.2326765693383255
1,G_242_C,0.044525168048183,-4.850114524439507
1,G_242_D,0.0125438573344531,-3.46683675685904
1,G_242_E,0.0040932680661763,-3.8122105290935453
1,G_242_F,0.0094849696103995,-3.1515924182527426
1,G_242_G,1.0641974610142433,0.0
1,G_242_H,0.0560742747658089,-3.767696921691374
1,G_242_I,0.0014684642579802,-3.5323828347569073
1,G_242_K,0.0097874847280293,-4.131197830700511
1,G_242_L,0.0027044693573065,-2.680487265121074
1,G_242_M,0.0100871321014864,-3.918678026757357
1,G_242_N,0.1629662212536211,-3.498552970238503
1,G_242_P,0.0021142052630659,-3.5541228213933165
1,G_242_Q,0.0207732084041532,-3.8952211264033147
1,G_242_R,0.0098947904281375,-3.864777374988587
1,G_242_S,0.1221459442962962,-3.18066640049258
1,G_242_T,0.0129974450547413,-3.0664196150481766
1,G_242_V,0.0019560894588084,-3.0074634479150584
1,G_242_W,0.0032622131314413,-3.893676724551936
1,G_242_Y,0.0075253628781177,-3.1649062243809736
1,S_243_A,1.0828338303267728,-2.649712478629202
1,S_243_C,0.4854450374260234,-4.852416521730064
1,S_243_D,0.168719527679766,-2.8419187946557
1,S_243_E,0.5805043836256492,-3.8141999433516847
1,S_243_F,0.0340486608246672,-2.556999918214615
1,S_243_G,0.9986221878645676,-2.335074596188892
1,S_243_H,0.267441983790445,-2.21493028434683
1,S_243_I,0.0031428303145655,-3.6315541849014594
1,S_243_K,0.0036859345438164,-3.471631816421126
1,S_243_L,0.0102039805662062,-2.302370569771085
1,S_243_M,0.0426007566914922,-3.4661221606101598
1,S_243_N,0.3885978614697568,-2.9933750454186714
1,S_243_P,0.0049135033901877,-3.0551775867373663
1,S_243_Q,0.3930067146210916,-2.724708239080377
1,S_243_R,0.007780787350689,-3.024681950043713
1,S_243_S,1.03003607554051,0.0
1,S_243_T,0.3997970873185706,-2.712350358233777
1,S_243_V,0.0125681217055748,-2.564220166188102
1,S_243_W,0.0023782891897763,-3.116200739687206
1,S_243_Y,0.0277783143571709,-2.414858767545871
1,R_244_A,0.0646797479322068,-1.9653317706239872
1,R_244_C,0.0638217450616814,-3.3341900106620206
1,R_244_D,0.0067474536023152,-2.195362994453619
1,R_244_E,0.0295790569447563,-2.6368358403044447
1,R_244_F,0.0181040322086357,-2.1878320282524553
1,R_244_G,0.1326265821355485,-1.6491035162658436
1,R_244_H,0.0746312089441692,-2.7514752078578617
1,R_244_I,0.033896141500412,-3.042300948412611
1,R_244_K,0.269278671000253,-2.8277585126074896
1,R_244_L,0.0385675113598508,-1.9687696768893348
1,R_244_M,0.0612732364489014,-3.1841431386460886
1,R_244_N,0.0771162584632602,-2.2863090607611634
1,R_244_P,0.0008315040244794,-1.8235760325765602
1,R_244_Q,0.0907841888226176,-2.7236182533548954
1,R_244_R,1.0962978905913665,0.0
1,R_244_S,0.2419330659289432,-2.240084771876909
1,R_244_T,0.1605047464636275,-1.7855875348443324
1,R_244_V,0.0521241537573283,-2.1771709464663407
1,R_244_W,0.0088793997378005,-3.027300667153115
1,R_244_Y,0.0116841764979557,-1.7895379799172404
1,G_245_A,0.7651894387317151,-3.2584357562808464
1,G_245_C,0.3131940840100079,-4.640728511420731
1,G_245_D,0.0015327773540232,-3.449617620737204
1,G_245_E,0.0022832046075041,-3.6104247095887017
1,G_245_F,0.0008315040244794,-3.391165545656034
1,G_245_G,1.1586580613526891,0.0
1,G_245_H,0.0096477541982908,-4.123533439369262
1,G_245_I,0.0008587482453783,-4.428507008931101
1,G_245_K,0.0008315040244794,-3.809070344239836
1,G_245_L,0.0008354886595961,-2.9229950974919583
1,G_245_M,0.0145629442077718,-4.106535863000693
1,G_245_N,0.0297634972795306,-3.726356552121195
1,G_245_P,0.0008392241801516,-3.6036065013569223
1,G_245_Q,0.0070546678121896,-3.5127332065075905
1,G_245_R,0.0009534063578708,-3.723799005970082
1,G_245_S,0.4436453851564082,-3.345520038166074
1,G_245_T,0.0102553238883778,-3.0242864315430587
1,G_245_V,0.002957316086841,-3.2528379807680157
1,G_245_W,0.0008315040244794,-3.875186372316156
1,G_245_Y,0.0008527289556004,-3.7980052244273637
1,I_246_A,0.0541526919457828,-1.816605467814586
1,I_246_C,0.4840392242801542,-3.6060666138061723
1,I_246_D,0.0122314043486259,-2.0021535773040364
1,I_246_E,0.0422163267910116,-2.5947161717595533
1,I_246_F,0.1980744726892714,-1.7218393007452064
1,I_246_G,0.0017527782062035,-1.7720536682299743
1,I_246_H,0.013357583691977,-2.554455456971789
1,I_246_I,1.0113363348638853,0.0
1,I_246_K,0.0008855858963015,-3.080474519923875
1,I_246_L,0.878098609256546,-1.5311117060546702
1,I_246_M,0.3291702520199542,-2.371973502390981
1,I_246_N,0.0100578298777308,-2.439993082071217
1,I_246_P,0.0008509393131337,-2.5259905370459714
1,I_246_Q,0.0328859889645275,-2.2786336227825688
1,I_246_R,0.0008409029149729,-2.5316190697290715
1,I_246_S,0.0104902863293476,-1.660156464750852
1,I_246_T,0.0744128645158712,-1.4421421414900581
1,I_246_V,0.8898104005230341,-1.854115725625017
1,I_246_W,0.0950756604975717,-2.437421284682846
1,I_246_Y,0.2579241677671849,-1.729824213941839
1,I_247_A,0.3856946037868454,-2.221746537234682
1,I_247_C,0.6162654716467294,-3.7326174383993633
1,I_247_D,0.0008800230098293,-2.0882151446101584
1,I_247_E,0.0025652393647937,-2.602799799412455
1,I_247_F,0.0400343686946104,-1.5835697164123599
1,I_247_G,0.0072064920040353,-1.4649922102287665
1,I_247_H,0.0016947445734273,-2.4211391811752745
1,I_247_I,1.0152491832386796,0.0
1,I_247_K,0.0009103947551344,-2.816326706525203
1,I_247_L,0.6334584362723344,-1.4646745986650371
1,I_247_M,0.5442501731925659,-2.6137615434545993
1,I_247_N,0.0059746970040775,-2.1864918053795805
1,I_247_P,0.0008776862136188,-2.1677149507082842
1,I_247_Q,0.0022404997279083,-2.366463184828584
1,I_247_R,0.0008737086333352,-2.483366326015528
1,I_247_S,0.0385174196144936,-1.7205815097248456
1,I_247_T,0.3728124298932076,-1.861759548631197
1,I_247_V,1.0557021562679876,-1.7906589959135188
1,I_247_W,0.0008315040244794,-2.761420315338331
1,I_247_Y,0.0068991907612681,-1.4790679384629515
1,A_248_A,1.1444685884352617,0.0
1,A_248_C,0.8514601210669859,-4.264238654385031
1,A_248_D,0.00085811930826,-3.268879399035173
1,A_248_E,0.0008435983341048,-2.9971127818892924
1,A_248_F,0.0263301375186373,-2.4012384903015205
1,A_248_G,0.6842644335851009,-2.1320215313719886
1,A_248_H,0.0008315040244794,-2.9724636466146372
1,A_248_I,0.0142413020670118,-3.9941148941466267
1,A_248_K,0.00084971159171,-3.4689005329285294
1,A_248_L,0.0464806117384799,-2.346757746850225
1,A_248_M,0.0930701838024064,-3.131408408406574
1,A_248_N,0.0018119039147246,-3.263048478724384
1,A_248_P,0.0008433498571378,-2.9543675043742184
1,A_248_Q,0.0017348016870354,-3.1614158331805715
1,A_248_R,0.0008505123861085,-2.748972329690941
1,A_248_S,0.7632982911722264,-2.6279493004573418
1,A_248_T,0.1922920291359929,-2.3760189189694048
1,A_248_V,0.118697451636599,-2.62303226535092
1,A_248_W,0.0035008571414327,-3.0520716661700527
1,A_248_Y,0.0034824959650958,-2.6403487153623817
1,A_249_A,1.0334416018297303,0.0
1,A_249_C,0.9803717831824244,-4.2824147630155345
1,A_249_D,0.0314514396551445,-3.1407188882111026
1,A_249_E,0.2829597719680836,-3.1247822959482923
1,A_249_F,0.9352525287170692,-2.431635115388344
1,A_249_G,0.2985200766167037,-1.9998398660283636
1,A_249_H,0.1064325151333732,-2.555054062286982
1,A_249_I,1.0832594833089395,-3.3039467861894813
1,A_249_K,0.0370768596807259,-3.3636114670054864
1,A_249_L,1.1712190030059688,-2.654902192118067
1,A_249_M,1.2690675531202629,-2.977999175658743
1,A_249_N,0.2008457538950575,-3.157934503265192
1,A_249_P,0.0010698667711876,-3.5121318535733543
1,A_249_Q,0.220501116602733,-2.848528919320132
1,A_249_R,0.0113393430255653,-3.135711366480481
1,A_249_S,0.6355756975363597,-2.50384461713855
1,A_249_T,0.9324038499888552,-2.515059687958688
1,A_249_V,1.0466171951112615,-2.359682202272918
1,A_249_W,0.238008477575836,-2.5253161881258777
1,A_249_Y,0.9363422527364968,-2.964439645873113
1,L_250_A,0.14835041488156,-3.1246726318269014
1,L_250_C,0.3706195440095252,-5.023549865815655
1,L_250_D,0.0009551473050929,-3.5834527987027913
1,L_250_E,0.0056773738750468,-3.9350386731340485
1,L_250_F,0.1724726928104896,-2.607097826085984
1,L_250_G,0.0021348808463861,-2.6815508042807314
1,L_250_H,0.0024650070133031,-3.7614977987294846
1,L_250_I,0.9006833309167258,-3.389296784261834
1,L_250_K,0.0008623988451585,-4.343045078670894
1,L_250_L,1.086355181727904,0.0
1,L_250_M,1.217684065165496,-3.569268163710835
1,L_250_P,0.0014334674558307,-3.660128166361761
1,L_250_Q,0.005467671816314,-3.8952324227336304
1,L_250_R,0.0015990235108491,-3.6322429628722244
1,L_250_S,0.0084915160501966,-3.103086382421507
1,L_250_T,0.314364642254134,-3.014358266812822
1,L_250_V,0.891054059509138,-2.724992975650215
1,L_250_W,0.3511678966667155,-3.520030972265295
1,L_250_Y,0.0415157297117087,-2.995666133800669
1,G_251_A,0.034370838708024,-3.3226538757816586
1,G_251_C,0.0090431986241251,-4.909836394580516
1,G_251_D,0.0053168171483733,-2.7004584311939985
1,G_251_E,0.0016364155496675,-3.411624117256623
1,G_251_F,0.0033260160979179,-2.8638427869682035
1,G_251_G,1.1131197960728645,0.0
1,G_251_H,0.0447493602210451,-4.049635129357391
1,G_251_K,0.0064701320256255,-3.9680364854745123
1,G_251_L,0.0010390205232015,-2.504142122112933
1,G_251_M,0.0025206488500472,-3.820839564611832
1,G_251_N,0.0262343865715537,-3.5551363988788274
1,G_251_P,0.0008315040244794,-3.5801377010842415
1,G_251_Q,0.0034603980751755,-4.017759920826936
1,G_251_R,0.0070381201903927,-3.4677135839076674
1,G_251_S,0.0374746513617622,-2.8026726411624594
1,G_251_T,0.0022461020099367,-2.779101558513113
1,G_251_V,0.0017764945359215,-2.686377364116795
1,G_251_W,0.0073576760182652,-3.3748745750478832
1,G_251_Y,0.0024207630154907,-3.204653425188013
1,P_252_A,0.543489424008905,-2.2978455086666494
1,P_252_C,0.379936933223328,-4.3054812374829226
1,P_252_D,0.4400166030008124,-2.9447928272682002
1,P_252_E,0.4669512571113786,-2.8618724197670478
1,P_252_F,0.1316077968702696,-2.2530876080251563
1,P_252_G,0.1416606396300132,-2.4632090530967075
1,P_252_H,0.3836024571502844,-1.9549981206230607
1,P_252_I,0.3285657184030279,-2.36010627709438
1,P_252_K,1.0598057549470905,-3.236003371704781
1,P_252_L,0.2622847561749954,-2.2759540871847954
1,P_252_M,0.5230010930009954,-3.3929428552273206
1,P_252_N,0.5217186336771974,-2.349456549177722
1,P_252_P,0.7741638605895089,0.0
1,P_252_Q,0.6635889953500054,-3.1834255556248694
1,P_252_R,0.7180856644730721,-2.8391441686894914
1,P_252_S,0.52562830312821,-2.7467454281687806
1,P_252_T,0.4693411518641086,-2.6492169212176897
1,P_252_V,0.3416149142234305,-1.9303142157621047
1,P_252_W,0.0705807155553475,-2.4397475664177097
1,P_252_Y,0.1853097720047626,-2.674553057479761
1,D_254_A,1.101931746713011,-2.641963737536831
1,D_254_C,0.9901080411702704,-4.317409679087872
1,D_254_D,1.3033132416622306,0.0
1,D_254_E,1.1565293403576855,-2.7990555959549046
1,D_254_F,1.0012323888584644,-2.704448568646445
1,D_254_G,1.060828813530729,-2.2719964719681864
1,D_254_H,1.1798462480027014,-3.3836257897661897
1,D_254_I,0.7179935886518026,-3.621325638854609
1,D_254_K,1.0877853239158164,-3.6375861597263928
1,D_254_L,0.9676517733565032,-2.8074671628591883
1,D_254_M,0.9946837870752416,-3.9767445642066175
1,D_254_N,1.2102095434619549,-2.9021277810947184
1,D_254_P,0.6144735714460191,-3.3351109180967757
1,D_254_Q,1.3969659597415611,-3.270090684807304
1,D_254_R,1.079632166867742,-3.137850114615789
1,D_254_S,1.1320054206804977,-2.888647619538026
1,D_254_T,0.8929416853837094,-2.571796812495589
1,D_254_V,0.8385593881945124,-2.8781322755385044
1,D_254_W,0.8013535912768487,-3.45055637963958
1,D_254_Y,0.9380370857478936,-2.844532954560137
1,G_255_A,0.9737928862763064,-3.4174373457129072
1,G_255_C,0.7126441978567509,-5.565871758879693
1,G_255_D,0.8796916764704765,-3.6628866545414165
1,G_255_E,0.8621607956643488,-3.326593452922025
1,G_255_F,0.5089468358593517,-3.6641405732010077
1,G_255_G,1.0586090308870064,0.0
1,G_255_H,1.2041464510327688,-4.0873276641085905
1,G_255_I,0.4121892734267504,-4.009941000493163
1,G_255_K,1.1256738356508944,-3.964872715091458
1,G_255_L,0.6734603276123602,-2.8263880351759703
1,G_255_M,0.8514601210669859,-4.319129278165908
1,G_255_N,1.2275560222362611,-3.7755138315769305
1,G_255_P,0.4983681813635965,-3.1260855443721645
1,G_255_Q,0.874465193548158,-3.5526508245204154
1,G_255_R,0.8465832599118446,-3.4312579013315374
1,G_255_S,0.9148897890101244,-3.589226330006967
1,G_255_T,0.8057280389574382,-3.403805196922851
1,G_255_V,0.4113692515949038,-3.1057802782114186
1,G_255_W,0.4315844727631434,-4.634568234616364
1,G_255_Y,0.7273581710049786,-3.8819657950705584
1,K_256_A,1.060749402968975,-1.8301310451854713
1,K_256_C,1.0100228043722803,-4.059906468165881
1,K_256_D,0.7057249235782986,-1.679537627284226
1,K_256_E,1.1833450976437476,-2.4354704801543283
1,K_256_F,0.8332150864579629,-1.9530659522979141
1,K_256_G,0.8153610053177501,-1.8330032348095655
1,K_256_H,1.1631288023984734,-2.597680402078959
1,K_256_I,0.9539230951608356,-2.3784580197554908
1,K_256_K,0.9710825632702306,0.0
1,K_256_L,0.8098473302481186,-1.6487659686174723
1,K_256_M,1.0991832056746382,-2.797664755715952
1,K_256_N,0.9318817913707294,-2.315937662774159
1,K_256_P,0.1657728749930669,-2.9163916328770414
1,K_256_Q,0.9238034675977468,-2.3628647616631984
1,K_256_R,1.0789588673093815,-2.3596127262768185
1,K_256_S,1.0469582167433389,-2.2029142743707624
1,K_256_T,0.9333310950458747,-2.0686891599008677
1,K_256_V,1.1361835075862443,-1.7292739626166622
1,K_256_W,0.7023357933334312,-3.0641886026603906
1,K_256_Y,0.985632591293172,-2.1139963191105515
1,P_257_A,1.0294122577074971,-2.2633350139140473
1,P_257_C,0.932028429297397,-3.978891172348528
1,P_257_D,0.4081413725854713,-2.9633225263283896
1,P_257_E,0.3308788236151493,-2.5134515682776666
1,P_257_F,0.7099138506331735,-2.656552411918341
1,P_257_G,0.6198520740672478,-2.1350612569549297
1,P_257_H,0.7944403839334219,-3.053892112582589
1,P_257_I,0.7960460890167325,-3.2655412844710674
1,P_257_K,0.4712870244900905,-3.3788699697780697
1,P_257_L,0.7473686051887944,-1.9396037238920694
1,P_257_N,0.5521035821038021,-2.742504803317106
1,P_257_P,0.9554358173360072,0.0
1,P_257_Q,0.5409960128903339,-2.7778380781259253
1,P_257_R,0.5882078188075082,-2.7018521711480044
1,P_257_S,0.6323787816850197,-2.664352763481928
1,P_257_T,0.5161237293107902,-2.3160921341191725
1,P_257_V,0.6046548942360961,-2.5875077417211654
1,P_257_W,0.4056321382100167,-3.7389793761654375
1,P_257_Y,0.0385091173564882,-2.9199272878917553
1,S_258_A,1.219325128596629,-2.349853097745406
1,S_258_C,1.1766439799438428,-4.583609132833025
1,S_258_D,1.0355906656651148,-2.797984652172475
1,S_258_E,1.0727722818152765,-2.3117670291919175
1,S_258_F,0.5665726503616377,-2.9110672139242113
1,S_258_G,1.035817520601775,-1.9471764766405237
1,S_258_H,1.1103310347237672,-3.4474830680634083
1,S_258_I,0.8072502381819033,-3.448956907681705
1,S_258_K,1.1871176050803716,-3.294806227854451
1,S_258_L,0.823931820885961,-2.409587452576457
1,S_258_M,1.1115908518416806,-3.9207320165758235
1,S_258_N,1.0894249902986153,-2.8614980578948006
1,S_258_P,0.3771436045561189,-3.474350355770416
1,S_258_Q,1.2406652150026205,-2.7040740527225706
1,S_258_R,0.9298016342009482,-3.12328871641384
1,S_258_S,1.0390865781506335,0.0
1,S_258_T,1.1623067491936758,-2.7303260036986603
1,S_258_V,0.959857314786346,-2.849277946560023
1,S_258_W,0.7159897635367224,-3.6455389556948177
1,S_258_Y,0.8004825545733565,-3.1813872450170213
1,R_259_A,0.0766156999238686,-1.7840628946760666
1,R_259_C,0.0486633303393919,-3.568184574456009
1,R_259_D,0.0014855571952745,-2.455183548335794
1,R_259_E,0.0362080644172715,-2.493033772466892
1,R_259_F,0.0129091056768807,-2.2764398128897256
1,R_259_G,0.0123821604260766,-1.5371799984579644
1,R_259_H,0.2234623781521669,-3.0248496721247213
1,R_259_I,0.2246155738833855,-2.903705288765633
1,R_259_K,0.9492591245521632,-2.751473995324178
1,R_259_L,0.2012786235586184,-1.621032960312626
1,R_259_M,0.2289768841331991,-3.10499760418937
1,R_259_N,0.0102842604802609,-2.644098220599395
1,R_259_P,0.0008315040244794,-3.25846452330623
1,R_259_Q,0.0480024172225057,-2.70181508095722
1,R_259_R,1.1982831620956174,0.0
1,R_259_S,0.0466586335301901,-2.5385651572748458
1,R_259_T,0.1352404724722924,-2.1529647901931206
1,R_259_V,0.3155756655416647,-2.27703736295232
1,R_259_W,0.0018361096934666,-3.151191961176773
1,R_259_Y,0.0089529687541752,-2.6854955891286165
1,I_260_A,0.1441884857030795,-1.4567374782871725
1,I_260_C,0.330334112934761,-3.502966141505897
1,I_260_D,0.0013906218386941,-2.069734612423118
1,I_260_E,0.0048542541731459,-2.5226769911267954
1,I_260_F,0.2273912848363954,-2.276779694186307
1,I_260_G,0.0100825954001889,-1.3297864384236755
1,I_260_H,0.0010650625429047,-3.1319240586204473
1,I_260_I,1.1811833018369116,0.0
1,I_260_K,0.0009646524445508,-2.8472270630121175
1,I_260_L,0.9075417172945676,-1.5713508287804911
1,I_260_M,0.4134420021213311,-2.9265226656826564
1,I_260_N,0.0019399471522779,-2.575934167800327
1,I_260_P,0.0008315040244794,-2.908482489124925
1,I_260_Q,0.0022297346795593,-2.793750056006749
1,I_260_R,0.0009159432700387,-2.8931066687628135
1,I_260_S,0.0041379423661787,-2.3037562818845108
1,I_260_T,0.0216924056823194,-1.8047186138705609
1,I_260_V,0.8597742850769693,-2.1976148212436137
1,I_260_W,0.002932186668947,-3.02195421207491
1,I_260_Y,0.0339041072463139,-2.7969432465859025
1,V_261_A,0.2437818910295996,-2.186883223541487
1,V_261_C,0.4434473919136386,-3.713219090918709
1,V_261_D,0.0013435994883379,-3.4247334828672416
1,V_261_E,0.0109596828958375,-3.673812889156983
1,V_261_F,0.1122614004116342,-2.930184181006419
1,V_261_G,0.0024659776963649,-2.1921380963798467
1,V_261_H,0.0025027926134314,-3.5908022918472207
1,V_261_I,0.8658006967241751,-3.649384193472025
1,V_261_K,0.0011546688451862,-4.12271159069685
1,V_261_L,0.667416781255051,-2.033032079436103
1,V_261_M,0.1970863638331216,-3.484304443112577
1,V_261_N,0.004288466501132,-3.561367791272169
1,V_261_P,0.0008315040244794,-3.6094675860665792
1,V_261_Q,0.0030354850152101,-3.828994496910602
1,V_261_R,0.0009000525561325,-4.036911600893523
1,V_261_S,0.0417017537358345,-3.265775101471882
1,V_261_T,0.2914353661750128,-2.820351681062111
1,V_261_V,0.984293768850458,0.0
1,V_261_W,0.0092015707148268,-3.5260859771275324
1,V_261_Y,0.1514051166818656,-3.4175305705731867
1,V_262_A,0.6213447495043237,-2.605186654709205
1,V_262_D,0.0028467293786145,-3.325706023145071
1,V_262_F,0.0105594453451457,-2.7699202987611207
1,V_262_G,0.1278984660631353,-2.6032598718395064
1,V_262_I,0.7944403839334219,-3.759313692041479
1,V_262_N,0.0133040643916716,-3.561566364708468
1,V_262_R,0.0008315040244794,-3.793531649351821
1,V_262_S,0.0763097318175122,-3.0183962352128484
1,V_262_T,0.3483324701734088,-3.0585503284362283
1,V_262_V,0.8917293866428071,0.0
1,V_262_Y,0.0031135426706703,-3.845491388282535
1,I_263_A,0.0525248106628624,-1.5089979214655944
1,I_263_C,0.4442823909438789,-3.809877014614541
1,I_263_D,0.0009067615684371,-2.3866317784619384
1,I_263_E,0.000969973441672,-2.756793169859031
1,I_263_F,0.4044229759523775,-2.2833267619862068
1,I_263_G,0.0022246035456659,-1.3299543552075206
1,I_263_H,0.0012700683606708,-3.179754350360951
1,I_263_I,1.1920525749466366,0.0
1,I_263_K,0.0008708294791433,-3.4811457007377653
1,I_263_L,0.8349194171259346,-1.5988591151459843
1,I_263_M,0.4479904448561594,-2.6887918700943714
1,I_263_N,0.0020474030688234,-2.5103357993659965
1,I_263_P,0.0008315040244794,-2.654211536497594
1,I_263_Q,0.0016034319772273,-3.586733463300333
1,I_263_R,0.0008503054861562,-3.033632356386102
1,I_263_S,0.0040991416689249,-2.211867798004062
1,I_263_T,0.0479998552898823,-2.406680842692046
1,I_263_V,1.0542279644565995,-1.9130411609992173
1,I_263_W,0.0355175989512023,-3.4569020891277757
1,I_263_Y,0.0866723040160457,-3.182784655710135
1,Y_264_A,0.0113404277344864,-1.5762307363442996
1,Y_264_C,0.049564358440265,-3.4976237575863975
1,Y_264_D,0.0009364177271975,-2.6648214665513907
1,Y_264_E,0.0010971761381401,-2.737943731380354
1,Y_264_F,1.3888519969008832,-2.1107153344269367
1,Y_264_G,0.0011333583976254,-1.3413576842239148
1,Y_264_H,0.0031690001132688,-2.3819586805355577
1,Y_264_I,0.5261575878840151,-2.9397645132257444
1,Y_264_K,0.0010698667711876,-3.146863074356609
1,Y_264_L,0.8564766776967015,-0.9814740143483838
1,Y_264_N,0.0020652195371407,-1.8936059126216263
1,Y_264_P,0.0008315040244794,-2.102157824991714
1,Y_264_Q,0.008662282067712,-2.8548650694392603
1,Y_264_R,0.0008315040244794,-2.433167225569274
1,Y_264_S,0.0124957808452705,-2.1343189146911956
1,Y_264_T,0.0548737076031873,-2.809402695362499
1,Y_264_V,0.3555220304890283,-1.5412386524168062
1,Y_264_W,0.0116265499489232,-3.0434074861083116
1,Y_264_Y,1.1798462480027014,0.0
1,T_265_A,0.6856341465093613,-2.3583497955752613
1,T_265_D,0.0024712205124823,-2.9710703667357974
1,T_265_E,0.2907822005996185,-3.1150376591723576
1,T_265_G,0.0418640839295661,-1.9329334445612931
1,T_265_H,0.2747958014186595,-2.12934436827105
1,T_265_I,1.0065297862768918,-3.272147796619814
1,T_265_K,0.0384712860061035,-2.644000285464778
1,T_265_L,0.8514601210669859,-1.7511557108569662
1,T_265_M,1.3852427982518396,-2.817651055331398
1,T_265_N,0.0342699967823011,-2.3555804778264564
1,T_265_Q,0.4331716909104764,-3.401932019885888
1,T_265_R,0.0325394542948844,-2.3272252520713312
1,T_265_S,0.7534271182949224,-2.365586119943777
1,T_265_T,1.1345749107244396,0.0
1,T_265_V,1.0573924030160704,-2.5005550976733213
1,T_265_W,0.0645154661638488,-3.071099956140939
1,T_265_Y,0.3010366127581921,-3.8224707969797853
1,T_266_A,0.5375459047033108,-2.0616061760401756
1,T_266_C,0.8130093598202879,-4.059605221275337
1,T_266_D,0.4415482087211585,-2.7435800560019965
1,T_266_E,0.7329541541774237,-3.4926693518534053
1,T_266_F,0.1505183063790961,-2.4043748305247146
1,T_266_G,0.1984838963471235,-1.8890832116445362
1,T_266_H,1.1586580613526891,-3.484598283019615
1,T_266_I,0.7202810564097565,-3.3707529649982684
1,T_266_K,0.6758045020893289,-3.2908206265097633
1,T_266_L,0.3706195440095252,-1.9544263167794982
1,T_266_M,0.7209698661770999,-3.096430903502327
1,T_266_N,0.7883454553324866,-1.776348582301096
1,T_266_P,0.002564709015845,-2.637530122874603
1,T_266_Q,0.0049833933421753,-3.357923138265548
1,T_266_R,0.4959786300992588,-3.3410688067105676
1,T_266_S,0.9138643041610232,-2.262621327910467
1,T_266_T,1.1530945919505236,0.0
1,T_266_V,0.4966264021361027,-2.690602357265499
1,T_266_W,0.4890354202076113,-3.3636049717329835
1,T_266_Y,1.6307220106355005,-3.210676039156044
1,G_267_A,0.4652944444140521,-3.042737968615988
1,G_267_D,0.6984829798707812,-3.729777223841667
1,G_267_E,0.3379022510446643,-3.838300154604003
1,G_267_F,0.1111446851515906,-3.679634794422219
1,G_267_G,1.0012323888584644,0.0
1,G_267_H,0.3607023847778352,-4.3287219851881344
1,G_267_I,0.0589268871284449,-4.064086712931569
1,G_267_K,0.2478472001967814,-4.0850999025303905
1,G_267_L,0.276051791051901,-2.600516300435108
1,G_267_M,0.3492414899353906,-4.1887458871209695
1,G_267_P,0.0930701838024064,-3.495598706561024
1,G_267_Q,0.3669676686926643,-3.9703243879379566
1,G_267_R,0.360723887125042,-3.60167325295251
1,G_267_S,0.5024809707135289,-3.252526575434566
1,G_267_T,0.2128650302667464,-3.8893553254042907
1,G_267_V,0.0878440186962733,-3.342060021856904
1,G_267_W,0.103179972101052,-4.273618225861854
1,S_268_A,0.6183402682695087,-2.634475763443111
1,S_268_C,0.3864827334344844,-4.461540177485922
1,S_268_D,0.0978055312085054,-3.002665829894081
1,S_268_E,0.0958216765834032,-3.525373929361875
1,S_268_F,0.0975990467057456,-2.6642199895731666
1,S_268_G,0.8514601210669859,-2.3047762390663014
1,S_268_I,0.1164127407008578,-3.475612419802808
1,S_268_K,0.2128650302667464,-3.5624977172360768
1,S_268_L,0.0685049414028722,-2.4488701314479675
1,S_268_M,0.2339666599292996,-3.3457284476353295
1,S_268_N,0.4411352238167948,-2.9570498135346672
1,S_268_P,0.0325131662197052,-2.820632416021009
1,S_268_Q,0.2864950001336074,-3.7336863171604766
1,S_268_R,0.1285799737672662,-3.2439064629102785
1,S_268_S,0.89883977137066,0.0
1,S_268_T,1.0125624341139372,-2.5923149526188336
1,S_268_V,0.1214544172773509,-2.650148175850744
1,S_268_W,0.0537038328190416,-3.835661386988026
1,S_268_Y,0.0839634854554871,-3.155520893042587
1,Q_269_A,1.189333953341209,-1.477728567079523
1,Q_269_C,0.7534271182949224,-3.16525712063084
1,Q_269_D,0.9878041032200316,-1.9514734457406446
1,Q_269_E,1.1530945919505236,-2.40515356964025
1,Q_269_F,1.0991832056746382,-1.5243933319366427
1,Q_269_G,1.2041464510327688,-1.2586750010168395
1,Q_269_H,1.2041464510327688,-2.6143985459520067
1,Q_269_I,1.0514344181273223,-2.0275144081869634
1,Q_269_K,1.3005500013269262,-2.347568365561222
1,Q_269_L,1.1811833018369116,-0.9633486939821918
1,Q_269_M,0.9400880978930006,-2.402960586305243
1,Q_269_N,0.6600576158315845,-1.6886801348222937
1,Q_269_P,0.9147559924528964,-1.6674591793394067
1,Q_269_Q,1.0573924030160704,0.0
1,Q_269_R,1.0500440612888504,-2.249905796998622
1,Q_269_S,1.3449801367787573,-1.7667141374347477
1,Q_269_T,1.1301089514929052,-1.431070401275177
1,Q_269_V,1.0069177673797065,-1.2873343125604577
1,Q_269_W,0.8514601210669859,-2.2166310081137466
1,Q_269_Y,0.9499383990021284,-1.9913080153266052
1,A_270_A,1.1180671724845344,0.0
1,A_270_C,1.1205731786427409,-4.88648588215756
1,A_270_D,0.6020732255163843,-3.598454774824716
1,A_270_E,0.9701272270413062,-3.5678117087126275
1,A_270_F,0.4669512571113786,-3.071911735163315
1,A_270_G,1.052821507594464,-2.3683759301112586
1,A_270_H,0.7905167115409083,-3.952909513996366
1,A_270_I,0.3241127919587761,-3.2749987886785026
1,A_270_K,1.0885750435516894,-3.7394905125741436
1,A_270_L,1.1757064280880027,-2.34872732419193
1,A_270_M,1.0906240439344852,-3.9650800496166148
1,A_270_N,0.9196277252104428,-2.9605542000331138
1,A_270_P,0.0595609620237131,-2.862394435560868
1,A_270_Q,0.9640065583827588,-4.455702966065096
1,A_270_R,1.0519716800630463,-3.4612173866058744
1,A_270_S,1.0997219979709325,-3.0001935359237235
1,A_270_T,0.9572249237265468,-3.4674016982146614
1,A_270_V,0.9965664195065728,-2.487658642842506
1,A_270_W,0.326472157894682,-3.897993756400243
1,A_270_Y,0.4890354202076113,-3.6127000299607643
1,T_271_A,1.0180601951688772,-2.729315030735237
1,T_271_C,0.8214740270593939,-4.714804166071219
1,T_271_D,1.1395512950389175,-2.9533918532324455
1,T_271_E,1.0482703712376065,-3.5212111326206994
1,T_271_F,0.4038075714077351,-2.4308701897032643
1,T_271_G,1.0894249902986153,-2.3278379638050293
1,T_271_H,0.917101848934018,-3.6625393751388353
1,T_271_I,0.7052544977036304,-2.917624629373817
1,T_271_K,0.9825024204331888,-3.6493440847200063
1,T_271_L,0.7556687493910597,-1.9732631256434117
1,T_271_M,0.8822704476335896,-3.616191877403102
1,T_271_N,0.9467929486742866,-2.862420075026721
1,T_271_P,1.160392492407092,-2.959949253778608
1,T_271_Q,1.0286397901381297,-4.046417535191923
1,T_271_R,0.8787141716583288,-3.3016985475006626
1,T_271_S,1.0981406651279002,-2.8787504766121517
1,T_271_T,1.087167976986938,0.0
1,T_271_V,0.6796236048918957,-2.151109776354386
1,T_271_W,0.220501116602733,-2.529730406517504
1,T_271_Y,0.445200422406709,-3.019986642035385
1,M_272_A,0.6459591628601077,-1.0770106772552126
1,M_272_C,0.1743720683304411,-3.0272231418525894
1,M_272_D,0.242908834554702,-2.031663875913276
1,M_272_E,0.3091701341347543,-2.458166574314098
1,M_272_F,0.8997249070246787,-1.9987541418244772
1,M_272_G,0.4127198884042083,-1.4299311277205928
1,M_272_H,0.5838083970129573,-2.606449914511768
1,M_272_I,0.8430703147287211,-1.7021194581005823
1,M_272_K,0.3328418774088324,-2.544970890530654
1,M_272_L,0.968657041365903,-1.4584395652913529
1,M_272_N,0.4388716143350566,-1.9441569587747536
1,M_272_P,0.4009440590627076,-1.3550088232743136
1,M_272_Q,0.525135949191687,-2.8624933783722017
1,M_272_R,0.3526834705274001,-2.0656936244995867
1,M_272_S,0.4664773271678684,-1.753131339794564
1,M_272_T,0.5249809095728124,-2.1300270384679445
1,M_272_V,0.6525339488325735,-1.089683657923809
1,M_272_W,0.6271293158432449,-3.139988605516989
1,M_272_Y,0.5109198407305671,-2.248322920948226
1,D_273_A,1.1422044153246766,-2.771530991185613
1,D_273_C,0.8874340822664979,-5.265955047960504
1,D_273_D,1.0991832056746382,0.0
1,D_273_E,1.2695188941163853,-3.6780589793011624
1,D_273_F,0.9400880978930006,-3.213514108099175
1,D_273_G,1.0828338303267728,-2.656608756998519
1,D_273_H,1.0379413080352051,-3.8776136032188906
1,D_273_I,1.02358851610421,-3.116291881823225
1,D_273_K,0.9582445989959544,-3.6847816936960363
1,D_273_L,1.000343074241683,-2.5546315215133246
1,D_273_M,0.9315085178951086,-4.403549404581331
1,D_273_N,1.0072591189682538,-3.044437778055241
1,D_273_P,0.7114093626994528,-2.12159080758186
1,D_273_Q,0.991159309783412,-4.006190884006156
1,D_273_R,0.90862749475576,-3.67471449457831
1,D_273_S,1.0698939987157643,-3.0426615786539863
1,D_273_T,0.9837365198625092,-3.3741771756352685
1,D_273_V,1.0375039769711751,-2.6718019997232947
1,D_273_W,0.7412390880190505,-3.749207798443177
1,D_273_Y,1.0639570157583815,-3.4962959257331163
1,E_274_A,0.9885568681984216,-2.021931976218589
1,E_274_C,0.9991546255210292,-4.342584902622589
1,E_274_D,1.217684065165496,-2.2542055221377115
1,E_274_E,1.3092139379964094,0.0
1,E_274_F,0.9400880978930006,-2.4926955251665293
1,E_274_G,0.553755438073708,-1.612315612261716
1,E_274_H,0.7585645551405479,-3.427399754056184
1,E_274_I,0.9557318923675256,-2.530770066581182
1,E_274_K,1.0836034309826623,-3.007293095955072
1,E_274_L,0.8425644005963966,-1.4351707359019026
1,E_274_M,1.0639570157583815,-3.4185891243740256
1,E_274_N,0.5363861409076381,-2.5398363118189344
1,E_274_P,0.0452078421335786,-1.6371162998562452
1,E_274_Q,0.9885568681984216,-3.116212909983023
1,E_274_R,0.9206258559624366,-2.617453305749984
1,E_274_S,0.978070840415222,-2.3755884588275675
1,E_274_T,1.156943865118821,-2.5253695134011833
1,E_274_V,0.9801122325260488,-1.9588527396119504
1,E_274_W,0.4257300605334929,-3.416398542994206
1,E_274_Y,0.4510451830810065,-2.6648173219976456
1,R_275_A,0.8957585826031875,-1.9037381427283606
1,R_275_C,0.5257172090636615,-3.268573392688263
1,R_275_D,0.3379022510446643,-2.5455477625055805
1,R_275_E,0.2236694101338158,-2.8718115597084024
1,R_275_F,0.0913203922494165,-2.5608022955986467
1,R_275_G,0.4514123726401038,-2.048781826593636
1,R_275_H,0.3749260223021649,-3.007676675679148
1,R_275_I,0.8814867973903835,-2.804218268575874
1,R_275_L,0.9984353134702896,-1.735084901534475
1,R_275_P,0.166924180968724,-2.1409240511656096
1,R_275_Q,0.8514601210669859,-3.234498545803765
1,R_275_R,0.9650889788730675,0.0
1,R_275_S,0.7299091778538997,-1.9672442915303059
1,R_275_T,0.8953197191226565,-2.2239641383781192
1,R_275_V,0.7994622772423704,-2.0477588086016016
1,R_275_W,0.0439319658007952,-3.729261791559626
1,R_275_Y,0.0487324601761994,-2.660391472090253
1,N_276_A,0.1918447070015735,-2.463519247219219
1,N_276_C,0.1035221124100084,-4.8321387479424205
1,N_276_D,0.7012549072723295,-2.571124432730869
1,N_276_E,0.2896645153381722,-3.0915675255678075
1,N_276_F,0.0050055852268628,-2.957117437426213
1,N_276_G,0.2203716993475958,-2.377115304306627
1,N_276_H,0.1005773858639904,-3.5992468436444325
1,N_276_I,0.0382557619105241,-3.8364503805269417
1,N_276_K,0.0147559014246874,-2.9812821820172246
1,N_276_L,0.0108062581834129,-2.3095287339655384
1,N_276_M,0.030868878225626,-3.737526464607659
1,N_276_N,0.0079106440165151,0.0
1,N_276_P,0.002927328499158,-2.6249836024035975
1,N_276_Q,0.1505183063790961,-3.7680476536425465
1,N_276_R,0.0237051423481421,-2.8248494688484627
1,N_276_S,0.2035556070028565,-2.8073051591975524
1,N_276_T,0.5016847072882731,-2.9183913015960457
1,N_276_V,0.0699248888960327,-2.5200184217973716
1,N_276_W,0.0033260160979179,-3.951195998412496
1,N_276_Y,0.0053287426168404,-3.4309852724187797
1,R_277_A,1.0379413080352051,-2.215814314614918
1,R_277_D,0.7994622772423704,-2.3663540873525895
1,R_277_E,1.123508365455534,-2.9396008174423
1,R_277_G,1.1042071642076043,-2.0670475340485197
1,R_277_I,0.7506398913112158,-3.2272828898940817
1,R_277_K,1.4319795270734437,-2.8379589979653
1,R_277_L,0.9400880978930006,-1.9639706457818338
1,R_277_Q,0.8514601210669859,-3.218587182926526
1,R_277_R,1.2197029789130265,0.0
1,R_277_S,0.7925439611752396,-2.4058948517167975
1,R_277_T,1.0125624341139372,-2.16372726439789
1,R_277_V,0.8514601210669859,-2.3271333741993088
1,R_277_Y,1.0125624341139372,-2.971772199806848
1,Q_278_A,1.0991832056746382,-1.7333648209516535
1,Q_278_D,0.1175110122366251,-1.9229998110741533
1,Q_278_E,1.0727722818152765,-2.8589118395356374
1,Q_278_G,0.6452861056120898,-1.5269048912535725
1,Q_278_H,0.978070840415222,-2.973562402100555
1,Q_278_I,0.8514601210669859,-2.9104137352520407
1,Q_278_K,0.9932528042722056,-2.5017086335666567
1,Q_278_L,1.2835289770033482,-1.4746009501403996
1,Q_278_P,0.1310337964047006,-2.005593264818433
1,Q_278_Q,1.155094484888591,0.0
1,Q_278_R,0.8807416923721855,-2.556803287373631
1,Q_278_S,0.8514601210669859,-2.1697355444051833
1,Q_278_T,1.5615847472919293,-1.9198958251365614
1,Q_278_W,1.3516090041786577,-3.2229738802353776
1,Q_278_Y,0.978070840415222,-2.866869441208949
1,I_279_A,0.0107233528158068,-1.9051321841229485
1,I_279_C,0.1869881650884717,-4.223091444366582
1,I_279_D,0.000941064916408,-2.1424768820243836
1,I_279_E,0.0015447915215133,-2.825128339412316
1,I_279_F,0.985924355937279,-2.2293816889707507
1,I_279_G,0.0018616551450257,-2.017555130867677
1,I_279_H,0.0043715998496178,-2.9289432597083636
1,I_279_I,1.2157948953749145,0.0
1,I_279_K,0.0009370572846794,-2.981795717886671
1,I_279_L,0.7912079715237285,-1.4709569701323533
1,I_279_M,0.917101848934018,-3.0520493178536627
1,I_279_N,0.0015282114251328,-2.805598712390832
1,I_279_P,0.0008315040244794,-2.1710162743807677
1,I_279_Q,0.0025626711356688,-3.3460589850365015
1,I_279_R,0.0008315040244794,-2.7050278056155688
1,I_279_S,0.0023250572678509,-2.159025723048856
1,I_279_T,0.0378405237307854,-2.0734058580619132
1,I_279_V,0.9507262282729044,-1.5736920709457056
1,I_279_W,0.0143691832064131,-3.3286335683226413
1,I_279_Y,0.1771821122783005,-2.5544106983696238
1,A_280_A,1.0206221566738736,0.0
1,A_280_C,0.8946776405352632,-5.011007664236486
1,A_280_D,0.223457886320109,-3.0595264701317055
1,A_280_E,0.5899231240013512,-3.634537943545101
1,A_280_F,0.9557318923675256,-3.4854372694001627
1,A_280_G,0.7320742406021682,-2.851093769334066
1,A_280_H,1.108772104667137,-3.9738350408018692
1,A_280_I,0.390859732457696,-4.162912037552481
1,A_280_K,0.9400880978930006,-3.409421727085061
1,A_280_L,0.5036295594841269,-2.776617676432582
1,A_280_N,0.7006475793378152,-3.4264579142376306
1,A_280_P,0.0026454624704929,-2.776617676432582
1,A_280_Q,0.978070840415222,-4.0802962720358815
1,A_280_R,1.0468740393757408,-3.1826810495899993
1,A_280_S,1.149051027070752,-3.294646212492632
1,A_280_T,0.8014635791087339,-3.1285193416186594
1,A_280_V,0.7570806322860939,-2.8344799686714115
1,A_280_Y,0.7994622772423704,-3.608092421880546
1,E_281_A,0.9290569028845586,-2.214719171607666
1,E_281_C,0.4700440489465006,-4.976184308628805
1,E_281_D,0.9417825303379578,-2.0731108655574984
1,E_281_E,0.9827578356702972,0.0
1,E_281_F,0.5261575878840151,-2.570276172445057
1,E_281_G,0.8298795527866466,-1.9482333144946242
1,E_281_H,0.5363861409076381,-3.0742088739036784
1,E_281_I,0.9820666650730924,-3.1453743245288597
1,E_281_K,0.834277282720216,-2.819085475298344
1,E_281_L,0.9006833309167258,-1.875932580974704
1,E_281_M,0.8036715222355014,-3.0214635298913177
1,E_281_N,0.9231761555498827,-2.6923581399907603
1,E_281_P,0.0068317593245949,-2.220327711267276
1,E_281_Q,0.8281768992800671,-3.194802990369444
1,E_281_R,1.0125624341139372,-2.490540467506259
1,E_281_S,0.813985988811693,-2.5250266435774256
1,E_281_T,1.0985936565314256,-2.3963698125763884
1,E_281_V,0.8921256765877753,-1.8899805743886935
1,E_281_W,0.2831769742629436,-3.4613488618859605
1,E_281_Y,0.506281217056969,-2.819085475298344
1,I_282_A,0.0076591545561126,-1.825747703190267
1,I_282_C,0.0518423478335046,-4.341885043096741
1,I_282_D,0.0010136145586281,-1.9606568227835763
1,I_282_E,0.0008980739504008,-2.84796001778448
1,I_282_F,0.0635005486260298,-2.0622894683273865
1,I_282_G,0.0008315040244794,-2.0798852302177666
1,I_282_H,0.0008315040244794,-3.0714224975019695
1,I_282_I,1.2136688762635883,0.0
1,I_282_K,0.0008831633148435,-2.6036142588196682
1,I_282_L,0.7332605694073897,-1.3770220892281781
1,I_282_M,0.6235481470358542,-2.8178069796137937
1,I_282_N,0.0008315040244794,-2.2956595514254303
1,I_282_P,0.0008315040244794,-2.0864153810573445
1,I_282_Q,0.0010905826819488,-3.0493395812142206
1,I_282_R,0.0008481351912595,-2.2681415225315353
1,I_282_S,0.0013199306681432,-2.0308133362253686
1,I_282_T,0.0241433029062992,-1.8882384524735965
1,I_282_V,0.6312103937500395,-1.5872115259101827
1,I_282_W,0.0062629338943385,-3.3942718400935403
1,I_282_Y,0.0017711719153714,-2.6350729666374573
1,G_283_A,0.8671340049319117,-2.4246007955608175
1,G_283_C,0.632632626598465,-5.074287595885814
1,G_283_D,0.0014477325937872,-2.3615241103314784
1,G_283_E,0.0144421752712326,-3.3104740570482942
1,G_283_F,0.1553361873760809,-2.610601901580672
1,G_283_G,1.0790658190632707,0.0
1,G_283_I,0.1027157176849721,-3.294409454544488
1,G_283_K,0.0014477325937872,-3.2785988485178414
1,G_283_L,0.0926548860023813,-1.9525819472598491
1,G_283_M,0.1175110122366251,-3.3461921396503707
1,G_283_N,0.0320671926293467,-2.893825651890741
1,G_283_Q,0.018814788297387,-3.2376200035541642
1,G_283_R,0.0022425927459272,-2.706180213844038
1,G_283_S,0.8198693122881583,-2.7300619458474236
1,G_283_T,0.3957737592769802,-2.5776391282211026
1,G_283_V,0.123154125883539,-2.094028751466758
1,G_283_W,0.039539539162404,-4.107333689367687
1,G_283_Y,0.0400770427262726,-2.96288207394808
1,A_284_A,1.21467795566061,0.0
1,A_284_C,0.9285238460796446,-5.163958564045191
1,A_284_D,1.1459800005344287,-2.9450411620976986
1,A_284_E,1.3163853414734008,-3.4496865902954976
1,A_284_F,0.7412390880190505,-3.407917177419203
1,A_284_G,0.9670643965150012,-3.2790843055762338
1,A_284_H,1.06480693062827,-3.8944198060449793
1,A_284_I,1.1798462480027014,-4.0719469594084226
1,A_284_K,1.226312670169608,-3.430906695643902
1,A_284_L,0.903580390378363,-2.5735269384394552
1,A_284_M,1.482478176038101,-3.9456158194362887
1,A_284_N,1.0727722818152765,-2.9956570261782076
1,A_284_P,0.0029724096358167,-3.0820529554101848
1,A_284_Q,1.2289471428920382,-3.4580150144019797
1,A_284_R,1.1000551600680728,-2.9287229567943536
1,A_284_S,1.1321945362499315,-3.3377129187459538
1,A_284_T,0.9150400956825,-2.8567787796728226
1,A_284_V,1.123508365455534,-2.8528572060196415
1,A_284_W,0.9020903661620132,-4.191386996272438
1,A_284_Y,0.7994622772423704,-3.495755342384828
1,S_285_A,1.248669668054092,-1.8722626880771265
1,S_285_C,0.963120934323961,-5.17651812454706
1,S_285_D,0.506281217056969,-1.9251330211135569
1,S_285_E,1.1907593414534388,-2.416233043502626
1,S_285_F,1.7029202421339718,-2.8189508971356525
1,S_285_G,0.4543978351389668,-2.639548549077429
1,S_285_H,1.0727722818152765,-3.3614809704496524
1,S_285_I,1.1126315083498313,-2.984136171686623
1,S_285_K,1.1724682589350868,-2.7727115044856236
1,S_285_L,0.9588917526502794,-1.8887653769426818
1,S_285_M,0.9196277252104428,-3.2997117670608853
1,S_285_N,0.9622487964172488,-2.7062102741802057
1,S_285_P,0.0391499389121173,-2.827215406985548
1,S_285_Q,1.0862542838735652,-2.5778623292036045
1,S_285_R,1.0379413080352051,-2.0697890750210366
1,S_285_S,1.096477240667147,0.0
1,S_285_T,1.177641866307883,-2.283131591982797
1,S_285_V,1.226312670169608,-1.7488622813454655
1,S_285_W,0.4257300605334929,-3.7450633673083074
1,S_285_Y,1.2041464510327688,-2.6065645865009404
1,L_286_A,0.5873518338890722,-3.0681301939894547
1,L_286_C,0.8581173545355156,-6.671106304468217
1,L_286_D,0.0031874255423515,-3.559218334917123
1,L_286_E,0.0622327093474839,-3.9794499131415924
1,L_286_F,0.4890354202076113,-3.833598036129028
1,L_286_G,0.0458465462748769,-3.670507841262957
1,L_286_H,0.0099982399519941,-4.721717891036494
1,L_286_I,1.0078310897555127,-4.273211031669756
1,L_286_K,0.0117722987233581,-4.134703128912953
1,L_286_L,0.9270074681408216,0.0
1,L_286_M,1.1042071642076043,-4.518210314239141
1,L_286_N,0.0363762054235354,-3.6429776765203767
1,L_286_P,0.0012220905217272,-3.9015710197152345
1,L_286_Q,0.2738046525708575,-3.8774006587874217
1,L_286_R,0.0019530418330766,-3.4799276012105906
1,L_286_S,0.2602164128970171,-4.102411624276427
1,L_286_T,0.6526085829414474,-3.5022409001745824
1,L_286_V,1.0319906262877698,-3.23162673623495
1,L_286_W,0.0062376891166143,-5.1324049431258105
1,L_286_Y,0.0234328763938852,-4.004555834272666
1,I_287_A,0.5324034653141351,-1.826361014956761
1,I_287_C,0.6183402682695087,-4.8295872623081655
1,I_287_D,0.0030364976471064,-2.11448235822606
1,I_287_E,0.0479611767503934,-2.418902046976153
1,I_287_F,0.8603143854585891,-2.6512218047090363
1,I_287_G,0.0566219351413486,-2.493071119548433
1,I_287_H,0.1916770967478362,-3.9810259778741846
1,I_287_I,0.766027912249739,0.0
1,I_287_K,0.1754984101959941,-3.1583801464852947
1,I_287_L,0.7976179965884044,-1.4577245192235395
1,I_287_M,0.8830964174423163,-3.1567176357116815
1,I_287_N,0.0373932030668426,-2.698410046229138
1,I_287_P,0.0125933233420295,-2.892566060670095
1,I_287_Q,0.349522653002836,-2.8283464679358
1,I_287_R,0.2640690024111546,-2.1898980211394887
1,I_287_S,0.3270148070213771,-2.6755637773779664
1,I_287_T,0.6215243704237534,-2.506852560751442
1,I_287_V,0.9706579280577392,-1.8940372305589661
1,I_287_W,0.371738203515381,-3.817182168841271
1,I_287_Y,1.260546087777769,-2.863651412750553
1,K_288_A,1.0823483248002468,-1.1005422323338243
1,K_288_C,0.7440991967310879,-4.171787740198007
1,K_288_D,1.1747036677781435,-1.6921030343911532
1,K_288_E,1.3025546167009106,-1.70580910029552
1,K_288_G,0.8403969706057983,-2.0730032356750367
1,K_288_H,0.8514601210669859,-3.6015146577885915
1,K_288_I,0.906839957812812,-2.633577337052273
1,K_288_K,1.245217594302574,0.0
1,K_288_L,1.0906240439344852,-1.2727728861458167
1,K_288_M,0.8514601210669859,-2.964694808535823
1,K_288_N,0.978070840415222,-2.4247641648113385
1,K_288_P,0.0278915489521172,-2.4445667921075183
1,K_288_Q,1.0379413080352051,-2.3213663583213604
1,K_288_R,1.123508365455534,-1.8144777475147105
1,K_288_S,1.1190246888694084,-2.3019104917059936
1,K_288_T,1.1781137701756723,-2.0077465816520226
1,K_288_V,0.8435215704922118,-1.111907646820258
1,K_288_W,0.7476893385478022,-4.147095127607647
1,K_288_Y,1.1459800005344287,-2.58895050956108
1,H_289_A,0.6159127362650006,-0.0911542433097825
1,H_289_C,0.8868947838272773,-3.6374195902248982
1,H_289_D,0.3974476813621948,-1.07735067192825
1,H_289_E,0.8016552606427397,-1.0618163789660642
1,H_289_F,1.2552814462400124,-1.2914840563572172
1,H_289_G,0.5810478440758939,-1.4124539829421194
1,H_289_H,1.2213010491286704,0.0
1,H_289_I,0.0747287327042505,-1.5731238143530373
1,H_289_K,0.5934415583921931,-2.489414546227191
1,H_289_L,0.6284700358230668,-0.38224845653249995
1,H_289_M,0.7065090111598252,-2.1403993857586046
1,H_289_N,1.137394605264508,-1.6612310818633031
1,H_289_P,0.0121180037438616,-1.9992835137040368
1,H_289_Q,0.8301908098542217,-1.4472522051986565
1,H_289_R,0.888093738563362,-1.1249429237442832
1,H_289_S,0.7821742064637162,-1.6403969949604624
1,H_289_T,1.2808059070167497,-1.1939724447337223
1,H_289_V,0.6128695220664508,-0.5573694373090494
1,H_289_Y,1.0125624341139372,-1.2061407364682846
1,W_290_C,0.0024289061571203,-2.8097342420307307
1,W_290_D,0.0114323109034954,-0.2679877816488552
1,W_290_E,0.0171386331618119,-0.047520252616497505
1,W_290_F,0.1729001309346074,-0.4831280529796582
1,W_290_G,0.0055936700276306,-0.5608596551402338
1,W_290_H,0.0769425720122069,-2.6297088974971374
1,W_290_I,0.138596513083392,-0.9358171542245111
1,W_290_K,0.0116944179352088,-1.7296410011298566
1,W_290_L,0.0973732203852934,0.3321218243811863
1,W_290_M,0.4087206007903393,-1.3451630221863584
1,W_290_N,0.0444630851687158,-0.9680202947191452
1,W_290_P,0.019030995846899,-1.2188153773638661
1,W_290_Q,0.0415464168083064,-0.4799981599707306
1,W_290_R,0.0129389545694103,-0.21866464632461557
1,W_290_S,0.0045481251440457,-0.8347616665641961
1,W_290_T,0.0036885373675837,-0.33134727017832644
1,W_290_V,0.0056586654733282,0.03127379274710185
1,W_290_Y,0.3914225741332492,-0.5289445863484654
